date,kse_ff_mcap_logdiff,kse_avg_price_logdiff,kse_volume_log1p_diff,kse_weight_sum_centered,kse_constituent_mean_log_return
2020-01-01,,,,0.0,
2020-01-02,0.02806375724424029,0.020399581307320426,1.0090764139481117,-0.010000000000005116,0.025610755718074377
2020-01-03,-0.0033246464453496336,-0.00392228817423897,-0.14453763735049208,-0.010000000000005116,-0.0047990574737643895
2020-01-06,-0.024150455678232968,-0.025300236979270283,-0.3043269380201217,0.0,-0.030959323919630403
2020-01-07,0.01681605808816075,0.017394700602526708,-0.310817956584998,-0.030000000000001137,0.01587992539497255
2020-01-08,-0.013546671691377257,-0.006848961822345456,0.47693461169468065,0.010000000000005116,-0.01803213554970156
2020-01-09,0.0303674230980841,0.03112571526475626,0.22943088468407424,0.0,0.036252248964424263
2020-01-10,0.018870734113142173,0.011881543839160546,0.33471698823413476,-0.01999999999999602,0.019312429602830288
2020-01-13,-6.867114599751672e-05,-0.0002518182515086543,-0.4306455886775922,0.01999999999999602,0.002111184293632913
2020-01-14,-0.00012224246797224076,0.0002815426105357823,-0.3756393518235477,-0.01999999999999602,-0.0033073689860391733
2020-01-15,-0.004927257141349723,-0.005224049465650475,-0.11731373726183492,-0.01999999999999602,-0.003178272105794313
2020-01-16,0.0016887351753471554,0.00027766599068783935,0.32314951621338395,-0.010000000000005116,0.004900756712563261
2020-01-17,-0.00011792521788961478,0.0033189868623046937,-0.2478325390660956,0.010000000000005116,0.0013654365353227267
2020-01-20,-0.009972698900139252,0.004386163553026274,-0.07827453617350244,0.0,-0.01243957529809564
2020-01-21,-0.00385246318648394,-0.0031015249565671072,-0.07020472039170045,-0.009999999999990905,-0.0031011009041800666
2020-01-22,0.0008443158904897867,0.005435288947279838,0.06392902626899755,-0.01999999999999602,0.0014853961630846534
2020-01-23,-0.0005490328572142756,-0.0011836174816578506,0.2692266633523914,-0.010000000000005116,0.0002766957388606167
2020-01-24,0.003961725997787685,0.002808807408605647,-0.5315622391320964,-0.010000000000005116,0.004200405073747266
2020-01-27,-0.0034881564294569787,-0.004932383554336959,0.12040858289507739,-0.01999999999999602,-0.0005945159290679567
2020-01-28,-0.0074459328560548,-0.007779522425124355,-0.037335129233849074,0.0,-0.004887366308532897
2020-01-29,-0.010181263189828461,-0.00924025500252205,-0.13623657548601642,-0.01999999999999602,-0.010316446131269806
2020-01-30,0.001728778832448272,-0.0022038067224351716,0.10604822869091635,0.0,-0.0003820295353513199
2020-01-31,-0.01032284839165439,-0.013012128221619158,-0.02145171466661111,0.010000000000005116,-0.010810554569553526
2020-02-03,-0.03358224200535126,-0.03667151611672865,0.39714396481750214,0.030000000000001137,-0.03500784082790023
2020-02-04,0.014758336843362209,0.01302620837297179,-0.45079449470047805,0.0,0.014724354181161645
2020-02-06,-0.00412062239818677,-0.002520647906329412,-0.08214931052544472,0.0,-0.0008249793201449034
2020-02-07,-0.013933678778206345,-0.018525653580643855,0.6028748140781808,0.010000000000005116,-0.023474683137710763
2020-02-10,-0.019913168310791467,-0.02959122323798769,-0.3008605661872714,0.04000000000000625,-0.027861529833912994
2020-02-11,0.010902220784302018,0.017368578085083408,-0.14608564528780477,0.01999999999999602,0.01535746698222532
2020-02-12,0.021847903311124194,0.025648806998607214,0.09934181491004779,0.0,0.022650678490998558
2020-02-13,-0.0021197824389577683,-0.004976094673076498,0.017104813168504762,-0.030000000000001137,-0.002102014074963874
2020-02-14,-0.002936409789254937,-0.007523120660020552,-0.6398986418231587,0.020000000000010232,-0.009386206548559227
2020-02-17,0.00028918327875082194,0.000783089818625554,0.05855302808024021,-0.010000000000005116,0.0015106720268375498
2020-02-18,-0.0004851502083282142,-0.003655270415086377,0.024717736735123452,0.01999999999999602,-0.004984494407421947
2020-02-19,0.01059715886530317,0.01240251482659037,0.3400377109400132,-0.01999999999999602,0.015676848660888473
2020-02-20,-0.0038083579261938595,-0.006903007597184647,-0.08548175329681484,-0.010000000000005116,-0.0016218642588522732
2020-02-21,-0.006435710089245367,-0.006742966473584228,-0.28905615689295416,0.030000000000001137,-0.005691660361454133
2020-02-24,-0.030014596321006795,-0.02404635938904049,0.27972626693617286,0.01999999999999602,-0.03320571143901146
2020-02-25,-0.009639564991349365,-0.0019136015952275903,0.06399251088169677,-0.010000000000005116,-0.00247401496659331
2020-02-26,-0.012991405989318605,-0.009874162758393652,0.01586644332108378,-0.010000000000005116,-0.011765858481600973
2020-02-27,-0.00388408197802968,-0.004825185148697855,0.5942481250842562,0.0,-0.009066260262993987
2020-02-28,-0.005796755404010526,-0.007595203439518543,-0.041616083143591,-0.010000000000005116,-0.004155139134937017
2020-03-02,0.0352704337884749,0.03349135524538681,0.02322207803296905,0.01999999999999602,0.03587991993311902
2020-03-03,-0.004405892185698664,-0.007562732649727604,0.02030298645574291,0.010000000000005116,-0.0003675380153431731
2020-03-04,-0.009430823346269459,-0.011704775225811903,-0.15533409493330552,-0.01999999999999602,-0.010713861972981544
2020-03-05,0.012569457696281249,0.013943336374322884,0.4436328876977953,-0.009999999999990905,0.019488093506988984
2020-03-06,-0.039669532734451535,-0.016264347849076374,-0.07170601948744704,0.01999999999999602,-0.03401264029969409
2020-03-09,-0.040642832296771576,-0.03445610886442355,0.2023463801375982,-0.010000000000005116,-0.029358977886702706
2020-03-10,0.01580742413639795,0.01618289904602923,-0.028004847244158526,0.010000000000005116,0.02085620356223358
2020-03-11,-0.001401754228844469,-0.008378872936259295,-0.35587869978336073,0.030000000000001137,-0.00793048148889303
2020-03-12,-0.05690488453056581,-0.05518780101714371,0.1570829869222763,0.009999999999990905,-0.05700800068325715
2020-03-13,-0.008784381636695551,0.0307819769975782,0.11015684108839352,-0.01999999999999602,0.00619736558332514
2020-03-16,-0.07361359071698692,-0.07082944151323331,-0.5349811583563095,-0.010000000000005116,-0.07385252980050365
2020-03-17,-0.03727162178422978,-0.032806657906951975,0.23322556144843887,0.010000000000005116,-0.026321109811000776
2020-03-18,-0.07780015635771363,-0.07674379285798269,-0.5728747171371893,0.0,-0.07898821863130906
2020-03-19,-0.002985042304746672,-0.011959545222813785,0.83304496414544,-0.020000000000010232,-0.018617313491805385
2020-03-20,0.024481525662233803,0.02296160538404827,-0.2112696851222573,-0.01999999999999602,-0.00106725290561662
2020-03-24,-0.07754911492453438,-0.07751072466626108,-1.6081393793856478,-0.01999999999999602,-0.07873333905785539
2020-03-25,-0.05691724500691376,-0.06342528562171662,1.2322799179710344,-0.010000000000005116,-0.06026220493209719
2020-03-26,0.0038255348942917706,-0.002200561876095859,0.013741913887514556,0.0,-0.007680212125266486
2020-03-27,0.036455620717730376,0.029806420132288833,-0.3108762459528016,0.0,0.03962919935597505
2020-03-30,-0.0028581838334084523,0.0025730397512824695,0.03477894475879495,0.0,0.0038191564111989067
2020-03-31,0.04583119531434691,0.05591616662332375,0.5283840505912067,0.0,0.05315571513898834
2020-04-01,0.0046610757213360774,0.02264952999422071,-0.08359549409201605,0.0,0.008372730383446613
2020-04-02,0.04727853691044064,0.0528408849898715,0.21508410566508118,-0.010000000000005116,0.0554643868371372
2020-04-03,0.03395432671110253,0.038167004076200335,-0.048038018315953224,0.0,0.038026411845046994
2020-04-06,-0.03549602138953256,-0.039103722921832354,-0.09514338476969897,-0.010000000000005116,-0.04345495921649735
2020-04-07,0.02481091481281015,0.02217693761708786,-0.12364795678398366,0.0,0.024431458647475056
2020-04-08,-0.010721912339967193,-0.011287754137587596,-0.17955142098363197,0.030000000000001137,-0.013216309543546339
2020-04-09,0.03074245958155587,0.03535036456374173,0.2212117490727188,0.0,0.036364106459550315
2020-04-10,0.004162212837899544,-0.0009478955826659962,-0.501020217629577,0.010000000000005116,0.010615029327804493
2020-04-13,-0.03444333858417081,-0.0334024641583823,0.23264124043065948,0.0,-0.0372682294707846
2020-04-14,0.006923911866156493,0.01797540641976227,-0.22115292357269922,0.04999999999999716,0.012837226603195024
2020-04-15,-0.004218624613498866,-0.009327634432983956,0.5188402965002155,0.0,0.00011221467567799
2020-04-16,-0.001090928667286617,0.0032328005921572122,-0.466528791535854,-0.010000000000005116,-0.0025158747370373335
2020-04-17,0.04697717750376648,0.05435900491471353,0.4555796776101282,0.009999999999990905,0.052978282601905145
2020-04-20,0.027662279895640553,0.033462254951324794,0.7133359216684028,0.04999999999999716,0.024588422693257315
2020-04-21,-0.039835860297628714,-0.04489902771377766,-0.03598680052217773,-0.010000000000005116,-0.038471003856126104
2020-04-22,-0.0005050354422097073,-0.004348072298213191,-0.36766617665049495,-0.010000000000005116,0.0028315211592835564
2020-04-23,0.013851892395436964,0.01913087665471372,-0.21356907196100394,0.030000000000001137,0.008661906064384127
2020-04-24,-0.00015049131507187104,0.001064309094539965,-0.747422454426669,-0.010000000000005116,-0.00553275478137082
2020-04-27,-0.016504242742769855,-0.02682435521894862,0.18780316910937245,0.0,-0.017784248008938852
2020-04-28,0.00667495872496762,0.00903811273566348,0.2257647009906094,0.0,0.007838144813283838
2020-04-29,0.02047118018152318,0.028236461296420864,0.016538313769746793,0.01999999999999602,0.01851588896054499
2020-04-30,0.03407228812879865,0.045719857924295566,0.6214401373590661,0.010000000000005116,0.036919013341356874
2020-05-04,-0.00835824465187375,-0.010735559479179068,-0.3387087349204023,-0.01999999999999602,-0.0024440117208226696
2020-05-05,0.0034437303527840787,0.0063361336753204114,-0.0317771215457725,-0.010000000000005116,0.004443742969373867
2020-05-06,-0.01096807369610292,-0.007188495761369927,-0.3150118186684132,-0.010000000000005116,-0.006446445554839887
2020-05-07,-0.014233482094995758,-0.01037712235367683,0.013313261792418984,-0.010000000000005116,-0.017970598229940023
2020-05-08,-0.0010039033860323038,-0.0022910349032158905,-0.6376935919142497,-0.010000000000005116,0.00018673043481517345
2020-05-11,-0.0008054152406568491,0.0037743099731302647,0.1781816506819034,0.01999999999999602,0.005975176273791513
2020-05-12,0.01258519432243414,0.009125998056178756,0.715464155960067,0.0,0.012861573468465236
2020-05-13,0.0002568251016701311,0.008409626645245513,0.0660195460655082,-0.010000000000005116,0.0020961242211548097
2020-05-14,0.0014749733858142175,0.014492073936784535,-0.34683263108594886,0.0,0.004046531433978343
2020-05-15,0.005725662394864677,0.011809635287922997,-0.20064171229255834,0.010000000000005116,0.00296161843556672
2020-05-18,-0.006989115988624185,-0.006738604425962638,0.346160110708464,0.0,-0.006643762668530007
2020-05-19,0.008287922221109037,0.006567378878692837,0.15815997200259346,-0.010000000000005116,0.007348138860245946
2020-05-20,-0.008594880037395076,-0.010243112921012378,-0.6271697747468252,-0.010000000000005116,-0.009294591945070053
2020-05-21,-0.0032303913567836916,-0.0018181860671251924,0.06444108034855844,-0.030000000000001137,-0.00740428538960967
2020-05-28,-0.006735248417589059,0.00045795008319379294,0.3833960850226852,-0.010000000000005116,-0.00020951396782355666
2020-05-29,0.006430266112266429,0.0023874299514331323,0.1439669888681685,0.0,0.00574981733420805
2020-06-01,0.007604533345128592,0.00014606814413473194,-0.13438105737824912,0.0,0.006014971142826048
2020-06-02,0.014423707345207893,0.007623456393384112,0.1909674716608194,0.010000000000005116,0.012028944560845856
2020-06-03,0.00010396892536324381,-0.002645228379839358,-0.37932966814937785,0.0,-0.0008510932156959134
2020-06-04,-0.010512818706630794,-0.006114418686455198,-0.1785813296476242,0.0,-0.010285601891108973
2020-06-05,0.005714745902688598,0.009447404300824176,-0.6013355288171773,-0.010000000000005116,0.006295730081469413
2020-06-08,0.011253373834716843,0.013533969558920635,0.9384074346839775,0.010000000000005116,0.012765176480773526
2020-06-09,0.0011693966213662268,-0.0008799352194488633,0.2196310532423844,0.01999999999999602,0.005659122983523143
2020-06-10,0.008091602712577235,-0.0017581606753232252,-0.21976225483641443,0.010000000000005116,0.0077803396483868735
2020-06-11,0.0012051115910272168,0.0037303930961145896,0.08696714659560101,0.0,0.00339630843222819
2020-06-12,-0.019193907458364932,-0.014660949419039494,-0.4522099715654413,-0.01999999999999602,-0.017853778712960733
2020-06-15,-0.02526628272611482,-0.024011369630403418,0.23477140575313626,0.0,-0.025721583303564114
2020-06-16,0.0056523757337032885,0.006828993103439153,-0.368739709915026,0.0,0.0063788939631941
2020-06-17,-0.007756542008325804,-0.006987828422896399,0.1580856037955236,-0.010000000000005116,-0.010621738393495504
2020-06-18,-0.011788254217031655,-0.012622040366470338,-0.26652391918979745,-0.009999999999990905,-0.011508002850096705
2020-06-19,-0.0015117717271652261,-0.0033329265170948634,-0.3348749430874385,-0.01999999999999602,-0.004550754913105007
2020-06-22,0.012238252320971851,0.020267988320938325,0.5518181490448661,-0.01999999999999602,0.008953859234973143
2020-06-23,0.010915082392745475,0.013282521721126815,-0.03619988701050403,0.0,0.016634483571697153
2020-06-24,-0.00398999722987615,-0.0051019363332885535,0.061705583215616144,-0.010000000000005116,-0.005520047746071174
2020-06-25,-0.011076090373822173,-0.013012087104261575,-0.03811464152023447,-0.030000000000001137,-0.009252750462344861
2020-06-26,0.008444301675980318,0.008555985908519786,0.35730732728168135,0.0,0.007227903636384217
2020-06-29,0.004923591902262501,0.008429947877308342,-0.3373343856993287,-0.010000000000005116,0.008730146861030916
2020-06-30,0.007404208822260854,0.0025728148101508874,0.26488261206110764,0.010000000000005116,0.005613916947634413
2020-07-01,0.017310011639764852,0.014317429672369994,0.5659487426644816,0.0,0.01889963820539064
2020-07-02,0.002385136051774225,-0.0005560762594597726,0.1932961603609904,0.0,0.004427886558123973
2020-07-03,0.002961769492043873,0.0066927772559205985,-0.745406162505418,0.0,0.005060294413306253
2020-07-06,0.002898633818782355,0.0063788052139251246,0.8977013723740122,0.030000000000001137,0.013499233275889965
2020-07-07,0.0022493649710987737,0.003937107091697887,-0.1889424156343651,0.010000000000005116,0.00256000821923232
2020-07-08,0.009861863920910428,0.011695577310532135,0.03053911876803639,0.030000000000001137,0.014620886980524163
2020-07-09,0.015625292984011663,0.005005181282614953,0.2737777317660246,0.0,0.015008676351032034
2020-07-10,0.0011434848217010585,0.002189841071460001,-0.6132366258660937,0.0,0.0020077098644429208
2020-07-13,0.013125504268376024,0.017200527368878015,0.7661911101459715,-0.010000000000005116,0.020736462620555333
2020-07-14,0.0016820727812316713,0.004485848607953302,-0.22126737075052816,0.0,0.0015661822567549335
2020-07-15,-0.0021606335549668875,-0.008731837497531586,-0.17870927998925623,-0.010000000000005116,-0.0056240341161045435
2020-07-16,0.01020852540292498,0.016052623043538848,0.04250288204855224,0.01999999999999602,0.012962991721407581
2020-07-17,0.0056754976632671554,0.006702876074456916,-0.09894826257129097,-0.01999999999999602,0.012079423350819707
2020-07-20,0.008717885950134388,0.009827264887744352,0.2985076823012278,0.01999999999999602,0.016921989365022316
2020-07-21,0.004839170252558189,-0.001621536747039626,-0.0585787131544393,0.010000000000005116,-0.0035795668359823664
2020-07-22,0.002407867721324512,0.015548631901693559,-0.1949093229407488,-0.01999999999999602,0.002049917753553247
2020-07-23,-0.007356611709994234,-0.0005517566231224563,-0.4439848364165222,0.0,-0.010249651693016412
2020-07-24,0.0017126415137298737,-0.008743556281493394,-0.05012079083268617,0.010000000000005116,-0.0012528683956549635
2020-07-27,0.019358670918250106,0.024357778900801343,0.33492373748656235,0.01999999999999602,0.021177677911348346
2020-07-28,0.01120462288949576,0.011034271739833214,0.18205651823738478,0.009999999999990905,0.018366395024283864
2020-07-29,0.00450730738181533,0.007070358792605751,0.24103039170796947,0.01999999999999602,0.0063240810315157835
2020-07-30,0.010146305172857143,0.013552145466847784,-0.25381953719420025,0.010000000000005116,0.013317968432517664
2020-08-03,0.014564988239093994,0.010645389348905783,0.4237813262870418,0.010000000000005116,0.02034011471649064
2020-08-04,-0.009451695404696968,-0.013731496943760201,0.011906119658650738,0.01999999999999602,-0.018019524236944147
2020-08-05,0.008137084712682204,0.01094975242292954,-0.17917653768849817,0.01999999999999602,0.016166184247846018
2020-08-06,0.007306508464648727,0.005595592999393694,-0.01654187116757555,-0.04000000000000625,0.009892834258291376
2020-08-07,-0.007345060165374491,-0.005071686033981464,0.008789116757473181,0.0,-0.00400576293433214
2020-08-10,-0.00204949490544622,0.007585827233684684,-0.480263746406127,0.01999999999999602,-0.0005431415018272531
2020-08-11,0.019812048979201198,0.010212655855653698,0.5112881187039662,-0.010000000000005116,0.016187827778091284
2020-08-12,0.0010666363628355556,-0.0027610732141468597,-0.013092645485439647,0.01999999999999602,-0.00074512872971455
2020-08-13,-0.004971299762892316,-0.0019371255451591984,-0.20216528356311514,0.0,-0.0009311043483304761
2020-08-17,-0.008761057794331941,0.0005133862571605931,0.13088817538768183,0.01999999999999602,0.0013987683075495402
2020-08-18,0.0009453991509934674,0.0014871600133985893,-0.1881317079529694,-0.010000000000005116,0.0021407560470841297
2020-08-19,0.0012003061524841435,0.0024634370282591474,-0.1286018974402623,-0.010000000000005116,-0.0014978035551460802
2020-08-20,-0.00802733181998926,-0.009113613172916726,-0.2557080018097615,-0.009999999999990905,-0.009052152910476424
2020-08-21,-0.00619305417771572,-0.0032300880539773025,-0.0013244893148538495,0.010000000000005116,-0.005891430037328707
2020-08-24,0.0030533618711446105,0.0023825301695011014,0.08380077239073103,0.009999999999990905,0.009854892237448114
2020-08-25,0.012144049108662307,0.014512549869710843,0.2803737551002392,0.010000000000005116,0.014120705183475434
2020-08-26,0.014223049690542592,0.014125397525802396,-0.06785776546136191,-0.010000000000005116,0.008495664845142886
2020-08-27,0.0028128162023541093,-0.0013551969334412077,0.06916258688166366,0.01999999999999602,0.0022673601160192896
2020-08-28,-0.002485946264148334,-0.003761168812279689,-0.8473178915159281,0.0,-0.002885053921646723
2020-08-31,0.0006661574329718928,0.007925022135941893,0.7313536480247826,-0.030000000000001137,0.0012267817893275
2020-09-01,0.003898868805354044,0.0071335494533773915,0.30797785903959607,-0.010000000000005116,0.011807951340727953
2020-09-02,0.009052525609685787,0.004949159498133503,0.2388754793420489,-0.010000000000005116,0.011668614280322906
2020-09-03,0.005213711099426787,0.005273515423681264,-0.07391853575987639,0.010000000000005116,0.012069397913377283
2020-09-04,-0.00630506176479255,-0.0038344748880009757,-0.23510320044623612,-0.010000000000005116,-0.004323681910133703
2020-09-07,0.004469390496901198,0.0031303109137436115,-0.10513523430411098,0.01999999999999602,0.007687702130889747
2020-09-08,-0.008877623694041457,-0.006782340457548544,-0.05944733815031,-0.01999999999999602,-0.014471929474351414
2020-09-09,-0.0008217009475238065,-0.0053582282100863325,-0.22147157601551726,0.010000000000005116,-0.003925005294201557
2020-09-10,0.015126007151353739,0.010173523443744528,0.3992051974211037,0.0,0.011573509934482295
2020-09-11,-0.0014124964640031337,-0.003649431070493502,-0.6261333637241364,-0.009999999999990905,-0.0045375281063090135
2020-09-14,-0.002018939635607722,-0.0012719192456225018,-0.22059200667526113,0.0,-0.00296394918629509
2020-09-15,-0.005910971939090572,-0.16144291445289877,1.2076782059452,0.010000000000005116,-0.0030730440904931074
2020-09-16,-0.001765885698758955,-0.0019826210419656926,-0.5090859426389116,-0.010000000000005116,-0.003150708029851547
2020-09-17,0.0018482810809388893,0.0028080409043566364,-0.0021742051067832335,0.01999999999999602,0.0025608495846638065
2020-09-18,0.005692889650387288,0.004845313068005547,-0.1182280229279371,0.030000000000001137,0.005214422094009563
2020-09-21,-0.0087049256924309,-0.006658627888592726,-0.0967969730012257,0.0,-0.008412461169677423
2020-09-22,-0.010859767267119779,-0.010736648158081835,0.15362366662558813,-0.01999999999999602,-0.009824498612422487
2020-09-23,-0.0012726602088305582,-0.00303328056534586,0.14403663302388026,-0.010000000000005116,0.0007026175163507467
2020-09-24,0.0028918513276703414,0.0011891476872647484,-0.011773001842872333,-0.01999999999999602,-0.0027663821301903064
2020-09-25,-0.0029978643277252907,-0.004338719180004015,0.20376708235019692,-0.04000000000000625,-0.00359906812308106
2020-09-28,-0.02032212116934063,-0.0284670286150479,-0.059719498968174634,-0.010000000000005116,-0.025132084491494677
2020-09-29,0.012595113397261696,0.013977798638859595,-0.08694824393042921,0.0,0.013299456200793954
2020-09-30,-0.015275084808385601,-0.00888874984196707,0.43010151799202134,-0.01999999999999602,-0.020191663455704188
2020-10-01,0.0030927343128805775,0.0002557015368200083,-0.33458960064198706,-0.010000000000005116,-0.0014483176331515266
2020-10-02,-0.018404852572660082,-0.017980395706506364,-0.09692309251920506,-0.010000000000005116,-0.0255782536229449
2020-10-05,-0.021319217978878906,-0.020574095957899153,0.09954804332112488,-0.009999999999990905,-0.03014445254769042
2020-10-06,0.0005114683278210179,-0.0007341586618706609,0.10930779439815907,0.010000000000005116,0.005184147036207796
2020-10-07,0.015451429856735864,0.01620687376732219,0.010695307752762062,0.010000000000005116,0.024118895646396733
2020-10-08,0.01612700080031133,0.0132532868092103,0.35129492638461457,0.010000000000005116,0.01843807172130495
2020-10-09,0.009205950755441502,0.002938271849565009,-0.44410045863537206,0.0,0.008200575149038374
2020-10-12,-0.015870957763330983,-0.015363378915125911,-0.21534221479889837,0.0,-0.022181797774351763
2020-10-13,-0.005719395826105255,-0.005139966406540054,-0.05382455237988992,0.0,-0.00463029397838425
2020-10-14,0.001572329692887474,-0.0014358343243639385,-0.2583959310470405,0.010000000000005116,0.00527080978920983
2020-10-15,-0.004271318256099235,-0.0024695268698398123,0.010587853914266532,0.020000000000010232,-0.004994262247453716
2020-10-16,0.0037796215915158163,0.000941690592415947,0.004698026851912118,0.0,0.00600344512719864
2020-10-19,0.0050098571225490685,0.008105711785367219,-0.0659814259113638,0.01999999999999602,0.004278655151545586
2020-10-20,0.01662690907213938,0.01241278643937103,0.7375471954405555,0.010000000000005116,0.020572865814404727
2020-10-21,0.013593972363548116,0.00910189442180809,0.13060178096629826,-0.009999999999990905,0.015063166290359723
2020-10-22,-0.008894969266968459,-0.011835134518408634,-0.030625191297506404,-0.010000000000005116,-0.008583336929419157
2020-10-23,0.0010418870848409078,0.005266912881076991,-0.422824566231057,0.01999999999999602,0.004549804832065901
2020-10-26,0.01219992211498166,0.013406232179386954,0.32436758865443593,-0.010000000000005116,0.01619374827102818
2020-10-27,-0.01241325060165682,-0.011511201573600461,0.012992765506670167,0.0,-0.015031606089346831
2020-10-28,-0.004642385585045567,-0.011269672503157982,-0.21503278016950844,-0.01999999999999602,-0.006275509192821549
2020-10-29,-0.0321175696191573,-0.0361435395521248,0.4153336563844263,0.009999999999990905,-0.038013678786050074
2020-11-02,-0.02092885525787743,-0.01764036929898904,-0.6142980456602274,0.0,-0.021459095705122097
2020-11-03,0.035369749422630214,0.03944728944829131,0.08522591102532218,0.0,0.042047593551478725
2020-11-04,-0.007562594260608962,-0.00596828701239761,-0.016622479397380374,-0.010000000000005116,-0.007959469186025914
2020-11-05,0.022122018272607513,0.016567581153677603,-0.29245115122907706,0.01999999999999602,0.02207914717423137
2020-11-06,-0.009407639872259307,-0.009492688598037344,0.21773762348254522,0.0,-0.0057914687002740195
2020-11-09,0.0009623641308585268,-0.0007299293296580085,-0.27301345243446207,-0.010000000000005116,0.0004628835181458362
2020-11-10,0.01220207017154693,0.012522891375317736,0.33424678593918244,-0.010000000000005116,0.010264382387352545
2020-11-11,0.003413082806068637,0.0034940550043350417,-0.5224827271269419,0.0,-0.00054332556750683
2020-11-12,-0.01777618743884127,-0.016879325762787126,0.29282132207958256,0.010000000000005116,-0.02196771763244055
2020-11-13,-0.002034927981657378,-0.0018171972173715092,-0.3814946715249796,0.010000000000005116,-0.0026509115833697233
2020-11-16,-0.0011722012633978275,-0.0023818136559392382,-0.16879836882400312,0.0,-0.0014370817396326333
2020-11-17,0.005639616449845889,0.009493404408656661,-0.23427420238297714,-0.01999999999999602,0.005731855422209137
2020-11-18,-0.0033826305974435584,-0.0070025077005494265,-0.012985145883952498,0.01999999999999602,-0.0022880728038887467
2020-11-19,8.607172750193256e-06,0.002645811767850721,0.3894721925941589,0.01999999999999602,-0.00019944802457562324
2020-11-20,-0.009030711393591748,-0.01015832754521996,0.1973521720509659,0.01999999999999602,-0.012172164377854863
2020-11-23,-0.012492058273035563,-0.009543256716896566,-0.10546035224162509,0.01999999999999602,-0.01897688910821306
2020-11-24,0.0034799858302285115,0.009786274448877296,-0.08407585116723482,-0.01999999999999602,0.0037307324459987736
2020-11-25,0.01567959267699567,0.020398050754021478,0.2729729025090535,0.009999999999990905,0.014397407660711247
2020-11-26,0.016229130243123085,0.019963892980078397,0.5818194235256868,0.0,0.02359686561278908
2020-11-27,-0.0078345108219952,-0.01175384228674711,-0.05221840417440049,0.0,-0.006303397940658247
2020-11-30,0.007066533655508678,0.00737914101473528,-0.3749385080929848,-0.010000000000005116,0.010021883999733777
2020-12-01,0.014475604702111806,0.01155510590239403,0.5379384596644954,0.01999999999999602,0.01726409435615085
2020-12-02,0.007660323721180423,0.008126977385244582,-0.0721755874771901,0.0,0.00897674601451116
2020-12-03,-0.0002084304804955092,0.002578771683007013,-0.1428628244820196,-0.030000000000001137,-0.0018544516583638801
2020-12-04,0.0011079617530953287,0.001306804332685668,-0.1092745512336144,-0.010000000000005116,0.0029727754644904
2020-12-07,-0.0033045620157138053,-0.0030405553443097083,-0.046272269178153635,-0.010000000000005116,-0.0033174185273498
2020-12-08,0.00042146930522341436,0.0009560296957642332,0.016057874050730447,0.01999999999999602,0.00226764579832117
2020-12-09,0.003281183002355405,0.002757182569139273,0.0386860624941292,0.010000000000005116,0.0037762665563931134
2020-12-10,-0.0010989302821876304,-0.0038530009047079614,-0.032107685574807476,-0.01999999999999602,0.00079099306553336
2020-12-11,0.00329451487579934,0.0108650086805918,0.15767006952874496,0.01999999999999602,0.0022671280285435397
2020-12-14,0.020019309110646113,0.01735768111664815,0.09517430302274121,0.0,0.023175145982047205
2020-12-15,-0.002655822095892555,-0.003619756793845272,0.028732540570189258,0.030000000000001137,-0.002059690849026037
2020-12-16,0.003371165510676264,0.0009796580550160945,-0.3700821974529447,-0.010000000000005116,-0.0004041705463829168
2020-12-17,0.00934904447562912,0.005830784496134987,0.09855749544758652,0.0,0.01165541966584771
2020-12-18,-0.0013928530337192018,-0.0004510403525278303,-0.1304380304333499,0.01999999999999602,-0.0034277130505331443
2020-12-21,-0.012297432376478002,-0.013383328361191972,0.13845600614925502,0.0,-0.010229134844466702
2020-12-22,-0.009258632253327462,-0.006682390037734468,-0.2766865237531846,0.0,-0.012951932584472184
2020-12-23,0.004585571108668148,-0.0006323523519814375,-0.09727316373434292,0.01999999999999602,0.00768464711207309
2020-12-24,0.008799148184690948,0.008775602870687717,0.7276625479267018,-0.01999999999999602,0.011872725314314266
2020-12-28,0.006367847753675838,0.0024541426442968107,-0.578306648446123,-0.009999999999990905,0.008427839461784499
2020-12-29,-0.012828361340584906,-0.007762655194051556,0.36396288431823365,-0.01999999999999602,-0.00750431879602218
2020-12-30,0.008779033481095638,0.0035925179846257255,-0.2429409914627101,0.010000000000005116,0.009647070015533821
2020-12-31,0.0022177777939689086,0.0007534390728099152,0.21413024213281773,-0.030000000000001137,0.0026813616318386003
2021-01-01,0.021978919324189407,0.018187832029151182,0.2930645179045186,-0.01999999999999602,0.015562940878555703
2021-01-04,0.00996924524916928,0.005069819180416699,-0.03864303896501298,-0.01999999999999602,0.00475955772830479
2021-01-05,-0.0032819901393887022,3.257575540127324e-05,-0.3120953680131464,0.0,0.00030709035727815616
2021-01-06,0.011319432599781704,0.013673907510596838,-0.03918135734152983,-0.009999999999990905,0.011364727580766084
2021-01-07,0.0045645364436620916,0.0032100151265365144,0.10990172733900039,0.01999999999999602,0.0025577405439748267
2021-01-08,0.006092237787516122,0.0006140308112415346,-0.2746840753395219,0.010000000000005116,0.004487756005314757
2021-01-11,-0.00148300698635721,0.0022513572661609117,-0.12811363782625307,0.0,-0.0015468290317064638
2021-01-12,0.006059897675390748,-0.0002592966311604634,0.21719116879185307,-0.010000000000005116,0.006566107444716981
2021-01-13,0.003845828650999607,0.0035828549192886516,0.029341059180190143,0.0,0.005255122889659917
2021-01-14,-0.005640379889745422,-0.006386797327873061,-0.5333486929015763,-0.04000000000000625,-0.0063673212298000735
2021-01-15,-0.003554115031938613,-0.005146547838862838,0.04654619632858825,0.010000000000005116,-0.00496603800914038
2021-01-18,-0.004715081462179578,-0.006091335383488599,0.3327196230810294,-0.010000000000005116,-0.004456494926948496
2021-01-19,0.008200723625134056,0.020448141443698768,-0.04291708956839102,-0.04000000000000625,0.0064804193420807
2021-01-20,-0.006658598914515039,-0.002673673404194342,0.061537966802813315,-0.010000000000005116,-0.00505192214506608
2021-01-21,0.006423586989641201,0.0029331811437418353,-0.4011187167800472,0.01999999999999602,0.004272746553695048
2021-01-22,-0.0023713944531204073,-0.007809033237660298,-0.15204536160567983,-0.01999999999999602,-0.005650135542657143
2021-01-25,0.00571575139889867,0.0022269233792464134,0.5514313374501576,0.010000000000005116,0.00819643522751407
2021-01-26,0.0048655880078691755,0.004354922177260489,0.3538022637969114,0.0,0.007688341269591651
2021-01-27,0.005761155469808307,0.012300634519113647,0.020908187304279124,0.010000000000005116,0.007414532865169031
2021-01-28,-0.005755447818066412,-0.006789181582689343,-0.13065010735158467,-0.01999999999999602,-0.004531634032797423
2021-01-29,0.00309751478395123,0.001977600840605959,0.2510197735142974,-0.01999999999999602,0.0065826256380758594
2021-02-01,-0.005747238286718459,-0.00021706643152877807,-0.36451855462490457,-0.010000000000005116,-0.00677384344889889
2021-02-02,0.009865086436393581,0.009048882710535661,-0.017267266730588204,-0.010000000000005116,0.00538230032161184
2021-02-03,0.008735019640163334,0.02853110606485647,0.1653897819527934,-0.010000000000005116,0.01006861067384631
2021-02-04,0.00036949280189515436,0.018789951870104786,-0.2517256161856487,0.0,-0.0032635852909100706
2021-02-08,-0.0038968905775163647,-0.000313974223366325,-0.17076415942706902,0.010000000000005116,-0.0072451826528916
2021-02-09,-0.0006805928106372841,0.00333466164664184,0.2872849403178961,0.010000000000005116,-0.0006113399556086801
2021-02-10,-0.0006301353330441724,-0.002594611948869874,-0.07723031448649564,-0.010000000000005116,0.00046737152303340305
2021-02-11,-0.013040260668871479,-0.013275729824610383,0.4179620798651662,0.0,-0.014918628504590086
2021-02-12,-0.0061322058838367615,-0.004097775457917818,-0.5981553311326167,0.0,-0.004174115095090677
2021-02-15,0.012619403887993055,0.0133756429215386,0.3674862937772261,-0.010000000000005116,0.015605646509675993
2021-02-16,0.013970606878667828,0.013452659065898705,-0.04946270709295675,-0.010000000000005116,0.01365397324708042
2021-02-17,-0.0029967806775104736,0.0031416470580225525,-0.058776277357225126,0.010000000000005116,-0.004284080354308977
2021-02-18,-0.017757473564191134,-0.018315351118853965,-0.4923128836119375,0.0,-0.014406149514882248
2021-02-19,0.0007453106376160411,-0.0027594942375134984,0.6508316173301125,0.010000000000005116,0.0007798295358366266
2021-02-22,-0.008960725929425472,-0.008454615506937706,-0.23132186481470285,0.0,-0.009398814925382063
2021-02-23,-0.003871396761750965,-0.002678023078253156,-0.09762280353895392,-0.01999999999999602,-0.005663939996764593
2021-02-24,-0.005342880904910534,-0.0008727986088502172,0.0780356448905728,0.010000000000005116,-0.00962860458730852
2021-02-25,0.016536429238316108,0.012118579564388133,-0.14503372040699247,0.01999999999999602,0.014242828332897703
2021-02-26,-0.0019538357003635667,0.004617292153753012,0.37675146063227416,0.0,-0.00704215739060987
2021-03-01,-0.005536009064031708,-0.007236989873402732,-0.5331291762066783,-0.01999999999999602,-0.008060962141060843
2021-03-02,0.009396027235282716,0.004567627005726311,0.040969143146647014,0.010000000000005116,0.01160411992598569
2021-03-03,0.003282205018583011,0.0026851991974487844,-0.014050461486750265,0.0,0.008498307781912727
2021-03-04,-0.020983424640014813,-0.01988969501898046,0.07684187114033847,0.030000000000001137,-0.026201356275710443
2021-03-05,0.014475223133006513,0.017716014708613306,-0.40141686177429037,0.0,0.01387559464490418
2021-03-08,-0.01593423775183956,-0.020179891248110378,0.7102987833351335,-0.010000000000005116,-0.02022804764802977
2021-03-09,-0.016032300566741462,-0.014028540360561058,-0.06749802008106087,-0.01999999999999602,-0.023845222188005957
2021-03-10,-0.013267391204772529,-0.009921080150070344,-0.08013807212137891,0.010000000000005116,-0.013355538142656479
2021-03-11,-0.025681805569122,-0.021469026034669113,0.01502987431805991,-0.010000000000005116,-0.03198108419882698
2021-03-12,0.016005005056801466,0.02093073450732075,0.39006448999671406,0.01999999999999602,0.025146387006924707
2021-03-15,0.04775234712057729,0.19836342053439177,-0.41674658472943804,-0.01999999999999602,0.05979692527534443
2021-03-16,0.0031449030212553518,0.0018839125979832805,-0.05312872828486448,-0.009999999999990905,0.0023491189952989768
2021-03-17,0.013368648396317599,0.01209033687851569,0.06925022491647681,0.0,0.015177617066919674
2021-03-18,-0.020219175688357356,-0.02265849299786254,-0.2240171104557902,-0.01999999999999602,-0.025622821820513775
2021-03-19,-0.0008609274510767064,0.004955826989269983,-0.11863399836672173,0.060000000000002274,0.0052528897584653966
2021-03-22,0.01421866906454568,0.006803992455793673,-0.014720492595216683,-0.010000000000005116,0.007826847965854217
2021-03-24,0.0027158436802191374,0.00276551638239016,0.24296575146688326,-0.01999999999999602,0.004577583204813247
2021-03-25,0.002620337545854703,0.0020034910086542557,0.013061764141401255,-0.010000000000005116,0.004420458275265416
2021-03-26,-0.006806795863115946,-0.004570032412998851,-0.05358702389882808,-0.010000000000005116,-0.006113634540174416
2021-03-29,-0.024754680582459918,-0.022089577476799897,-0.07627524307200062,0.0,-0.03162435072727464
2021-03-30,-0.00033235776079581494,-0.006875971721252688,0.0019357921216780483,-0.010000000000005116,0.0034362162160068567
2021-03-31,0.0005683742683690609,0.0044445584067836575,0.1080622966382947,0.01999999999999602,0.00241296868013073
2021-04-01,-0.001447758839984705,-0.0043964620527106955,-0.48136186916031676,-0.010000000000005116,-0.009001777849496339
2021-04-02,-0.0039463028519280425,-0.0028400944451041576,-0.06589108964780976,-0.010000000000005116,-0.0038891403848751002
2021-04-05,-0.01771769102901647,-0.02129473066062751,0.008417233306669658,0.01999999999999602,-0.024452270936487813
2021-04-06,0.02186676565391949,0.023439530268065473,0.057389433863928474,0.010000000000005116,0.028681950119507225
2021-04-07,-0.012886294248519531,-0.010409412751646084,0.3734371652188919,0.009999999999990905,-0.01187252120490882
2021-04-08,0.017606445521941103,0.018504093848084664,-0.24540897038104603,0.01999999999999602,0.020569979612851164
2021-04-09,0.008294900145780963,0.013240829576519684,0.5612832277557445,0.0,0.014569385888457225
2021-04-12,-0.002275742472882685,-0.006847127484323421,-0.402031868265059,0.0,-0.008049211574343964
2021-04-13,-0.00035001454421278297,0.0030511608371042893,-0.05291530969426361,0.0,0.004007355096864288
2021-04-14,0.005837675412802632,0.009608852854408543,-0.3886825646843377,-0.030000000000001137,0.008224680346485434
2021-04-15,-0.001877039498451596,-0.003279611929070991,-0.36884056013436606,0.0,-0.0023758053846386134
2021-04-16,0.0015208955076282176,0.001918826818355802,-0.2539284001503752,-0.01999999999999602,0.0018004519705747367
2021-04-19,-0.01891449618333658,-0.0011929652805582039,0.6083476584364078,0.01999999999999602,-0.01022780744942583
2021-04-21,0.007625423640827951,-0.004407216252900824,0.6693491448842259,0.01999999999999602,0.00208556730852437
2021-04-22,-0.006957482276107688,-0.012576432536596975,-0.3357322629996027,0.0,-0.014520450977511565
2021-04-23,-0.005385603548044406,-0.005822522723149684,-0.4145776676432362,0.030000000000001137,-0.006068476264696453
2021-04-26,0.028098824815219053,0.02412622178146237,0.850197865072289,0.010000000000005116,0.023597281180833384
2021-04-27,-0.011612175170460773,-0.008634528796655242,-0.224529749463386,0.01999999999999602,-0.00746306113539807
2021-04-30,-0.026154259466741808,-0.0343839701224531,-0.3574075920280002,-0.010000000000005116,-0.03297861521240712
2021-05-03,-0.004061392401352691,-0.0021660121765019334,0.1136351753564604,0.0,-0.00490738938107885
2021-05-04,0.012845796631131648,0.009111375287117385,-0.1685981116336066,-0.030000000000001137,0.01286362722893428
2021-05-05,0.006693694057669485,0.0064581155808150935,0.31798960958782274,0.0,0.00917715792781359
2021-05-06,0.004715837085142892,0.0027574891347212395,-0.5804252107558376,0.030000000000001137,0.005231760246094031
2021-05-17,0.014083014155189425,0.01998086453040982,0.6286188636382128,-0.01999999999999602,0.020256561512620112
2021-05-18,0.0050156093364676,0.008938027518198088,0.11581094825389115,0.0,0.00486412500002788
2021-05-19,-0.008377774162248627,-0.0039465982929394435,0.006513094873980663,0.0,-0.010110191980513937
2021-05-20,-0.0050490285488592815,-0.006072003757061507,-0.4288079841489889,0.0,-0.0035922918703838597
2021-05-21,0.007734490915669668,0.00820985019219213,-0.5172246206828071,0.0,0.0084794669914582
2021-05-24,0.0032721446523162963,0.003781499034351247,0.7771227631914854,0.0,0.006762442658965237
2021-05-25,0.006246729736824528,0.0007967425851117488,0.39492243438167307,0.0,0.008492574347625391
2021-05-26,0.012026842716854695,0.00665632765741526,-0.05665339166668559,0.01999999999999602,0.01263830351777415
2021-05-27,0.0005559583875102882,-0.003547728712469045,0.20460438117168067,-0.01999999999999602,-0.0034849155227483987
2021-05-28,0.008429131478161088,0.009238493024136471,-0.5465290545379844,0.0,0.00831245086113337
2021-05-31,0.0155728183135608,0.018648181304167216,0.2932724506891944,-0.010000000000005116,0.02348649807746846
2021-06-01,0.0065616274618746735,0.004614748710547331,-0.1635105903591274,-0.010000000000005116,0.0055673761919000425
2021-06-02,-0.0037486022913164633,-0.003491502206165855,0.014843332010098464,0.030000000000001137,0.0001770476158654335
2021-06-03,-0.0011194335402757898,-0.0026628297188272866,-0.06971085509002961,-0.01999999999999602,0.0009265099791446769
2021-06-04,0.0009693539333255724,0.006122368467939164,-0.47558907750099166,0.01999999999999602,0.003510592293354066
2021-06-07,0.00017634669222042393,0.0022378776504620233,0.392733361254173,-0.010000000000005116,0.0007626883857612967
2021-06-08,-0.004241293795314947,-0.004923548325128179,0.021379259865753397,0.010000000000005116,-0.00551786710469305
2021-06-09,-0.009913916314021427,-0.007074492652542266,0.07330242871161374,0.0,-0.009427452437633264
2021-06-10,0.008005759850570848,0.008837141127314527,0.11229237589375529,-0.030000000000001137,0.01108520022719458
2021-06-11,-0.0030178817697582667,-0.0025962939876269667,-0.5681646890896666,0.030000000000001137,-0.0015903266858223637
2021-06-14,0.00862340401686417,0.011628442535119757,1.0330389916214138,-0.030000000000001137,0.011943105180566177
2021-06-15,-0.001140779977844808,-0.006358453067253046,-0.4836361874320545,0.01999999999999602,-0.00281648785733339
2021-06-16,-0.003944062103316876,-0.0032657501818576726,-0.5788876171066839,0.010000000000005116,-0.005500715138129597
2021-06-17,-0.006501647105302392,-0.0051673293068439435,0.10562716966726171,-0.010000000000005116,-0.009632134758248027
2021-06-18,0.00023447868460963053,0.004100164043195002,0.25754220318021126,-0.030000000000001137,0.002703922514063193
2021-06-21,-0.004436800610058155,-0.005079155321440046,-0.6124077753741695,-0.010000000000005116,-0.0038075390954561902
2021-06-22,-0.0007548675965524585,0.005849433963035456,-0.20173315858067298,0.01999999999999602,-0.0012124040358088635
2021-06-23,-0.003404493422325141,-0.001953790077026451,0.3274883179387409,-0.030000000000001137,-0.0032868141279836964
2021-06-24,0.002034301477664036,0.0007449593496144558,-0.2343906205284263,0.0,0.0015207831582989965
2021-06-25,-0.0077506802325185194,-0.008308991844824616,0.4942531840579498,-0.01999999999999602,-0.0072814179345031035
2021-06-28,-0.014547075910312986,-0.017891097873337716,0.03974525896610359,0.01999999999999602,-0.015248614366232087
2021-06-29,0.0019622363148678367,4.487957687418224e-06,-0.05431410009130744,0.0,0.002305062509600787
2021-06-30,0.0027349698511861475,0.007074847272972941,-0.31619708940251456,0.0,0.004609611191897297
2021-07-01,0.00902406114448768,0.010913150406142599,-0.1343929964380628,0.030000000000001137,0.010530887130947204
2021-07-02,-0.00159248012824988,-0.0003409388194806866,0.05002844440202736,0.0,-0.0032932017851544
2021-07-05,-0.004535855614249613,-0.003474792137831971,-0.02677515038353917,0.0,-0.0030932940486911964
2021-07-06,-0.0006339701246279994,-0.00022716511313591224,0.028198720125153898,-0.010000000000005116,-0.00407151474554464
2021-07-07,-0.0016739485462756577,-0.004743886809698587,0.013001961882537216,0.01999999999999602,-0.00344791664388106
2021-07-08,0.020493900285311673,0.01961555177264099,0.6377921890145188,0.01999999999999602,0.020981235588686482
2021-07-09,-0.01325638865223748,-0.012865841361417973,-0.5847630254810312,-0.010000000000005116,-0.015809375918589042
2021-07-12,-0.002574070638840314,-0.0034821785727580054,-0.17332811376103407,-0.04999999999999716,-0.0032077410735541164
2021-07-13,0.0008348968692903578,0.001519136761244963,-0.21021234720748083,0.01999999999999602,0.0004618522812237267
2021-07-14,-0.0016787002184562908,-0.002098463103691209,0.0945668443146559,0.010000000000005116,-0.0017134141883757702
2021-07-15,0.003842967564771409,0.005454810946218938,0.3717119409266125,0.010000000000005116,0.004450756467622983
2021-07-16,0.00476697293658095,0.005704478540733541,-0.263308226539678,-0.010000000000005116,0.004114772676180207
2021-07-19,-0.004253231831658205,0.0011848957151420105,-0.538012176449147,0.010000000000005116,0.0013080886594674169
2021-07-23,-0.0016652332819907215,-0.00321313962403332,-0.1100800830151023,0.01999999999999602,-0.00528933125710922
2021-07-26,-0.0028415314964576346,-0.0017432424464088121,0.4523585174757585,-0.010000000000005116,-0.0033301810382981205
2021-07-27,0.0011889923629726771,-0.00015996160955493633,-0.11714737340330927,0.0,-0.0033907165559593135
2021-07-28,-0.008151611679906532,-0.009880472911318888,0.18627019466756778,0.009999999999990905,-0.011744119670867673
2021-07-29,-0.0005728692289437851,0.001213208566607451,0.18406911911040424,0.0,3.790424977574321e-05
2021-07-30,-0.006687184381452938,-0.0051905143839872814,0.07521028789025408,0.0,-0.005927182198616713
2021-08-02,0.007835815566061007,0.007054119756297981,-0.5809749685565251,-0.009999999999990905,0.010320135270436969
2021-08-03,0.006554070393313268,0.0071484984530413445,0.5621523366361068,-0.009999999999990905,0.009621332779639396
2021-08-04,-0.0007422006967211112,-0.003458174348769841,-0.21667219014232586,0.0,-0.00274728436009948
2021-08-05,-0.002776489615997077,-0.002838069159051684,-0.3192479256063194,0.030000000000001137,-0.0027200261509845243
2021-08-06,-0.004083181525287004,-0.0066169931805445895,0.5908737357408143,-0.010000000000005116,-0.006096041780856933
2021-08-09,-0.008009964623920096,-0.0080070141858019,-0.3585447660514127,-0.030000000000001137,-0.00888638183090997
2021-08-10,-0.00011220143159812548,0.0005856112053542733,-0.17420423172704957,-0.010000000000005116,2.1418059256705924e-08
2021-08-11,0.006056838198326104,0.006349265584693709,0.22334370689841876,0.0,0.0044850904149369
2021-08-12,0.0001768223382304516,-0.0016424044735699843,0.04984219456082073,-0.010000000000005116,-0.0014347888872847667
2021-08-13,-0.00393370529656789,-0.006230763975166416,-0.4749261723717204,0.0,-0.006009423534447549
2021-08-16,-0.003883277820307528,-0.0070774728445937,0.35813565460931684,-0.010000000000005116,-0.006660294674152384
2021-08-17,0.00796015503589566,0.007062477013434682,0.2161428441551898,-0.020000000000010232,0.011000533631844861
2021-08-20,0.008979368158812173,0.00859908557753818,0.2971018344527039,0.0,0.01642895860975261
2021-08-23,0.012195996464943865,0.01607278850506094,0.028971302771441998,-0.030000000000001137,0.011526954313543164
2021-08-24,-0.008904615490517603,-0.00829910761666405,-0.20747303027460973,0.0,-0.009513337231592834
2021-08-25,-0.003967715541246424,-0.0051203737242801195,-0.38897582928441565,0.01999999999999602,-0.006101933599844562
2021-08-26,-0.0071612544365429135,-0.005011103717649342,-0.06725958212124539,-0.01999999999999602,-0.009154386525046708
2021-08-27,-0.003259390118815791,0.00017881570407162248,0.3542967527405665,-0.01999999999999602,-0.0031211732705739795
2021-08-30,0.005441625389786066,0.003856119501016683,-0.15829746654198829,-0.010000000000005116,0.007056317881448523
2021-08-31,0.001712481997846934,0.007947731373020408,0.19250296188371152,0.010000000000005116,0.0015628305265262465
2021-09-01,7.391862051524285e-05,0.0012787960753539494,0.07061928671825868,-0.010000000000005116,-0.0007617456289369468
2021-09-02,-0.011798860725161363,-0.008103571032948592,-0.15799109690448176,-0.010000000000005116,-0.012825180978981048
2021-09-03,0.002394970375524855,0.0044438337374228315,-0.29725479644456243,0.01999999999999602,1.0117537575689147e-05
2021-09-06,-0.0001688727530495653,0.002563516205256024,-0.0010390902306767202,-0.010000000000005116,-0.0014278712744148299
2021-09-07,-0.005369976442061156,-0.00626632593219807,-0.13940771447068911,0.010000000000005116,-0.007262850248293377
2021-09-08,-0.010046974852998897,-0.01300884694978595,0.21881927907258358,0.01999999999999602,-0.009325083592654253
2021-09-10,0.012048752233467632,0.017470045093505086,0.7855292560679814,0.010000000000005116,0.010243423789414787
2021-09-13,0.000657696083682144,0.002364424266980202,-0.5031354709170941,-0.010000000000005116,-0.0009850567679813434
2021-09-14,-0.010380329948709653,-0.01632104395064893,0.100711791288429,0.0,-0.016236356016334677
2021-09-15,-0.021370437175405942,0.019136320585900733,-0.10308699161431534,0.01999999999999602,0.004944800862015488
2021-09-16,0.005289614562234072,0.0007861554909962917,0.7021481816526851,0.020000000000010232,0.004411354461642211
2021-09-17,-0.00992646091932615,-0.010357426506155403,-0.18593766057510663,0.0,-0.01083898099998315
2021-09-20,-0.002813894634048165,-0.004983963946364922,-0.8603601299762218,0.010000000000005116,-0.006666778785036443
2021-09-21,-0.013281604196139161,-0.016703084537076744,0.462162151934983,0.010000000000005116,-0.019599782763943387
2021-09-22,-0.008280792826209063,-0.012765887695565794,0.3522981622326391,0.0,-0.012875738621537939
2021-09-23,-0.0121909787006689,-0.011426968632872868,-0.35560096714215916,0.0,-0.01359120063361748
2021-09-24,-0.0038352910232929047,-0.004493865619917037,0.4698373928820274,-0.030000000000001137,-0.009448772700909455
2021-09-27,-0.005662762959189753,-0.005046386291728531,0.08893617563337841,0.01999999999999602,-0.012045329026819849
2021-09-28,0.010996393363350915,0.013079442893341389,-0.10420485122369172,0.01999999999999602,0.017830249318900697
2021-09-29,-0.021569977937728125,-0.021558147668608897,0.026385935614531064,-0.010000000000005116,-0.029202166908139975
2021-09-30,0.011618208459568456,0.012670980295515579,0.0006741008862753972,0.0,0.017543677001716267
2021-10-01,-0.0029746378554387394,-0.0013153226035544723,-0.7582810740681829,0.0,0.00214807279725929
2021-10-04,0.004299280461011605,0.007481863080891929,0.25026773919030987,0.0,0.008625909269375088
2021-10-05,-0.007997765847941617,0.007080142950684408,0.3158436678566474,-0.010000000000005116,-0.010001582509416016
2021-10-06,-0.004565341249261893,0.0019569041666725015,0.0770984583796519,-0.010000000000005116,-0.011382753449373726
2021-10-07,0.004604717477039652,0.004538532386922864,-0.1758707671331372,0.0,0.008348848718385118
2021-10-08,-0.0010861698503090657,0.0005211784252292871,-0.5882082151915142,0.009999999999990905,-0.0061845810841260705
2021-10-11,-0.016991203260984643,-0.021584866287410354,0.27784823999338215,-0.010000000000005116,-0.026169497924922534
2021-10-12,-0.0007287011753205145,-0.002700048621467455,0.8413047344124429,0.0,-0.0017888821812643836
2021-10-13,-0.019704390309407006,-0.023362588118088987,-0.3431428081499135,0.009999999999990905,-0.028373516181118903
2021-10-14,0.026997474372429994,0.027602477490136862,0.1249579219279866,0.010000000000005116,0.03524332376912878
2021-10-15,0.00895108755490257,-0.001185482965714056,-0.12658635258103246,-0.009999999999990905,0.012419934934716303
2021-10-18,-0.0024841236267610116,-0.006049077819653944,-0.2605880211090117,0.009999999999990905,-0.01133780608812265
2021-10-20,0.02614973946894378,0.022553074492034836,0.11330123474220599,0.010000000000005116,0.025676340933835844
2021-10-21,0.010137331440137511,0.009293906252520379,0.48265759309695255,-0.01999999999999602,0.0016725087926704296
2021-10-22,-0.00748893622085428,-0.0039808205316004,-0.08561532037425579,0.0,-0.007808170391232083
2021-10-25,-inf,-0.0015588443869380794,-1.910592264792129,-100.0,
2021-10-26,,-0.014925282223816044,0.399996605355021,-100.0,
2021-10-28,,0.01445715466427785,0.5112239106853949,-100.0,
2021-10-29,,-0.0038235863762803796,0.224973431482006,-100.0,
2021-11-01,inf,0.017095188366032958,0.7561964825661214,0.0,0.024698068308111647
2021-11-02,0.005576392992903195,0.004440135993633883,-0.22060099519874043,-0.010000000000005116,0.005809024519615446
2021-11-03,-0.003758309684417414,0.007028831749356944,0.01592549610599292,0.01999999999999602,-0.0013466626933709262
2021-11-04,0.003978811855138192,0.008172400860941094,-0.01607193794383477,0.010000000000005116,0.007644899584688643
2021-11-08,-0.0048575373037639,-0.002962710301829796,-0.38983091193354014,-0.04000000000000625,-0.00723662352721188
2021-11-09,-0.015169708781319732,-0.016701308752054306,0.2112679427216655,-0.01999999999999602,-0.024400446295824257
2021-11-10,0.0058796670288753725,0.005829875568359702,-0.43252614390682,-0.01999999999999602,0.00609620797966611
2021-11-11,-0.005992300809351426,-0.007502896425510797,-0.1256500823372484,0.0,-0.00911988185832055
2021-11-12,-0.014481109502604391,-0.015268961437057423,0.25218035638345526,-0.009999999999990905,-0.017148053065058587
2021-11-15,0.001315478198873717,0.002393057596687276,-0.4613921720709442,0.010000000000005116,-0.003199497903894677
2021-11-16,0.019653347708162114,0.015885932233630707,0.771218921989373,0.010000000000005116,0.02671848706195205
2021-11-17,-0.00812184908972093,-0.0078893812275886,-0.1346436720605375,-0.01999999999999602,-0.014518891994698904
2021-11-18,-0.003182318471273693,0.0005394452354583537,-0.4392222466285318,-0.01999999999999602,-0.0024118546180648998
2021-11-19,0.007945604749280018,0.007845954661044447,0.625582469203998,0.0,0.005522344735809257
2021-11-22,-0.018113207976466733,-0.025356225080876545,0.031448639661945776,-0.010000000000005116,-0.023792393545372114
2021-11-23,-0.01903426376437484,-0.023333182384522567,-0.12641970494897237,0.0,-0.02740816072854258
2021-11-24,-0.0148365375006893,-0.008135332153797182,0.37857203600345457,-0.010000000000005116,-0.017045021852110213
2021-11-25,-0.01084682650187161,-0.005302828837634927,-0.43147528756725606,0.01999999999999602,-0.00781005938213074
2021-11-29,0.03544635419942336,0.02878698399559509,0.10038965098836172,0.0,0.03425650004182864
2021-11-30,-0.006910689620631655,-0.007349782789074792,1.26065182603665,0.010000000000005116,-0.003829354698919063
2021-12-01,0.008355354918926045,0.007067675775130023,-1.4030642677401417,0.01999999999999602,0.00990049448434357
2021-12-02,-0.05123966111302977,-0.058955056394063926,0.6158644115305876,0.010000000000005116,-0.06008324778842651
2021-12-03,0.0012134422468554058,-0.01152648432393842,-0.26344547726256806,0.01999999999999602,-0.016856029489917802
2021-12-06,0.0035349248173423458,0.006252865417463138,-0.5421110836324665,-0.010000000000005116,-0.0012856030939429664
2021-12-07,0.013515139586774569,0.014706766175302408,0.23093355358487955,0.0,0.023185704703793598
2021-12-08,0.0025690765623249843,0.006453989519047809,-0.20339580156906223,-0.030000000000001137,-0.0004973716456294863
2021-12-09,-0.0054256443130266925,-0.010429021997324968,0.42963746303679073,-0.01999999999999602,-0.013768695658326297
2021-12-10,-0.0033348145938676362,-0.006563253632681,-0.4174709829965799,0.0,-0.0036519400629209625
2021-12-13,-0.01318118058255882,-0.016895358861004905,-0.3161183026651706,-0.030000000000001137,-0.017170262505669394
2021-12-14,0.008482737841066857,0.015445909190955866,0.27331905889233354,0.0,0.02140037412784641
2021-12-15,0.024808311902270105,0.03188301601260506,0.46704373030786783,0.0,0.04049476504255531
2021-12-16,-0.014910721622953876,-0.010269594122168055,-0.012120761155621551,0.01999999999999602,-0.013284082420693557
2021-12-17,0.0048593588309748855,0.006200522180689521,-0.1812045169708476,-0.01999999999999602,0.00245523218062958
2021-12-20,0.01087754226688724,0.009590241053860273,0.02232727146579805,0.0,0.01272480047641165
2021-12-21,-0.005738110647977706,-0.006976988629383279,-0.10662246882568027,-0.010000000000005116,-0.00566496765540446
2021-12-22,0.00012045227415111098,-0.004028189847494561,-0.40244849375761405,0.01999999999999602,-0.0017708277997653134
2021-12-23,0.002152725556871958,0.00044712360645508456,0.42180191494405506,0.009999999999990905,0.0035233819257179935
2021-12-24,-0.004218903260807028,-0.0036360472342953144,-0.2957087857039973,-0.030000000000001137,-0.0065821149637198635
2021-12-27,-0.006996461579438715,-0.010411884862977696,-0.3633591094725297,0.030000000000001137,-0.0057595173271217165
2021-12-28,0.0032624763934575914,0.007555548744489849,0.20571862126210405,0.0,0.004481669333635887
2021-12-29,0.004619426540106468,0.006745718462430707,0.3543835184042692,-0.01999999999999602,0.014843159552450457
2021-12-30,0.0036122834960173626,0.0019551356729887934,0.17029461286428216,0.01999999999999602,0.0031479030600500765
2021-12-31,0.004007325701393706,0.006263514196883675,0.3128908060216915,0.0,0.006049790663185487
2022-01-03,0.00824472337190171,0.010528038308994776,-0.7171539891578291,0.030000000000001137,0.01131274487935565
2022-01-04,0.011989345167569044,0.017694132304371998,0.7925168520459103,0.0,0.01995680734442597
2022-01-05,0.0006079625603483949,-0.002217717097337187,-0.28108929929488013,0.010000000000005116,0.0004542443495374699
2022-01-06,-0.006196341616109363,-0.007387798955281934,0.36508353947537486,0.010000000000005116,-0.013352520219354937
2022-01-07,0.007729040427202423,0.007236553479689064,-0.5591345397469389,0.010000000000005116,0.008539641772625893
2022-01-10,0.010003968002704594,0.005918892771190873,0.43431465049942375,0.010000000000005116,0.012780525121046335
2022-01-11,-0.0011691624518456079,-0.00654126690675676,-0.32452945428721947,0.010000000000005116,-0.00128621774394736
2022-01-12,0.0007679877296607329,0.001492112894699185,-0.03262515070729677,0.030000000000001137,0.00017025449170506666
2022-01-13,-0.0038301527557455745,-0.003583567514267555,-0.5933162449124261,0.0,-0.004456011472071327
2022-01-14,-0.00015624406005370728,-0.0004879582329510153,0.3049653297468744,0.020000000000010232,-0.005023257834565783
2022-01-17,-0.0031356625129697726,-0.0035511156090135805,-0.005061319971730427,-0.030000000000001137,-0.007881017285698967
2022-01-18,0.004284467489177243,0.0010152197520171425,0.29763512347696874,0.010000000000005116,-0.00030257688572999004
2022-01-19,-0.0154029711645633,-0.017963986399364758,0.04214888191516053,0.010000000000005116,-0.022807011066327362
2022-01-20,0.0007935752622444696,0.0024416414657852997,-0.1714302907242633,0.0,0.006648550451912097
2022-01-21,0.004619577912511427,0.008998848466593266,-0.11228576584419159,-0.009999999999990905,0.00353554004625785
2022-01-24,-0.0011866614176139758,-0.005400695651742003,-0.11875970036706107,0.01999999999999602,-0.004797557185133593
2022-01-25,-0.0017090110617437792,-0.0024805923550545077,0.23359033330122614,-0.010000000000005116,0.00076088694396196
2022-01-26,0.0023731695947149583,0.00037542374805233725,-0.29037957244736745,0.01999999999999602,0.0025695128919639666
2022-01-27,0.00504912988193025,0.007366938971908586,0.2684924263073647,0.010000000000005116,0.004950701205024129
2022-01-28,-0.0020413489748911276,-0.003603003339411474,-0.018791925993927094,0.010000000000005116,0.00132677922734225
2022-01-31,0.002145742236455284,0.004422068183642949,0.163239411836976,0.01999999999999602,0.007537731550042498
2022-02-01,0.004692682260400225,0.008663924004514326,-0.00686332832035319,-0.010000000000005116,0.00741011247921017
2022-02-02,0.008637022936228369,0.0028531803716503007,-0.04949745417680518,-0.01999999999999602,0.010284959095873385
2022-02-03,-0.006343688433041859,-0.005342886181460479,0.06371135657981952,0.030000000000001137,-0.01051894640552258
2022-02-04,0.0006881934968203759,-0.0015140760950170375,-0.13112174173474145,-0.01999999999999602,0.00018086462963369998
2022-02-07,-0.0022871574358744396,-0.003323304624274552,-0.303113401274544,-0.01999999999999602,-0.008747471175593484
2022-02-08,0.002035723726933134,-6.301643941418939e-06,0.2422983913771688,0.010000000000005116,0.0021555128435023965
2022-02-09,0.010230565531278627,0.007422526789123701,0.16580395167378015,0.0,0.007812247600294178
2022-02-10,-0.011617891258524426,-0.01216631027050692,-0.2320696560753568,0.01999999999999602,-0.010353000782997319
2022-02-11,0.0016821004416930094,0.006332116105752902,-0.14906035101296666,-0.010000000000005116,-0.0033724364761711268
2022-02-14,-0.009121488356794242,-0.008490362964548418,-0.08364825222485095,-0.010000000000005116,-0.01384717915176144
2022-02-15,0.0007035192010014914,0.005087080557265508,0.195432561103992,0.01999999999999602,0.006225478917230443
2022-02-16,-0.0008893268746944006,-0.0026392036394927627,-0.591314885235974,0.0,-0.002966839239027036
2022-02-17,-0.005030674157006231,-0.005172135368993633,0.15590882459191846,-0.01999999999999602,-0.006748233149356434
2022-02-18,0.005909832517725305,0.001830757224115799,-0.3805304156052678,-0.01999999999999602,0.005378613693840487
2022-02-21,-0.006937632251798794,-0.010346694706394923,-0.10263339899814738,-0.01999999999999602,-0.008690871804245558
2022-02-22,-0.009522891858820319,-0.00620039014858646,0.9976393573185689,0.010000000000005116,-0.016391228602888917
2022-02-23,0.004045018470150379,0.007034256723738165,0.0595007661759368,0.0,0.005839788387744397
2022-02-24,-0.030845993912798693,-0.034123166262951844,0.07462030261820018,0.0,-0.04246644722555556
2022-02-25,0.0024059677578428178,0.0012663390905841784,-0.2071419225135287,0.0,0.0032112934586017968
2022-02-28,0.012894920006340412,0.014607153720657129,-0.22870677918209736,0.030000000000001137,0.014778973453289856
2022-03-01,0.008728025163637555,0.006866908555553178,0.7154987048411385,0.0,0.013547877175583459
2022-03-02,-0.005964001248131396,-0.00846471313995719,-0.11924379262122287,0.0,-0.00930276503105242
2022-03-03,0.0028226312621041374,-0.0009831499375672571,-0.08834119238793647,0.0,-0.002681178228928343
2022-03-04,0.0010898099410112704,0.0016974129164012588,-0.46432126435776766,0.030000000000001137,0.0002445007578496132
2022-03-07,-0.035277119328606554,-0.03382335359381563,0.5195034406248489,0.01999999999999602,-0.04773633376128732
2022-03-08,-0.009304507965266186,-0.009100186229831855,-0.003041825645990315,0.01999999999999602,-0.012430799834171351
2022-03-09,0.004720029899072724,0.0036992974715067996,-0.2532610159651121,-0.01999999999999602,0.00601722831550906
2022-03-10,0.019438641301372368,0.021505554445345795,-0.03016207833358564,0.0,0.025837036878360135
2022-03-11,-0.0058987340503829895,-0.0027178590954115935,-0.1344923664577884,-0.010000000000005116,-0.008753754472294704
2022-03-14,-0.009189213997973133,-0.008931517301453631,-0.3675344911353342,0.0,-0.01576757248581551
2022-03-15,0.021221131188234564,0.10879498464449053,0.32419310308775096,-0.009999999999990905,0.006549277933720037
2022-03-16,0.005667444887907306,0.006004876397058387,0.17555663100641894,0.0,0.008851036609935976
2022-03-18,-0.03494872919527955,-0.027992938552460298,0.2565638950111264,0.010000000000005116,-0.0406828122170215
2022-03-21,0.0036529103680724494,0.0029821800009261685,-0.45761407056625814,0.010000000000005116,0.00345963482755428
2022-03-22,-0.0013712136355757544,-0.001610135269778712,0.03384301301685966,0.010000000000005116,-0.0006796724209675131
2022-03-24,0.00909682174244376,0.007664142829864905,0.16448451187079627,-0.010000000000005116,0.01297953374627599
2022-03-25,0.002125039192638515,0.001951905559810277,-0.13612836159435915,0.030000000000001137,0.00223521071956035
2022-03-28,0.008131274415018432,0.01394597638971738,-0.05690705928978801,0.01999999999999602,0.01215794164774978
2022-03-29,0.011241009895502824,0.015857934834272044,0.6385925173051348,-0.010000000000005116,0.01737969304220557
2022-03-30,-0.0035539651966064313,-0.0017298439375906366,0.04862387436764948,-0.04000000000000625,-0.00373646488821306
2022-03-31,0.011422107985355914,-0.04307809969468051,0.1284939927181874,-0.010000000000005116,-0.005761576546732212
2022-04-01,0.006393861900117553,0.006485804885376218,0.09097778122576727,0.0,0.006469634575145516
2022-04-04,-0.028889070625705168,-0.02621529631101345,-0.6032023355980698,-0.01999999999999602,-0.03678700978503483
2022-04-05,0.000988339236336787,-0.0029759360517669746,-0.34179638522120115,-0.030000000000001137,0.0007603106311570501
2022-04-06,0.0052391586633161675,0.004477152223858568,-0.07927573028642954,-0.01999999999999602,0.006657631081412244
2022-04-07,-0.007939649831568026,-0.005296653546923752,0.2329640734496543,0.01999999999999602,-0.00696038012906654
2022-04-08,0.018151390207597293,0.016142067918368218,0.497929408669453,0.01999999999999602,0.021091109122207075
2022-04-11,0.039739523458538956,0.0331363151951329,0.5989139964392152,0.0,0.050768107037827755
2022-04-12,0.006223377462016932,0.004791759286806212,0.11563398489264998,0.010000000000005116,0.018034805834509265
2022-04-13,-0.0028243933390010023,-0.00015024061062004885,-0.17802870438589125,-0.010000000000005116,-0.0009749377473132134
2022-04-14,0.007595537539306932,0.007239910240701341,0.45378814499393627,0.0,0.01734065316350168
2022-04-15,0.00036881454209635557,0.0032792969225267526,-0.2648063051044254,-0.01999999999999602,6.29408212135401e-05
2022-04-18,0.002037748019861479,0.0013268286511871222,-0.3937645987379952,0.010000000000005116,-0.0012892256471050698
2022-04-19,-0.012404331242684839,-0.009465875553249327,0.01638057917255864,-0.009999999999990905,-0.012776244998665061
2022-04-20,-0.0097058681369409,-0.008379649290330124,-0.05595394500346984,-0.009999999999990905,-0.015557503134105229
2022-04-21,-0.006819179202625456,-0.009649348896324518,-0.4620559244118603,0.0,-0.005752981312594577
2022-04-22,0.0011018454281358473,0.0009503811774083907,0.08163470095331249,-0.010000000000005116,0.0036654305115179117
2022-04-25,0.014184873933886793,0.01267853509840913,0.31648010221421075,-0.010000000000005116,0.00872062751628466
2022-04-26,-0.006060811104655306,-0.006751071569711657,-0.6239695270475565,0.0,-0.010157598261535677
2022-04-27,-0.01738861311349363,-0.008958715205510885,0.6987999149475108,0.010000000000005116,-0.0100934665054427
2022-04-28,-0.006481857602845807,-0.003132515518560239,0.03297521971933293,-0.010000000000005116,-0.009051234298527853
2022-05-06,-0.009632293466294878,-0.004209470900470594,-0.4716028798982137,0.010000000000005116,-0.01377258062011828
2022-05-10,-0.037706859930862265,-0.03555940660657435,0.16030168517644583,-0.01999999999999602,-0.04621387197368594
2022-05-11,-0.012801759831806371,-0.01290711603992182,0.33148565373859284,0.0,-0.024230337038806126
2022-05-12,0.00024073240758785803,0.004271528097320047,-0.329773632281654,0.010000000000005116,0.008481139940721303
2022-05-13,0.013289709057259416,-0.010276305179456506,-0.02782745011870702,0.010000000000005116,0.0072015736210031
2022-05-16,-0.01912640399955946,-0.02021399618400781,0.2732616906640821,0.0,-0.02385739225137074
2022-05-17,0.0020618999055471462,0.0017913423267564455,-0.3680832692088316,0.01999999999999602,0.00335955315581063
2022-05-18,0.006992717623089143,0.004419821787686482,0.25612769505911714,-0.010000000000005116,0.014514704083653936
2022-05-19,-0.0006304602684015243,-0.00423092275365819,-0.40610915797681457,0.0,-0.00385374618260427
2022-05-20,0.001041673938638311,0.002057349956156858,-0.53016690358956,0.0,0.00020573933050646007
2022-05-23,-0.016893617122864413,-0.018446298729890266,0.13177225817488036,-0.010000000000005116,-0.018467112677637457
2022-05-24,-0.011897880398081064,-0.011021485377034079,0.4334209501842672,0.010000000000005116,-0.011794792262229783
2022-05-25,0.0006564913791216338,0.010229583625816434,0.36038743254671246,0.0,0.00983215554504291
2022-05-26,0.014349228853827427,0.01887106778332151,0.15943491272739152,0.01999999999999602,0.024041036707016798
2022-05-27,0.007603874859918165,0.006791589401326346,0.5922889712796611,0.010000000000005116,0.006616649341779163
2022-05-30,0.007163570450817857,0.0060912031583673235,-1.0842675710324663,0.0,0.006840379844685397
2022-05-31,0.004281194855359829,0.004415349101516744,0.04293991156571764,0.01999999999999602,0.0021577489265861964
2022-06-01,-0.00964454015698224,0.0015935300542644021,0.07883795262249649,0.0,-0.010743021052407074
2022-06-02,-0.011553996831455469,-0.004449060796540716,-0.18402620254297375,-0.010000000000005116,-0.012465892129545237
2022-06-03,-0.0235305230072288,-0.028566614836850898,0.2150298960615089,0.009999999999990905,-0.029906115330527436
2022-06-06,0.008516311704422453,0.0032124371279701356,0.1386966672246217,0.010000000000005116,0.012194395182939416
2022-06-07,-0.0011927455650586484,0.003307156800263254,-0.6605193545980477,0.0,-0.004152521458759341
2022-06-08,0.001731184862636519,0.0013657450012229647,0.21023060965711693,0.0,0.00304325573580578
2022-06-09,0.004574571437329499,0.006582649155350834,0.17662646473970867,-0.010000000000005116,0.0073554843101821445
2022-06-10,0.0071798485609244215,0.009331588505528683,-0.9654380292279079,-0.010000000000005116,0.00699267431523212
2022-06-13,-0.03140236438657511,-0.018368917739609792,0.6581954576789926,0.0,-0.028197426235770852
2022-06-14,0.005120077767380275,0.00068218230923115,-0.1872016068853668,0.0,0.006646048333417071
2022-06-15,0.010624271008055654,0.008869248782889578,0.022998087424817015,0.01999999999999602,0.008949576007127426
2022-06-16,0.007740397363183112,0.00322075286251037,0.3031383260048415,-0.01999999999999602,0.006820787665837272
2022-06-17,0.010171239592510286,0.016768378052561785,0.6764127998848437,-0.01999999999999602,0.014220677366818674
2022-06-20,-0.009141798023274536,-0.006614941653922271,-0.7120324685714188,-0.010000000000005116,-0.011066856897427863
2022-06-21,0.018720936408306653,0.02404327174834889,0.6912798016435282,0.010000000000005116,0.030201326946291674
2022-06-22,0.00017672269239271985,-0.0026285622847888675,-0.1692555667762896,0.0,-0.001270053999214047
2022-06-23,0.005798144182544743,0.005623290372007929,0.31315410606796945,0.010000000000005116,0.00937797987867501
2022-06-24,-0.04315833750979164,-0.036998718176011365,0.14618830686758244,0.010000000000005116,-0.045659500456384
2022-06-27,0.021872732134850324,0.032055148538360015,-0.6371757435464609,0.0,0.02496507636920649
2022-06-28,-0.004694560301789039,-0.003582503591896252,0.03466399114931562,-0.010000000000005116,-0.00444460496304913
2022-06-29,-0.0149992347559374,-0.013873630698701693,-0.3713764110248263,0.01999999999999602,-0.01340251355592466
2022-06-30,0.006883807953667605,0.0029222370787620163,0.1174147595891668,-0.010000000000005116,0.00430265764916718
2022-07-01,0.0035484125053570174,0.0002572921712418405,-0.5746538178413445,0.009999999999990905,-0.0005163548141129235
2022-07-04,-0.007868022447718594,-0.009894204646558208,-0.39817870231423313,0.0,-0.010521504819931101
2022-07-05,-0.006489164704141212,-0.0026654486949726484,0.0771201812006872,0.010000000000005116,-0.007081611326842767
2022-07-06,0.001608753720647062,-2.785371556467132e-05,-0.0398768516230632,0.030000000000001137,0.00171538709475523
2022-07-07,0.004290264706885187,-0.0023441284928859656,0.3964064046208655,-0.010000000000005116,0.0011328512995099932
2022-07-13,0.014894899706955162,0.012136715135629467,0.4642868548305259,-0.009999999999990905,0.020024733844141072
2022-07-14,0.01252968867415359,0.011364143652627045,0.18196979611177966,0.0,0.011471168358993221
2022-07-15,-0.007096414233567916,-0.008158340335737752,-0.38822841383444384,0.010000000000005116,-0.010090930000223475
2022-07-18,-0.019152686183411215,-0.01647143063476473,-0.08443125154837716,-0.010000000000005116,-0.025510106125539653
2022-07-19,-0.028603246543050385,-0.020417245104099237,0.4595220585516486,0.04000000000000625,-0.03175628508763199
2022-07-20,0.0028360062968796605,-0.0011501539703611134,-0.27950361887828734,-0.01999999999999602,-2.6478149293826524e-05
2022-07-21,-0.01621730190718635,-0.016900235782423178,0.08029049113379827,0.0,-0.0235165189942163
2022-07-22,0.005896957831547928,0.0037843400278041663,0.13894223719810483,-0.010000000000005116,0.014532791993855657
2022-07-25,-0.007420013276708995,0.00022466555563064228,-0.9670854144917342,0.010000000000005116,-0.004762398456403453
2022-07-26,0.002138680365547672,0.0006056646844463397,0.7436106049049158,0.010000000000005116,0.00171435491717396
2022-07-27,0.001786618929827329,0.0001530594026529123,-0.13422570489635532,-0.01999999999999602,0.0023331634199979107
2022-07-28,0.00951424418756935,0.005497976279267349,0.7773346210943615,0.030000000000001137,0.010110781152653852
2022-07-29,-0.004621205521060971,-0.0030318502760964677,-0.24569612291976384,0.0,-0.0027494438941938603
2022-08-02,0.0010103313272099238,0.0017660273222666928,-0.09665190135723023,-0.010000000000005116,0.0025107044640056723
2022-08-03,0.0208810176679606,0.019835962457858878,0.429835707615581,0.0,0.025616592210793446
2022-08-04,0.0057972083202155415,0.002041485470437393,-0.3719614434004015,0.010000000000005116,0.0036599680920886032
2022-08-05,0.014140136243663809,0.012279992361495172,0.7633083588853111,0.010000000000005116,0.02137204045119652
2022-08-10,0.012319585241466808,0.004304495333209578,-0.12447779995561703,0.0,0.01095001879364399
2022-08-11,-0.006759235049334221,-0.0017564650813265837,-0.33016925804029995,-0.01999999999999602,-0.005699353210434997
2022-08-12,0.015159585476112444,0.0166955974412867,0.21346916177476416,0.0,0.019237396686009503
2022-08-15,0.01546564633448413,0.01814121693709158,0.31462465032678466,0.030000000000001137,0.024168955975230996
2022-08-16,-0.0022477471540726774,-0.00834410004995831,0.10379789770280112,0.01999999999999602,-0.009576414433798015
2022-08-17,0.006115819358816774,0.006906936268054844,-0.8101590508072931,-0.01999999999999602,0.007146547475788969
2022-08-18,0.0036216963751081973,0.006373387513653836,-1.1559503607648374,0.01999999999999602,0.007689055306944976
2022-08-19,-0.011736190059296034,-0.009059204812310366,0.8467332768139393,0.0,-0.013868136521060413
2022-08-22,-0.010194495992773996,-0.009490337225715895,-0.07763863637583768,0.01999999999999602,-0.017779776408966472
2022-08-23,0.015524980029093208,0.015703061455236277,0.2665559946257936,0.0,0.014737839909596777
2022-08-24,0.0021666253792514546,0.00139126356226538,-0.05758995182897664,-0.010000000000005116,0.001437457468037088
2022-08-25,-0.011659469903556327,-0.007179847895229039,-0.11995935716533523,0.01999999999999602,-0.009036349704733222
2022-08-26,-0.01355540325881018,-0.012761441605009227,0.2716325176978387,0.010000000000005116,-0.014523538394887804
2022-08-29,-0.001583425876944775,-0.003466007651820142,-0.06460947109117043,-0.01999999999999602,-0.00307274275915246
2022-08-30,-0.010156600273921707,-0.005898408954556574,0.029616445977243444,-0.01999999999999602,-0.012004121062998583
2022-08-31,0.0047858405792912595,-0.00019413988810564682,-0.09494071749220012,-0.030000000000001137,0.006919061287370363
2022-09-01,0.0008170936366368409,0.005682383492023141,0.5444952342488989,0.0,0.00173364611624196
2022-09-02,-0.005255078859347399,-0.006095055940342134,-0.9061986890774669,0.01999999999999602,-0.006721218365376936
2022-09-05,-0.011680009999025711,-0.01112354176477623,-0.14005247051499836,0.0,-0.015592486404529933
2022-09-06,0.00020649411571280467,-0.000376526368660832,-0.15414099722759644,0.0,0.0016354119244695934
2022-09-07,-0.0026390130455821188,-0.0017551727598343022,-0.14844744163022838,0.0,-0.0031288992125678267
2022-09-08,5.9767376761294986e-05,-0.00013451002283988912,0.22738498912051242,0.010000000000005116,0.00242075852908427
2022-09-09,0.0037078352610346007,0.001765234204338688,0.6385593206924156,-0.01999999999999602,0.003742349119258214
2022-09-12,-0.006730213658986231,-0.009996479012250509,-0.5547840120740126,0.0,-0.008509410796487966
2022-09-13,0.0038634033062873996,0.004653535177056528,-0.2749358944689675,-0.01999999999999602,0.00298423941853269
2022-09-14,0.002164013631375462,0.001907951801029554,0.8347218426370944,0.010000000000005116,0.0040126749537198565
2022-09-15,-0.02027630936089646,-0.029810837904149606,0.4730708138676505,0.0,-0.0029053658509983
2022-09-16,-0.0020720458114628698,-0.002727658931969542,-0.22159082085604354,-0.010000000000005116,-0.003956225156388426
2022-09-19,-0.0031577737346743244,-0.0037484503316926473,-0.27800385367359226,0.030000000000001137,-0.00539482052649217
2022-09-20,-0.01002117080526564,-0.013880771228645374,0.017642024142972446,-0.010000000000005116,-0.0068222386595492
2022-09-21,-0.007191672860395619,-0.00714729670914962,-0.26754426636187034,0.010000000000005116,-0.010519176910480746
2022-09-22,0.0012214176669405829,-0.0015063640185721486,0.1590173373397299,0.0,0.0009312564180890801
2022-09-23,-0.013173230232565546,-0.004494240431552224,0.0684519590919841,0.0,-0.00988999314868982
2022-09-26,0.01351144839961851,0.010459355436616333,0.3984401653349501,0.030000000000001137,0.020625286988093367
2022-09-27,0.009169657936269032,0.002609065729112359,0.09961881816726503,0.0,0.010509817987477476
2022-09-28,-0.0037124971124723846,-0.008089807004245731,-0.16837414456924193,-0.030000000000001137,-0.00351081714814886
2022-09-29,-0.012461323464605878,-0.00892705285412351,-0.6345752682522772,0.030000000000001137,-0.011817542712127685
2022-09-30,0.0016053772047464282,0.005293762932325426,0.6065858745578154,0.010000000000005116,-0.0014973473754997329
2022-10-03,0.004758753367251301,0.00248993069185021,0.20611115923414047,0.0,0.005984989220582149
2022-10-04,0.00437049751637898,0.000998768617110931,-0.1709494517973802,-0.010000000000005116,0.004101747115189644
2022-10-05,0.00816206849646801,0.013602356031245643,0.17973181030667362,0.0,0.007807426637457723
2022-10-06,0.018435392968203117,0.015032849676343432,0.21507900166568206,-0.01999999999999602,0.017415646483304147
2022-10-07,-0.002146968064103332,-0.0038981047396075812,-0.17062373487944527,0.010000000000005116,-0.002685257977702306
2022-10-10,0.0018181977023546613,0.0007696287558438583,-0.2272118079584935,0.010000000000005116,0.0016879307713802438
2022-10-11,-0.01691868044152477,-0.004653981896085766,0.012099630180657073,-0.010000000000005116,-0.006617857133691003
2022-10-12,-0.003387277242079994,0.0025492655702410824,-0.12672323051143763,0.0,-0.0007750868857444767
2022-10-13,0.002169461507878669,0.0041372201090804726,-0.0831952421198281,-0.01999999999999602,0.0015125484772248233
2022-10-14,-0.004513157458159764,-0.0013602006103116346,0.11353557349736576,-0.010000000000005116,-0.005683890496315197
2022-10-17,-0.007071584819118261,-0.004441144373628367,-0.8322647518143107,-0.010000000000005116,-0.01282944101749044
2022-10-18,-0.006377984114983886,0.00011250511398733142,0.15807219952067797,-0.01999999999999602,-0.005615223244345396
2022-10-19,0.007450453157799692,-0.009734049760533214,0.45200501599399345,-0.01999999999999602,0.002803995562683607
2022-10-20,-0.0018977182054616328,-0.002892352456177691,-0.16074036144484438,0.0,-0.004494019130540056
2022-10-24,0.0058316315309002165,0.011524671057261085,-0.271230537432114,0.010000000000005116,0.0033022537891858337
2022-10-25,-0.004199452597773881,-0.005115214427178327,0.1362354934071348,-0.010000000000005116,-0.009738618952695507
2022-10-26,-0.017117716241558268,-0.0185261648926972,0.4008169198677507,-0.010000000000005116,-0.02793876819967327
2022-10-27,0.0010758064833340983,0.00014500944770697371,-0.3334298964963267,-0.01999999999999602,0.00155160120355238
2022-10-28,-0.01641167004544947,-0.01460249890470488,-0.28178821052398106,0.010000000000005116,-0.022366975479961124
2022-10-31,0.0013514950349742465,0.004518952326380989,-0.6152081236512821,-0.030000000000001137,0.0007626948672055668
2022-11-01,0.014821339314733025,0.011228906077498614,0.8275155801234604,-0.010000000000005116,0.025354351472281267
2022-11-02,0.00409834236187711,0.003649057428932558,-0.07207903223255485,-0.010000000000005116,0.0022407610220883034
2022-11-03,0.0029522147849725057,0.002673895877075789,0.3799569645003942,0.0,0.006397377184453348
2022-11-04,-0.010955670498516834,-0.007415904925122287,-0.4202962920782696,-0.010000000000005116,-0.01429147517064512
2022-11-07,0.004791019444111285,0.004235942763432837,-0.015163211254609621,-0.010000000000005116,0.0071457330876988434
2022-11-08,0.005065127047642371,0.004739324802436435,-0.22252692230149052,0.0,0.0037277384009365296
2022-11-10,0.018261720416479,0.010133572089482124,0.9751252286577099,-0.010000000000005116,0.019785431256595078
2022-11-11,0.008740880370361479,0.005094184854279011,-0.21880367821916735,-0.01999999999999602,0.009551140489694243
2022-11-14,-0.004405218652349398,-0.00597719166108185,-0.38026025626617255,0.0,-0.007205557638472416
2022-11-15,-0.001301679033919072,-0.0025488004042799124,0.36266053071361526,-0.030000000000001137,-0.0014743101792359747
2022-11-16,0.006862151418777336,0.0038670226581624073,-0.07997097249537433,-0.010000000000005116,0.0018560241360749002
2022-11-17,-0.0033874278596064005,-0.0035661184818351877,-0.10100753469208357,0.030000000000001137,-0.00624411428542456
2022-11-18,-0.003950041993649781,-0.002296038364903959,0.35734531017586235,-0.01999999999999602,-0.006292748826418036
2022-11-21,0.0016741237643642037,-0.0003291749887758047,-0.6743540552118361,-0.01999999999999602,0.0018256001881714968
2022-11-22,0.004118189968996688,0.003730044395144387,0.44869870096818687,0.0,0.0068181984367744735
2022-11-23,0.001102751631871287,0.003572454785367882,-0.2151952063129663,0.0,-0.0012208494951926026
2022-11-24,-0.00029339441893372245,-0.0021069588801016356,-0.0950035110476719,0.0,0.0009398543031943021
2022-11-25,0.0008629867435058756,0.001391433314898381,-0.004639939913662516,-0.010000000000005116,-0.0025618726152987635
2022-11-28,-0.020068835247873028,-0.02485174966957616,0.2798923668809792,0.010000000000005116,-0.026843792189857354
2022-11-29,0.010328836238256204,0.009627982203848688,-0.3714960872776132,-0.010000000000005116,0.00875182610094537
2022-11-30,-0.002125983201319697,0.0028958956882491615,-0.3527584867028608,-0.01999999999999602,-0.0031014615477130162
2022-12-01,0.0020372165137938505,0.0007295949858545804,0.15986119292866618,0.01999999999999602,0.0008650071846660834
2022-12-02,-0.005073240977119178,-0.007730197679178423,0.011991067993381677,0.009999999999990905,-0.010774289181304016
2022-12-05,-0.014736138942339577,-0.014511255707966462,-0.48428020763689617,-0.01999999999999602,-0.01712496718740418
2022-12-06,0.00032896861315027574,-0.0019716668030262327,0.3368532011553995,-0.01999999999999602,0.0009386269509922365
2022-12-07,0.005376810001618183,0.005936898920661303,0.21080736749750884,0.010000000000005116,0.00605688076149013
2022-12-08,-0.004411734402775416,-0.004659836557718091,-0.41709601513532846,0.0,-0.007130685373120993
2022-12-09,0.0014351839888206799,0.002450226597012742,0.29481709652835164,0.01999999999999602,0.00347872101916532
2022-12-12,-0.0031734231780130915,-0.0033102906849000495,-0.08739224366087939,-0.030000000000001137,-0.0071083872162686175
2022-12-13,0.0050230775938911254,0.002519580339968936,-0.04327406319185911,0.010000000000005116,-0.0017112074631769065
2022-12-14,0.002118157292170181,0.0006987582731152609,0.46658420611406015,0.0,0.0015836143192661666
2022-12-15,-0.016175926977188664,-0.016593555532411763,0.043041866336853474,-0.010000000000005116,-0.020962355315692793
2022-12-16,0.0017470225781743003,-0.00037944556445537476,-0.4396233973126087,0.010000000000005116,-0.0019434312913260263
2022-12-19,-0.010920992578372748,-0.013818828476040691,-0.16045076870598507,0.0,-0.01769648354808872
2022-12-20,-0.025876786889853235,-0.03059238327733685,0.8935947733357388,-0.04000000000000625,-0.03926229618570621
2022-12-21,-0.015833175158195788,-0.012984971071790528,-0.5618480119209899,0.0,-0.020292238303341016
2022-12-22,0.015322369224089236,0.009581406572431669,0.47602852555814223,0.01999999999999602,0.022730831801977776
2022-12-23,-0.005643365412401067,-0.010887127434744358,-0.2051028800317276,0.0,-0.00760469061367489
2022-12-26,0.012095870876955215,0.012184371915296026,0.044915586727057644,-0.010000000000005116,0.018867347101496564
2022-12-27,-0.006937461632549101,-0.004990773103280913,-0.14869129618750065,0.01999999999999602,-0.007389123384936354
2022-12-28,-0.014765305087165276,-0.02000148923835244,0.22749766042457154,0.01999999999999602,-0.01587568499749457
2022-12-29,0.010772603749628473,0.009638485212318637,-0.23319772562988206,0.010000000000005116,0.009545603222595147
2022-12-30,0.014860222805674537,0.011383206584016278,0.3668363354858215,0.010000000000005116,0.011470663190218916
2023-01-02,0.012717823816354577,0.011056779706641581,-0.07126972273342602,-0.010000000000005116,0.013260127158608
2023-01-03,-0.003401971824052576,-0.0031426029991768836,-0.5968822046104982,0.010000000000005116,-0.00575131210444984
2023-01-04,-0.0015641257284421512,-0.0005388128412866767,-0.04504718951246289,0.0,-0.0029901502529086467
2023-01-05,0.006770614270167329,0.004264998116873539,-0.39144138398186357,0.009999999999990905,0.00388877913546685
2023-01-06,0.008382526165523091,0.002924000529803965,0.9021941470089807,0.0,0.01227490431697858
2023-01-09,-0.011131355478601682,-0.012768761817962559,0.09662466178313878,0.030000000000001137,-0.012799463329637106
2023-01-10,0.006305858032867569,0.010478460063184078,0.21212957375506747,-0.010000000000005116,0.01310327888977322
2023-01-11,0.0022461027839729506,0.0013968308408636762,-0.11981719436115057,0.010000000000005116,-0.0036644819783195866
2023-01-12,-0.0028774737802731197,-0.00218013363303619,-0.3279106287062419,0.01999999999999602,-0.0015803338338426
2023-01-13,-0.013413228739078539,-0.008134660350355453,-0.13478439172405032,-0.01999999999999602,-0.01640330256348685
2023-01-16,-0.01693993117046226,-0.01620225859381177,-0.30795363353399097,-0.04999999999999716,-0.019511326697390752
2023-01-17,-0.028531652691198325,-0.041582880696176765,0.6119301727329116,0.01999999999999602,-0.0440884836007749
2023-01-18,0.01881279544143907,0.015156416073381486,-0.11993668406188718,-0.01999999999999602,0.014255902686854635
2023-01-19,0.003598510413229629,-0.004290641915868388,0.22638986811371353,-0.010000000000005116,0.0031093438592242036
2023-01-20,-0.012355029330758046,-0.01326980897180342,-0.6255717930016225,0.010000000000005116,-0.01743952271905599
2023-01-23,0.003062548163821965,0.002761546100175641,-0.25112837809091815,0.010000000000005116,0.0010320274368261465
2023-01-24,0.015446491316621356,0.00820352408212101,0.9989037085463899,0.0,0.02020357990545842
2023-01-25,0.021287926970800546,0.0176489142024877,0.3933289839737526,0.0,0.022808154330139517
2023-01-26,0.02741639240499193,0.02016740717395864,0.2972363360651933,-0.030000000000001137,0.029275905844989278
2023-01-27,-0.00671097898715184,-0.006115653718308263,-0.7150719092793381,0.01999999999999602,-0.011815831122741231
2023-01-30,-0.014139612146940634,-0.002828464831290161,-0.31540158194402323,-0.030000000000001137,-0.013234815186894754
2023-01-31,0.01945772495560716,0.02123579367210414,0.12160746897779973,0.0,0.015145737948615757
2023-02-01,-0.00131898339519825,-0.001530816457725368,-0.18629639003015797,0.01999999999999602,-9.889847507151319e-05
2023-02-02,0.0039061690018593036,-0.004578129642593559,0.012006209349404884,-0.010000000000005116,0.0019007674045911501
2023-02-03,-0.004422209466519596,-0.003474506717391206,-0.33107899429806764,0.01999999999999602,-0.005122033370283446
2023-02-06,0.02162357845453873,0.023739379351459946,0.7389522896759857,0.04999999999999716,0.019854995358148
2023-02-07,0.010843461100994236,0.009771754678599141,0.4025338185364902,-0.010000000000005116,0.006801971171525644
2023-02-08,0.005284183765098105,0.006913732695166462,-0.08879977859805166,-0.010000000000005116,0.00713094426716964
2023-02-09,0.017341255929643407,0.005828063608911951,0.26052575505323716,0.0,0.018699731766229313
2023-02-10,-0.021391859417159906,-0.018285951532242356,0.03682323048262148,0.010000000000005116,-0.02199787011893946
2023-02-13,-0.001987291917157917,-0.008092714339688886,-0.6812612240165414,-0.01999999999999602,-0.001364065125721393
2023-02-14,-0.015176857751172652,-0.011410415188114123,-0.01716060476878667,0.010000000000005116,-0.013897396862726463
2023-02-15,0.009893855095423223,0.012824580363121738,-0.17971674884476485,0.0,0.00648862536319857
2023-02-17,-0.004086805801919961,-0.009016643856533446,-0.47220606038793633,-0.010000000000005116,-0.009031010394246903
2023-02-20,-0.01169215789004554,-0.004511628465713656,-0.055177924196698314,-0.01999999999999602,-0.013445200588433596
2023-02-21,0.007002892876079307,0.00588029449304336,0.023266324789979365,0.0,0.008223022334736372
2023-02-22,0.006177817497890241,0.0008195515055455645,0.8745230038513974,0.0,0.00927475505373055
2023-02-23,-0.00777668600263823,-0.00500842516988225,-0.20613752350467962,0.0,-0.01060691992576605
2023-02-24,-0.005343114413060289,-0.002089707258539631,-0.19173088363838886,-0.010000000000005116,-0.007141042553085999
2023-02-27,0.0016724877463098068,0.001305635928196804,0.2455440196136287,-0.009999999999990905,0.0027905746913460703
2023-02-28,-0.010779594064745482,-0.008104691046478065,-0.4627866160612797,-0.01999999999999602,-0.013241802119001455
2023-03-01,-0.0022268699650282832,-0.0015485062104895312,0.506116193476231,0.01999999999999602,-0.0016527412812083503
2023-03-02,0.01051987240997671,-0.0017797464272395133,-0.05112002965129747,0.0,-5.638058604530375e-05
2023-03-03,0.017295514362960812,0.019764220649932895,0.04962881204726699,0.0,0.023322131510308933
2023-03-06,-0.0002914496376066968,-0.0017030423064494234,0.1922487982546528,0.010000000000005116,0.007684346469443461
2023-03-07,-0.0031287583048080327,-0.0031799034553785114,-0.2230919811055294,-0.010000000000005116,-0.00314091935988698
2023-03-08,0.004025463142264276,0.0006480571193285356,-0.16384095509294738,0.0,-0.00031592357856629006
2023-03-09,0.004661553707883171,0.004496637914367548,0.24310844337302484,-0.010000000000005116,0.011723170840072288
2023-03-10,-0.007119237042034214,3.738716087929802e-05,0.15803738948685364,-0.010000000000005116,0.0026347851132398235
2023-03-13,0.006785734628572457,0.00429394956393254,0.2775725537635516,0.0,0.004735321321931854
2023-03-14,-0.004807285327190673,-0.0022304779617118614,-0.5025455599042559,-0.01999999999999602,-0.0036769556805000604
2023-03-15,0.003549518083806703,0.01723310087096679,-0.30447390688306797,0.010000000000005116,-0.03139345462456315
2023-03-16,-0.004500936883128997,-0.007623747363991113,0.05036703215490235,-0.010000000000005116,-0.00050236124520941
2023-03-17,-0.010087009727308768,-0.009005123881341746,0.037524606022465434,0.01999999999999602,-0.006648935533999663
2023-03-20,-0.02100530296917232,-0.012313042451726113,-0.03998491899223211,0.010000000000005116,-0.015767590454865584
2023-03-21,0.0029775801750884894,0.004778887131834838,-0.27885795404062463,-0.01999999999999602,0.004613234119491353
2023-03-22,-0.011483627044962393,-0.008608277095796575,-0.24139078721669804,-0.010000000000005116,-0.016309737860184772
2023-03-24,-0.011953621276427401,-0.006962508305555778,-0.9633793738206577,-0.010000000000005116,-0.014788107724549259
2023-03-27,0.0032760945174364325,0.0053829912561881126,0.5972636649315959,-0.009999999999990905,0.0015592497270615834
2023-03-28,0.00272954591740622,0.0029768158328379287,-0.10278382384693074,0.010000000000005116,0.0033474083916662702
2023-03-29,-0.003779682482962377,2.8380146386645887e-05,-0.026299613972710745,0.0,-0.004723799948579402
2023-03-30,-0.0002938721342399663,0.000658193396435325,0.43778188559232234,-0.01999999999999602,-0.0013464617374468273
2023-03-31,0.005792517438998745,0.003953271688384585,0.17018385098964117,0.0,0.0077359316817689735
2023-04-03,-0.002128002640742719,-0.001988834906494208,-0.6920942703493829,-0.010000000000005116,-0.004330426297283017
2023-04-04,-0.004749807455935493,-0.004899383475022307,0.2570644628386596,-0.010000000000005116,-0.0035889551279718033
2023-04-05,0.0007162378543448356,0.0013568265988098598,-0.04499235816035352,0.0,0.0009330039521193367
2023-04-06,0.01909121292530195,0.01346983209862761,0.9788865412589907,-0.01999999999999602,0.02065718888891094
2023-04-07,-0.008750978425559195,-0.007367969775231191,-0.6762602448662491,-0.01999999999999602,-0.008236562152161531
2023-04-10,-0.005500615818555354,-0.0032671912296467222,-0.8655165442921664,-0.01999999999999602,-0.0054432624970110095
2023-04-11,-0.0017562155646772427,-0.0007650799031568914,-0.1999544074437445,-0.009999999999990905,-0.0016477896569138434
2023-04-12,0.01032431981053477,0.0037348386506076757,0.678440821196137,0.030000000000001137,0.00745268120356597
2023-04-13,0.0005265226991059513,0.00131330654098872,0.18874853338469322,0.010000000000005116,0.0011678531060415535
2023-04-17,0.00019884472814154022,-0.0004927581578770368,-0.1178192043484465,-0.010000000000005116,-0.00196279943806161
2023-04-18,-0.001955847407385175,0.0021479257668193573,-0.24981986706791304,0.009999999999990905,0.003165508391283483
2023-04-19,0.0010042162874797163,0.0022594515116085533,0.3283726190522067,0.030000000000001137,0.002283843571174447
2023-04-20,0.013890105620457293,0.0059364422272601795,0.7907973094034801,0.04000000000000625,0.013948926201280612
2023-04-26,-0.0008099092120691071,7.447416584279511e-06,0.1200900400288809,0.0,0.0009724341872422765
2023-04-27,0.004792357400381041,0.015179284387998052,-0.14711091088493689,-0.01999999999999602,0.005175910458654857
2023-04-28,0.000545017987154484,0.003604247353865278,0.43126241373761687,0.0,0.0016480447735525068
2023-05-02,-0.0029250966353362175,-0.002656622348135416,-0.38235894852774166,0.0,-0.001616356298260157
2023-05-03,0.0024291635114746567,0.004181172923912337,0.5827295405990611,-0.010000000000005116,0.0018307200886496478
2023-05-04,-0.0006121315555885785,-0.004175676752453933,-0.4637154635589553,0.01999999999999602,0.0002580426827318265
2023-05-05,0.003170896911586036,0.0,-0.09994371212624742,-0.01999999999999602,0.0027857529918698764
2023-05-08,-0.01920711046315731,-0.013289685536366417,0.15779454773581847,0.010000000000005116,-0.018450173113552744
2023-05-09,-0.01169997253993375,-0.010620031316326422,-0.1208477462526254,0.0,-0.014185366785371035
2023-05-10,-0.013914509778419959,-0.00911561346560632,-0.5682186020654498,0.0,-0.012186132650785334
2023-05-11,0.007153525361889826,0.009081837986225876,-0.338547222791302,0.0,0.006423121530539397
2023-05-12,0.00024352493253332823,0.0008852910972489272,0.2126775267973997,0.0,0.0010131223710976034
2023-05-15,0.004306418307407188,0.0029054441316078853,-0.07993150899705626,0.010000000000005116,0.00170384338180094
2023-05-16,0.008005455360548011,0.0020746914780079228,-17.089574928867297,0.0,0.006522937389831201
2023-05-17,-0.005488908985939011,-0.0059986633343735605,0.0,0.0,-0.005514815620689351
2023-05-18,-0.012353636917263279,-0.009052752935334652,0.0,0.0,-0.014656161186202617
2023-05-19,0.001912884581135519,0.003995424002412476,0.0,0.0,0.0020464857069287636
2023-05-22,-0.009019712450213003,-0.004764587773694768,0.0,0.0,-0.009454381269989676
2023-05-23,-0.0033143159203742286,-0.002100213354478055,0.0,0.0,-0.0045386970301450665
2023-05-24,-0.0008026665443684821,-0.0012618681882080806,0.0,0.0,-0.0011852966399149567
2023-05-25,-0.0013479952385135115,-1.5212943172323504e-05,0.0,0.0,-0.00298454268657809
2023-05-26,-0.0030066783629953495,-0.0006049020072028252,0.0,0.0,-0.008962680813049219
2023-05-29,0.00901070430697757,0.011750776464736337,0.0,0.0,0.007127398186263339
2023-05-30,0.010486630330009405,0.01312068173478637,0.0,0.0,0.013919729569878294
2023-05-31,-0.009354873102332626,-0.01045010214209392,0.0,0.0,-0.011279499080822823
2023-06-01,-0.00148905500203949,-0.00152222029507966,0.0,0.0,-0.0016567844625729599
2023-06-02,0.0004032353549164421,-0.0031418524003110422,0.0,0.0,0.0009359412264385868
2023-06-05,0.009117423448852224,0.011253589802604453,0.0,0.0,0.013943043153164336
2023-06-06,0.005005147767221803,0.007643458079267314,0.0,0.0,0.012764891805043322
2023-06-07,0.0047322406886649605,0.007968932742194946,0.0,0.0,0.01204526718820732
2023-06-08,-0.013534543729683022,-0.01174809371008352,0.0,0.0,-0.014766840086082993
2023-06-09,0.004160887736484646,-0.0016458004235043308,0.0,0.0,0.008357432610059647
2023-06-12,-0.0038358393968723273,0.006740607605864813,0.0,0.0,-0.003911033647366117
2023-06-13,-0.005223483295136989,-0.0044899228155780985,0.0,0.0,-0.00478799243880511
2023-06-14,-0.0011793963423566394,0.0,0.0,0.0,-0.0007055721580238131
2023-06-15,-0.004210600438223813,-0.000578900217112046,0.0,0.0,-0.007934470682407053
2023-06-16,-0.003451327055770362,-0.00034898636522919744,0.0,0.0,-0.00424941990237489
2023-06-19,-0.01948599398129162,-0.02103440850284474,0.0,0.0,-0.024067101616357556
2023-06-20,0.0032414489048789427,0.0008453037816100519,0.0,0.0,0.0017078062339210332
2023-06-21,-0.009054050893317915,-0.006628035452474524,0.0,0.0,-0.01071813185757828
2023-06-22,-0.00022712440253003468,-0.03552541495250167,0.0,0.0,-0.016029513744446385
2023-06-23,-0.003076783224279048,0.001912976939658558,0.0,0.0,-0.005970247884187673
2023-06-26,0.036569967797551166,0.025947115377298036,0.0,0.0,0.037785991007910656
2023-06-27,-0.0014192393409061034,-0.007894975863199764,0.0,0.0,-0.00020834071457862338
2023-07-03,0.06182605756217555,0.05598454592711287,0.0,0.0,0.06602054838122769
2023-07-04,-0.004586988357675234,-0.008721260905241262,0.0,0.0,0.0007814065986934194
2023-07-05,1.7816740776468876e-05,0.0016946465789463997,0.0,0.0,0.009443921336111934
2023-07-06,0.01759975669721654,0.014606043566396137,0.0,0.0,0.01431952204143769
2023-07-07,0.001902700596011717,0.003784577754872328,0.0,0.0,0.010021889381131136
2023-07-10,0.004469963309277741,0.00768460266440888,0.0,0.0,0.017049091820779565
2023-07-11,0.00973368892931132,0.010729526809784543,0.0,0.0,0.012726041143113908
2023-07-12,0.010702474923632218,0.004519621362317332,0.0,0.0,0.0071108684102581705
2023-07-13,-0.006152126543785825,-0.005147383960636634,0.0,0.0,-0.00345683988970206
2023-07-14,-0.005501695449034029,-0.005868059911158401,0.0,0.0,-0.0074635845497337
2023-07-17,-0.003157732120976479,-0.003594182554532184,0.0,0.0,-0.0008334536170675233
2023-07-18,-0.016378889824818537,-0.00068624441975755,0.0,0.0,-0.002028308326749053
2023-07-19,0.006916562237866271,-0.0002570137354739874,0.0,0.0,-0.00191055604711445
2023-07-20,0.009461690740886642,0.00950852145825917,0.0,0.0,0.011360236391657393
2023-07-21,0.010137783648138337,0.005522138932097628,0.0,0.0,0.0097751081253964
2023-07-24,0.003661541626926392,0.0016171241720779135,0.0,0.0,0.002699975011427147
2023-07-25,0.009532832993189213,0.0046193206084010315,0.0,0.0,0.007748065956626341
2023-07-26,0.004698458890054157,0.006106849032260622,0.0,0.0,0.009158699113995878
2023-07-27,0.006979250734825521,0.005869844787247149,0.0,0.0,0.00432956680332867
2023-07-31,0.022813949133356864,0.01810252112143629,0.0,0.0,0.020739825923283328
2023-08-01,0.0036766501743045413,0.010267616687681865,0.0,0.0,0.008769924733595355
2023-08-02,0.012648232156003742,0.011841576008998642,0.0,0.0,0.013734222737913367
2023-08-03,-0.005644976086094073,-9.353693212374117e-05,0.0,0.0,-0.00900251541752603
2023-08-04,-0.0006365245514334393,0.00015700343936596886,0.0,0.0,0.002834416050243003
2023-08-07,-0.007088094759958233,0.004183234852964093,0.0,0.0,-0.009824338641364332
2023-08-08,-0.02050428907430361,-0.021332927616812013,0.0,0.0,-0.02989032474428029
2023-08-09,0.018335532269187868,-0.0030935753907574623,0.0,0.0,0.01697894634400674
2023-08-10,-0.015539838067710206,-0.008069817562368358,0.0,0.0,-0.016758390796029064
2023-08-11,0.015103807529030022,0.012670974436679645,0.0,0.0,0.011939337578657833
2023-08-15,0.004507337733719816,0.005636648304131794,0.0,0.0,0.0028093751183220364
2023-08-16,-0.009028728101077951,-0.007205395920017114,0.0,0.0,-0.010852821628149897
2023-08-17,0.0037117826025336855,0.007107550212497661,0.0,0.0,0.007544721130275877
2023-08-18,-0.003402712073752492,-0.006183660639889513,0.0,0.0,-0.006576174730384684
2023-08-21,-0.017829058130162716,-0.013855826643803762,0.0,0.0,-0.019581771600833246
2023-08-22,-0.00155384687855019,0.0024583299870897532,0.0,0.0,-0.001332048481371502
2023-08-23,0.0031052407269841218,0.002048000057174644,0.0,0.0,0.0018267597293412047
2023-08-24,0.00901911027674695,0.009473409497418045,0.0,0.0,0.0057458388610948236
2023-08-25,-0.002094038581185565,-0.0018722111314842867,0.0,0.0,-0.00702936198187289
2023-08-28,-0.005526542992995756,-0.0023869651092431705,0.0,0.0,-0.004751183757042971
2023-08-29,-0.015320351946705063,-0.016481972665251636,0.0,0.0,-0.015021926458828846
2023-08-30,-0.016725156244782532,-0.010486877883854063,0.0,0.0,-0.017928934060118397
2023-08-31,-0.027838984096099813,-0.021889328533517292,0.0,0.0,-0.027574304588834104
2023-09-01,0.007349832668178029,0.007384753200311297,0.0,0.0,0.006884049336223746
2023-09-04,0.010187253401364038,0.01024542256657523,0.0,0.0,0.014088917982784752
2023-09-05,-0.009173253124299889,-0.0063742635057967584,0.0,0.0,-0.009821998232329984
2023-09-06,0.00620745289281698,0.005878202082517678,0.0,0.0,0.00979616383221259
2023-09-07,-0.0026317302331787867,-0.004136375624909921,0.0,0.0,-0.0012611389197255199
2023-09-08,0.005180938050861282,0.0015341826426392585,0.0,0.0,0.005165259230775049
2023-09-11,-0.0038676687186955778,-0.002570071142159196,0.0,0.0,-0.0010437579386161368
2023-09-12,-0.007444652254939154,-0.009434090908744306,0.0,0.0,-0.0098474449346557
2023-09-13,0.0010677974659897191,0.001689353818253824,0.0,0.0,0.0014848570696662793
2023-09-14,-0.0007905055266167922,-0.001525109751201503,0.0,0.0,0.00014721994383969013
2023-09-15,0.05201857544157078,0.047889720911607286,0.0,0.0,-0.010227406411852836
2023-09-18,0.0012704433046487843,-0.005449865127979808,0.0,0.0,-0.0007445314223061364
2023-09-19,0.0016331894579017128,0.001996383927622156,0.0,0.0,0.0006988991884086434
2023-09-20,-0.0032021912132654123,-0.002711812744732408,0.0,0.0,-0.00389787592064904
2023-09-21,0.007461687251973851,0.005487811362651022,0.0,0.0,0.00903134950541016
2023-09-22,0.003250146486586166,0.0005787825301160922,0.0,0.0,0.00116991805570052
2023-09-25,-0.0025619405415525497,-0.0024996754238140796,0.0,0.0,-0.00058242235782663
2023-09-26,-0.004133735783985732,-0.0024837051728204998,0.0,0.0,-0.0032710369085759933
2023-09-27,0.0012800771622099403,0.0012665380171665158,0.0,0.0,0.004018777384873047
2023-09-28,-0.011391897517077863,-0.014332791041814757,0.0,0.0,-0.010800900229617464
2023-10-02,0.009964066601525674,0.008207446883740145,0.0,0.0,0.00780545704944231
2023-10-03,0.0032354905879737788,0.0009619762480956879,0.0,0.0,0.0029646719080378098
2023-10-04,0.00879224249010482,0.0014189425169782994,0.0,0.0,0.006757061544347377
2023-10-05,0.006272836635843343,0.005092951180939288,0.0,0.0,0.013661092057968434
2023-10-06,-0.004491437271342021,0.0002456114030618754,0.0,0.0,-0.001987011260719859
2023-10-09,0.007886408903112532,0.005880039319150361,0.0,0.0,0.00798000821057139
2023-10-10,0.00881137127609605,0.009630968894743146,0.0,0.0,0.012468798412780667
2023-10-11,0.008515240306490215,0.005604469432596172,0.0,0.0,0.008112384567312744
2023-10-12,0.0067835026105732155,0.005156359011884601,0.0,0.0,0.001254397133090927
2023-10-13,0.01323554557493356,0.01493182741570881,0.0,0.0,0.013843612171156667
2023-10-16,-0.00033156690859265786,0.0013329268381380643,0.0,0.0,-0.0014284581390159499
2023-10-17,-0.021024587224671924,-0.008004571747385253,0.0,0.0,-0.007415213576903029
2023-10-18,-0.0028270271766071275,-0.0016092920281342762,0.0,0.0,-0.004847443040713
2023-10-19,0.021980800949488916,0.012619912402768512,0.0,0.0,0.021658957166338443
2023-10-20,0.00995550124874019,0.004359168662554657,0.0,0.0,0.008406595405543015
2023-10-23,0.007880532691138618,0.0034158221743536936,0.0,0.0,0.005142583030562283
2023-10-24,-0.00573474157395374,-0.000621073830704753,0.0,0.0,-0.00527417338552384
2023-10-25,0.0023170855753310167,-0.0015916441251618268,0.0,0.0,0.007158982436950537
2023-10-26,0.0009270937154561798,-0.0007505542376488951,0.0,0.0,-0.00180976860674983
2023-10-27,-0.003194758604076445,-0.005308839022770971,0.0,0.0,-0.0061485489039884164
2023-10-30,0.008694733773611945,0.008430552670075704,0.0,0.0,0.008948324293667986
2023-10-31,0.00744798740964257,0.008472287320897127,0.0,0.0,0.002992705800773293
2023-11-01,0.006829949050933327,0.00868560326715617,0.0,0.0,0.008882334788691841
2023-11-02,0.0006132586423131329,0.006563725847922363,0.0,0.0,0.0032599940494128033
2023-11-03,-0.006218571122133207,0.0027101505278154005,0.0,0.0,-0.0012112376896097265
2023-11-06,0.01082991832525765,0.012005261738515084,0.0,0.0,0.013010264960934026
2023-11-07,-0.00042691146546951556,0.0006236261182635407,0.0,0.0,-0.0023408006219431438
2023-11-08,0.010616758476790108,0.010301014148211139,0.0,0.0,0.011157691677949848
2023-11-10,0.020913857742087694,0.014004215382794893,0.0,0.0,0.021721272972932148
2023-11-13,0.02246403085201074,0.01780309834580505,0.0,0.0,0.0199298481794127
2023-11-14,0.002131384812571613,0.004190190211848121,0.0,0.0,0.005179977118036906
2023-11-15,-0.0014674229170713784,-0.0008791235467399825,0.0,0.0,0.0027179619618106633
2023-11-16,0.011434620052111424,0.01119395104409013,0.0,0.0,0.011034092122538548
2023-11-17,-0.009013322222812583,-0.006025352926913762,0.0,0.0,-0.007075365047986674
2023-11-20,-0.0035991529248430845,-0.005626285791969454,0.0,0.0,-0.005263515237046014
2023-11-21,0.0035837910064920276,0.004099825374342164,0.0,0.0,0.0027168249736019335
2023-11-22,0.017092114011239324,0.017425354207769597,0.0,0.0,0.017099441667966765
2023-11-23,0.009652954505403108,0.01547104149785232,0.0,0.0,0.012705687811054621
2023-11-24,0.003797802639529129,0.0031019616984638127,0.0,0.0,0.00012978223751820345
2023-11-27,0.01130649344084346,0.0002484269873015121,0.0,0.0,0.011485201972408772
2023-11-28,0.018907967507700584,0.006994811239705855,0.0,0.0,0.015492319516002068
2023-11-29,-0.0031770561169535355,-0.0002878169107339759,0.0,0.0,-0.0031175471175749936
2023-11-30,0.000644666713582784,0.0011238591639754236,0.0,0.0,0.00019081231789017707
2023-12-01,0.017973292822422514,0.021633946865635037,0.0,0.0,0.024519757916466465
2023-12-04,0.013255976522510416,0.01826201126114444,0.0,0.0,0.015062371938238027
2023-12-05,0.008357327494295503,0.00608972805228648,0.0,0.0,0.011224315985252531
2023-12-06,0.01643637197563087,0.021956115257338066,0.0,0.0,0.017122846211568173
2023-12-07,0.011286830055449622,0.01802784008684589,0.0,0.0,0.009560026316172834
2023-12-08,0.0242042543682596,0.016659672907473295,0.0,0.0,0.02223764653380737
2023-12-11,-0.00339971425997218,0.006838330320801249,0.0,0.0,-0.0032516617787641663
2023-12-12,0.004826054093357198,0.01047719801758652,0.0,0.0,0.006977572672446556
2023-12-13,-0.016625037981538797,-0.019802300650756516,0.0,0.0,-0.019237488380496336
2023-12-14,0.0035770086335948975,0.001880687664454145,0.0,0.0,0.0030033009377919266
2023-12-15,0.00803071349154052,0.006930110630174983,0.0,0.0,0.008723300909320381
2023-12-18,-0.015225577604689372,-0.011829331439897393,0.0,0.0,-0.014365941973322669
2023-12-19,-0.03317912582369111,-0.03201429911291912,0.0,0.0,-0.039966718038709596
2023-12-20,-0.005178086918230588,-0.0006930090010067625,0.0,0.0,-0.00615827041529047
2023-12-21,0.002164095319715448,0.00039435711339752614,0.0,0.0,0.006059343134617009
2023-12-22,-0.018178458249444012,-0.016360961929988503,0.0,0.0,-0.020077784309893067
2023-12-26,-0.04155500214457838,-0.043235676866606176,0.0,0.0,-0.04671604977490885
2023-12-27,0.02769038129412595,0.026889297054110407,0.0,0.0,0.03233555165334484
2023-12-28,0.019460378871757476,0.02881406332927664,0.0,0.0,0.021475506057627023
2023-12-29,0.004791859415946659,0.0004969804874237257,0.0,0.0,0.006174915279427134
2024-01-01,0.03958162780569278,0.03479624877030579,0.0,0.0,0.04212661131588526
2024-01-02,-0.0056514676238590585,-0.011227060518778822,0.0,0.0,-0.0030055648017351232
2024-01-03,0.003123918951072533,-0.001462122759782608,0.0,0.0,-0.0001793160068162769
2024-01-04,0.0001394754178310951,0.0022229346152052073,0.0,0.0,0.0014455864550178435
2024-01-05,-0.004278983261039634,-0.0024157870862689984,0.0,0.0,-0.004751493008046053
2024-01-08,-0.003366328251281652,-0.004790226509215866,0.0,0.0,-0.00836932466186241
2024-01-09,-0.0007880592558567456,-0.0028586621792307415,0.0,0.0,-0.0020489795357387
2024-01-10,-0.005366937221666407,-0.004319200675747533,0.0,0.0,-0.00469428385946168
2024-01-11,0.011120777219926242,0.0246725719503332,0.0,0.0,0.009176708421294399
2024-01-12,0.0023755900119133873,0.008178385158730681,0.0,0.0,0.00038839771223038336
2024-01-15,-0.00381833239499936,-0.006929748883914309,0.0,0.0,-0.007966828382383887
2024-01-16,-0.008973496385044669,-0.002398348040134465,0.0,0.0,-0.006589846907813323
2024-01-17,-0.0007873842953861685,0.0017954423766051745,0.0,0.0,-0.002101678925678037
2024-01-18,-0.005344619023939519,-0.004636115159880609,0.0,0.0,-0.004524510564551933
2024-01-19,0.0016363584298830424,0.004013545444766896,0.0,0.0,-0.00024180021164584345
2024-01-22,0.015209270065874142,0.012149559051940031,0.0,0.0,0.012020981722641343
2024-01-23,0.0069635416439367695,0.010190929340136044,0.0,0.0,0.0075697736610167736
2024-01-24,0.007082172405865379,0.006911669594011868,0.0,0.0,0.00902359340360256
2024-01-25,-0.009541134339487988,0.0019637039532789473,0.0,0.0,-0.007339267725213884
2024-01-26,-0.0076153780889248015,-0.014918214191005627,0.0,0.0,-0.008882583185671093
2024-01-29,-0.018198782666492903,-0.022516271455089287,0.0,0.0,-0.01643734346449287
2024-01-30,-0.012967091183851122,-0.018622195717150465,0.0,0.0,-0.017468178658874393
2024-01-31,0.0038702164118771566,-0.002054573666023982,0.0,0.0,0.0029977111723757466
2024-02-01,0.009274303104807096,0.014787872349228067,0.0,0.0,0.0074999715684375134
2024-02-02,0.00839533594825358,-0.0015236365327953205,0.0,0.0,0.010689296958856915
2024-02-06,0.012686631089977758,0.014780807361257744,0.0,0.0,0.011570475846780604
2024-02-07,0.005145500441713555,0.004300094538631519,0.0,0.0,0.005180875718100306
2024-02-09,-0.019691446016739538,-0.019887321986652596,0.0,0.0,-0.023031394937974715
2024-02-12,-0.031043784669915246,-0.04050977755950888,0.0,0.0,-0.035579061527152483
2024-02-13,0.002302835470742845,0.021296057564488734,0.0,0.0,0.0029049362966126336
2024-02-14,0.01294883603115813,0.016316732219853056,0.0,0.0,0.018500194880600902
2024-02-15,-0.0228454296479621,-0.02391073655264376,0.0,0.0,-0.024045077534117876
2024-02-16,-0.018832345451546596,-0.024830464720311488,0.0,0.0,-0.021414179260897566
2024-02-19,0.012240559238015593,0.007658696492101,0.0,0.0,0.010779775789296646
2024-02-20,-0.0024237758621391352,-0.007144730768071825,0.0,0.0,-0.0009183156555128967
2024-02-21,0.020523482488976966,0.022865954452371627,0.0,0.0,0.024777507799268034
2024-02-22,0.006365399708747636,0.00611930569157797,0.0,0.0,0.005841851861845887
2024-02-23,0.013468570459866365,0.014755771234822461,0.0,0.0,0.011663774051473884
2024-02-26,0.007670084928931996,0.009489214969323267,0.0,0.0,0.010030082283744737
2024-02-27,0.00045029080478558686,0.006018411018878764,0.0,0.0,0.0044873312626296435
2024-02-28,0.009441818232470867,0.009120641497861634,0.0,0.0,0.010718621407491306
2024-02-29,0.017566111803234623,0.014234222642820206,0.0,0.0,0.013322639037799644
2024-03-01,0.011653426432476644,0.02143609169718131,0.0,0.0,0.006817395887561137
2024-03-04,0.012187575408864325,0.017509016868692218,0.0,0.0,0.011687017308460546
2024-03-05,-0.005913615809282171,-0.0065413361890303496,0.0,0.0,-0.00221286668205848
2024-03-06,-0.0026364030378080304,-0.009323554902987296,0.0,0.0,-0.00463248029666083
2024-03-07,-0.00509540570846084,-0.001554984209902914,0.0,0.0,-0.0037855678567771103
2024-03-08,-0.004763392101033687,-0.003733407128438507,0.0,0.0,-0.006786649643618673
2024-03-11,0.00016451789754060833,0.0020234754807779386,0.0,0.0,0.0011686558357316666
2024-03-12,-0.01207347116624261,-0.012404863648652446,0.0,0.0,-0.015577712040537093
2024-03-13,-0.013135629932932939,-0.018548220832872324,0.0,0.0,-0.016317062618602177
2024-03-14,0.011501530509832165,0.018863331918413467,0.0,0.0,0.014574867554854393
2024-03-15,-0.008109192153296483,0.13882117283497103,0.0,0.0,0.0009512173757407462
2024-03-18,-0.0009754604850871014,-0.004897756192035273,0.0,0.0,-0.0020535784274169863
2024-03-19,0.008557384117346162,0.009497625434814172,0.0,0.0,0.00612613706650922
2024-03-20,0.0004946445963561806,0.0035747840740357165,0.0,0.0,-0.0022230035359053165
2024-03-21,-0.009111866095883873,-0.008439079862409956,0.0,0.0,-0.01087946700283691
2024-03-22,-0.004025854107275683,-0.0010201176151878972,0.0,0.0,-0.00222557550102699
2024-03-25,0.006087942416509066,0.0008026235503338739,0.0,0.0,0.004943814003615943
2024-03-26,0.005952754603688641,0.004301738669735109,0.0,0.0,0.002594740524449273
2024-03-27,0.009491142184276853,0.005311225353428183,0.0,0.0,0.005610099193531476
2024-03-28,0.007959874767731086,0.0076570465401607545,0.0,0.0,0.012473007712785089
2024-03-29,-0.003107010614011159,0.002312524336888099,0.0,0.0,-0.0057674423281675125
2024-04-01,-0.0022147388572188336,-0.004511964339680826,0.0,0.0,-0.004508016457880076
2024-04-03,0.012602777950500497,0.006298226024282915,0.0,0.0,0.015634560872412752
2024-04-04,0.008370076677186056,0.00799468014248966,0.0,0.0,0.009562213995339056
2024-04-08,0.020832526207498217,0.015162610743935843,0.0,0.0,0.01809437756453995
2024-04-09,0.009621031421352861,0.008486413621689975,0.0,0.0,0.006366353688913279
2024-04-15,0.0025383833834059393,-0.0015187607178522352,0.0,0.0,0.003928284713167443
2024-04-16,0.0004945919965082468,0.0021664368526953734,0.0,0.0,-0.0011880833117496133
2024-04-17,-0.000641309887408642,-0.003242583686457599,0.0,0.0,-0.00034248013868074645
2024-04-18,-0.0011587801293471971,-0.0005520264239599174,0.0,0.0,0.0024652411883772105
2024-04-19,0.012169570729691366,0.007787452707561336,0.0,0.0,0.009596953157738914
2024-04-22,0.008085868505469013,0.016114408072389463,0.0,0.0,0.00582517445845716
2024-04-23,2.126521684223285e-05,0.003610061000530755,0.0,0.0,-0.0007292346419304101
2024-04-24,0.010172675325931468,0.011461988261827828,0.0,0.0,0.0086243335069186
2024-04-25,-0.0024716556674173997,-0.0034584430617118573,0.0,0.0,-0.0037718283282422663
2024-04-26,0.012897916803390983,0.0025469038231729986,0.0,0.0,0.005551049208505913
2024-04-29,-0.020677657978639657,-0.014974115667038334,0.0,0.0,-0.016499745932181016
2024-04-30,-0.006278627407185636,-0.009405893441885945,0.0,0.0,-0.010674351198725259
2024-05-02,-0.006887578705097568,-0.008293665511966869,0.0,0.0,-0.008359762536854741
2024-05-03,0.015408279468690498,0.016328848817252703,0.0,0.0,0.017665025865601022
2024-05-06,0.0076249691352094475,0.00394131302519144,0.0,0.0,0.010010157909721297
2024-05-07,-0.006342346305843253,-0.007516223981207163,0.0,0.0,-0.0061588989711791
2024-05-08,-0.0036725675042034783,-0.004663392188621444,0.0,0.0,-0.003907639432586987
2024-05-09,-0.006643030379018083,0.0012129770534573885,0.0,0.0,0.0024283536638031534
2024-05-10,0.001901774341402359,-0.0005770828571281341,0.0,0.0,0.006476281259201127
2024-05-13,0.008352500858120183,0.009879114970361287,0.0,0.0,0.008489364987246471
2024-05-14,0.013903250151159896,0.014097149755034476,0.0,0.0,0.01046999462263582
2024-05-15,0.004875889024189758,0.004267235712981856,0.0,0.0,-0.0018344413466449129
2024-05-16,0.00307693034417681,-0.0019245942369226093,0.0,0.0,-0.0007117213733352367
2024-05-17,0.0028370615932063943,0.002115953185032398,0.0,0.0,0.0037054048474746966
2024-05-20,-0.004993730789584863,-0.0016556691487116932,0.0,0.0,-0.005332469885586476
2024-05-21,0.002033802659785828,-0.0021674803616845814,0.0,0.0,-0.002230052423966537
2024-05-22,-0.002468673920905953,-0.0053503312345359955,0.0,0.0,-0.00776211689932829
2024-05-23,0.0012770633254171443,-0.0008351210102736555,0.0,0.0,0.0021579778272054965
2024-05-24,0.013626709868654387,0.012284160203925304,0.0,0.0,0.009374024209385027
2024-05-27,-0.006858593693003226,-0.003400317013453443,0.0,0.0,-0.008059735164548604
2024-05-29,-0.011321554177656986,-0.01114215978538697,0.0,0.0,-0.01415439687286654
2024-05-30,-0.0006892645321401458,-0.0022917407910795764,0.0,0.0,7.075778002240388e-06
2024-05-31,0.014698488997260487,0.009763665507759102,0.0,0.0,0.010498145610100934
2024-06-03,-0.005414905573029218,-0.0023649928088088487,0.0,0.0,0.00012292113290440331
2024-06-04,-0.012170643859399248,-0.01412944587778242,0.0,0.0,-0.011660355997545373
2024-06-05,-0.005844059989989588,-0.0034488489424857292,0.0,0.0,-0.007096793182854137
2024-06-06,-0.003711038271139841,-0.0048045262253045996,0.0,0.0,-0.007165588452928156
2024-06-07,-0.003153052830039717,-0.0019058730786530869,0.0,0.0,-0.0011304448788165265
2024-06-10,-0.00919543603542839,-0.007381295676900231,0.0,0.0,-0.00774070063888146
2024-06-11,-0.011330493201938185,-0.014401365007583714,0.0,0.0,-0.01455983851583525
2024-06-12,0.003298418374726102,0.0008919449770700616,0.0,0.0,0.0045469378527763565
2024-06-13,0.05142560569028446,0.03574720904130808,0.0,0.0,0.04742986068466575
2024-06-14,0.01058916175819628,0.0064497000257433415,0.0,0.0,0.004067388390849117
2024-06-20,0.029503036461518327,0.014160530020191367,0.0,0.0,0.01990497684358441
2024-06-21,0.0013970774814122172,-0.008362527814937515,0.0,0.0,-0.003051375085484933
2024-06-24,-0.006677505367995136,-0.00974408565828633,0.0,0.0,-0.009385029512126176
2024-06-25,-0.00463409670142286,-0.0013117448540076416,0.0,0.0,-0.00533751638134082
2024-06-26,0.007685953563686423,0.0013754172665414127,0.0,0.0,0.0014292450159243165
2024-06-27,0.0020236735469363835,0.003037411919315646,0.0,0.0,0.0010282836390275
2024-06-28,-0.005944727272230668,-0.001350055129807549,0.0,0.0,-0.0048614052254078435
2024-07-01,0.0034446470972052837,-0.0032075051120949304,0.0,0.0,0.00168051402593688
2024-07-02,0.008411333663726709,0.0010875003790533598,0.0,0.0,0.00648819244601942
2024-07-03,0.00840097771303391,0.009506328844755956,0.0,0.0,0.010824908881138323
2024-07-04,-0.0002937857586390723,0.0037626047516715346,0.0,0.0,0.002163442101839087
2024-07-05,-0.00310585922502553,-0.004340644371994712,0.0,0.0,-0.003263193754534527
2024-07-08,0.0030361129494417788,0.004574090871407162,0.0,0.0,0.00898359662418155
2024-07-09,-0.0013986410292444456,-0.0034393653997562357,0.0,0.0,0.0009813515747155066
2024-07-10,-0.011146083154240788,-0.008401172376510174,0.0,0.0,-0.013214053801346697
2024-07-11,0.0029761414648307094,-0.0011109563648069227,0.0,0.0,-0.0016292002469954904
2024-07-12,-0.0017213380639553124,-0.0006317754971072749,0.0,0.0,-0.003336538512958973
2024-07-15,0.01876101030929208,0.013914390845529687,0.0,0.0,0.014819196659449313
2024-07-18,0.01078546191365774,0.007850874475738854,0.0,0.0,0.009835191035871164
2024-07-19,-0.014867011743896236,-0.009476614413085931,0.0,0.0,-0.021053703647610004
2024-07-22,-0.018582874820055138,-0.018120807082175523,0.0,0.0,-0.020057235219625193
2024-07-23,0.00620056582034626,0.008319547560135246,0.0,0.0,0.004379892763913876
2024-07-24,0.0060155942807239085,0.002908741362138394,0.0,0.0,0.008669887232099284
2024-07-25,-0.012613743958401289,-0.007893781428895987,0.0,0.0,-0.01128881787912477
2024-07-26,-0.004542069152123754,-0.004970283607213507,0.0,0.0,-0.0081217604975531
2024-07-29,0.009937395917531906,0.007268713890715995,0.0,0.0,0.01080725888082703
2024-07-30,-0.00017618830080186744,-0.0017714509572721374,0.0,0.0,-0.005385132796697087
2024-07-31,-0.00962600413833199,-0.009584638711639318,0.0,0.0,-0.01053736520789781
2024-08-01,-0.0016774344223676992,-0.005415614475554564,0.0,0.0,-0.004608146086526003
2024-08-02,0.007380667293599244,0.010516122880037808,0.0,0.0,0.016447521865860206
2024-08-05,-0.015135459009604692,-0.015430882434663487,0.0,0.0,-0.01412164838848586
2024-08-06,0.0020342527825447233,-0.0020267456575582383,0.0,0.0,-0.002093311947383563
2024-08-07,-0.0022263581082471863,0.0035067042657734655,0.0,0.0,0.0023512469120795065
2024-08-08,0.00381861973513803,0.02757136004632447,0.0,0.0,0.005804521206555915
2024-08-09,0.009424134367326434,0.03201859638170477,0.0,0.0,0.0062212460095090565
2024-08-12,-0.007015536666988052,0.0013816625869880876,0.0,0.0,-0.014344590571461858
2024-08-13,-0.001654365603483677,0.010528837848257387,0.0,0.0,-0.003880067273034567
2024-08-15,0.003366265614569519,0.002263945845342605,0.0,0.0,0.0021155177109534397
2024-08-16,-0.0028791597209684903,-0.002494562736938008,0.0,0.0,-0.0030467184964134736
2024-08-19,-0.0038602327250474196,-0.014585458367343823,0.0,0.0,-0.006755713291825343
2024-08-20,-0.003767926207048611,-0.0030382529454784095,0.0,0.0,-0.0026961982529236437
2024-08-21,0.00427292130874921,0.004271037366796128,0.0,0.0,0.00958736752490472
2024-08-22,0.005321700439459908,0.0038842814372053577,0.0,0.0,0.01222285335366064
2024-08-23,-0.001100311678493888,-0.00532869234539154,0.0,0.0,-0.0035970896677301857
2024-08-26,-0.0026927851941104695,-0.003971660269235532,0.0,0.0,-0.006273528238330767
2024-08-27,-0.006629822213540315,0.0008104672082077307,0.0,0.0,-0.004212913388499373
2024-08-28,-2.653955574088026e-05,0.007266739848146607,0.0,0.0,-0.002010571900690493
2024-08-29,0.004970408953131834,0.011414920299497013,0.0,0.0,0.00739671462700913
2024-08-30,0.0015073217440588881,0.008077190466487869,0.0,0.0,-0.0009646786897739665
2024-09-02,-0.004503221441075806,-0.0022754765810242476,0.0,0.0,-0.008620737721264355
2024-09-03,0.00030898807188437807,0.00651599537108198,0.0,0.0,0.0009009447503609897
2024-09-04,0.007764466743874605,0.013422742086893319,0.0,0.0,0.00798956546517887
2024-09-05,0.000548853123951433,-0.004296648410759481,0.0,0.0,-0.00023801678306475
2024-09-06,-0.0007267031359067156,0.0030735945385212326,0.0,0.0,-0.0019255221897583501
2024-09-09,-0.006074188990369393,-0.003722367627980604,0.0,0.0,-0.005964288739301894
2024-09-10,0.00868476772857786,0.006612768864392663,0.0,0.0,0.00874581219500013
2024-09-11,-0.010275771206006819,-0.012589959068603952,0.0,0.0,-0.00760123559447638
2024-09-12,0.0038495735461560555,-0.006944525102339266,0.0,0.0,0.009047787577565468
2024-09-13,0.004583317342488271,0.0064022085456012165,0.0,0.0,-0.00013802658217741654
2024-09-16,0.008378600115119355,-0.4056151725722578,0.0,0.0,-0.023717964365381965
2024-09-18,0.01581377480583002,0.014602648564814316,0.0,0.0,0.010071513229025218
2024-09-19,0.01293922976770219,0.010646522274932763,0.0,0.0,0.011041119518355109
2024-09-20,0.009046325445125543,0.014380388670718157,0.0,0.0,0.007055879423257944
2024-09-23,-0.0021892934029800895,-0.009463767070428142,0.0,0.0,-0.005754812673663197
2024-09-24,-0.0028846038193671795,0.0001791331887604175,0.0,0.0,-0.0025509422047145865
2024-09-25,0.00841392542807557,0.010321565095064884,0.0,0.0,0.01136212461276895
2024-09-26,-0.009473089713313268,-0.007539478167712622,0.0,0.0,-0.007020261959106
2024-09-27,-0.0025056966603984846,-0.004841297169567565,0.0,0.0,-0.005978061388331675
2024-09-30,-0.0013334088116122695,-0.004562442485802372,0.0,0.0,-0.003023443104733937
2024-10-01,0.002680697150157095,0.010177000526590582,0.0,0.0,0.012194059129556106
2024-10-02,0.0024553804381869525,-0.0015182442947456827,0.0,0.0,-0.0010494703555549633
2024-10-03,0.011700018016056224,0.005028161931948092,0.0,0.0,0.009460690593532552
2024-10-04,0.01235564726264421,0.012256845061323159,0.0,0.0,0.011961367745372323
2024-10-07,0.018079861515204142,0.011791941487238347,0.0,0.0,0.016935959499539972
2024-10-08,0.008920430413810748,0.0036462501727246247,0.0,0.0,0.010660141045992643
2024-10-09,-0.008229539165277728,-0.013591105021177781,0.0,0.0,-0.0075135528965679125
2024-10-10,-0.0024740965246604018,-0.003248177446599471,0.0,0.0,0.001087122294583087
2024-10-11,0.0003940867347775048,-0.0008285946859124452,0.0,0.0,0.0042314457057639875
2024-10-14,-0.005463972846226616,9.20999881462447e-05,0.0,0.0,0.0018441257290086673
2024-10-15,0.008202833532016453,0.009610183851719346,0.0,0.0,0.00657794126242616
2024-10-16,7.46383811595004e-05,0.003345205806923892,0.0,0.0,0.006388877362495057
2024-10-17,-0.009157795711086903,-0.01164659081228679,0.0,0.0,-0.008070933497991335
2024-10-18,-0.006728802142553341,-0.008324502123317475,0.0,0.0,-0.013007551374833807
2024-10-21,0.008961336110726822,0.019675590783709354,0.0,0.0,0.014468390517842676
2024-10-22,0.00437950303089231,0.015661010003413887,0.0,0.0,0.0075052606846556505
2024-10-23,0.008577075608566092,0.003288547079716991,0.0,0.0,0.010939694754644838
2024-10-24,0.02329214913631638,0.016747104845701036,0.0,0.0,0.02010533607361032
2024-10-25,0.012492970779603457,0.0037030806186893724,0.0,0.0,0.00689104551042732
2024-10-28,0.0011260657443626393,0.004330949275634288,0.0,0.0,0.002578620054622144
2024-10-29,0.004502376968235371,0.0007101977655357706,0.0,0.0,0.0020849343625010436
2024-10-30,-0.0074633738143438325,-0.004151875427048245,0.0,0.0,-0.00990034786912135
2024-10-31,-0.018368160834501362,-0.012701858210496497,0.0,0.0,-0.01630238485364569
2024-11-01,0.02240212564022349,0.021617552495000227,0.0,0.0,0.024245906365213947
2024-11-04,0.010002188228341745,0.015898750727668273,0.0,0.0,0.015184157698509624
2024-11-05,0.0033538888902513698,0.011847032005705369,0.0,0.0,0.0050320481715186
2024-11-06,-0.006103836938351188,0.001937244301467141,0.0,0.0,-0.0009954066561054698
2024-11-07,0.003381322240316691,0.002467453166507955,0.0,0.0,0.00037403880835892677
2024-11-08,0.008829734277976802,0.00910351182273756,0.0,0.0,0.013833080884154485
2024-11-11,2.777351343363578e-05,-0.005580156280126972,0.0,0.0,0.0017047734715884362
2024-11-12,-0.0045886216892132665,-0.005249562789093576,0.0,0.0,-0.00412953168457205
2024-11-13,0.0015916748422957095,0.0047678802331541,0.0,0.0,0.0028510273960315967
2024-11-14,0.00929439232714406,0.012345767959093512,0.0,0.0,0.00765258185190236
2024-11-15,0.007132850310818157,0.0037756790116151417,0.0,0.0,0.00395488358653203
2024-11-18,0.0024127357414811253,0.0030334633820241564,0.0,0.0,0.003356345419149047
2024-11-19,0.00681344868646322,0.004673436907844606,0.0,0.0,0.005981869989339161
2024-11-20,-0.00353394484654713,-0.01093036298857481,0.0,0.0,-0.010353671406537144
2024-11-21,0.020560670753653084,0.01185164392204418,0.0,0.0,0.013143648911807146
2024-11-22,0.009502419496832337,-0.0016007894564729448,0.0,0.0,0.0004397590491634041
2024-11-25,0.0025562816301173737,-0.00012971134439972298,0.0,0.0,0.006498160109051073
2024-11-26,-0.03713240551308451,-0.045394695279187276,0.0,0.0,-0.044834696127760955
2024-11-27,0.05251335564945719,0.045409108481681164,0.0,0.0,0.054692718768711325
2024-11-28,0.0051715435945989706,0.01231907249166848,0.0,0.0,0.01564235485994192
2024-11-29,0.00941212815665327,0.008506879149735216,0.0,0.0,0.0113593159293657
2024-12-02,0.015162949223299617,0.01773967491868668,0.0,0.0,0.02290146540943466
2024-12-03,0.012327190057705148,0.01325264722819245,0.0,0.0,0.017621185803500715
2024-12-04,0.0057993658997090745,0.010774764788932849,0.0,0.0,0.01167034039197762
2024-12-05,0.03440124433992928,0.03380342966654467,0.0,0.0,0.03414151017000676
2024-12-06,0.004606339679377993,0.0018220161633612638,0.0,0.0,0.00037508229940788607
2024-12-09,0.008283984229670022,0.028308591884514712,0.0,0.0,0.015420344815054159
2024-12-10,-0.009477408736313349,-0.0033850092352025064,0.0,0.0,-0.012559073338912326
2024-12-11,0.018187544454242924,0.017425430981642485,0.0,0.0,0.018189649748223402
2024-12-12,0.03628213778990182,0.02924363000549788,0.0,0.0,0.02961943699784734
2024-12-13,0.0029112382589362384,0.008502572965183745,0.0,1.4210854715202004e-14,-0.004057669334331096
2024-12-16,0.02355400368444861,0.029608705974424603,0.0,0.0,0.025666916260336275
2024-12-17,-0.012704421155643854,-0.016190871090284845,0.0,0.0,-0.004538982103677377
2024-12-18,-0.03620354438830435,-0.03572808814433856,0.0,0.0,-0.03273506940500395
2024-12-19,-0.045589106878711,-0.045430471147689354,0.0,0.0,-0.04630179872047181
2024-12-20,0.03419101718970109,0.028877260052048416,0.0,0.0,0.03273854927019633
2024-12-23,0.03460610116726015,0.051250563075192775,0.0,0.0,0.04338526484426443
2024-12-24,-0.014975228471275664,-0.01462959838016182,0.0,0.0,-0.015834753030384223
2024-12-26,-0.02077623748359528,-0.022711152228012548,0.0,0.0,-0.021309732159313605
2024-12-27,0.0074769202477878455,0.0060133843525397735,0.0,0.0,0.010325567802045204
2024-12-30,0.035352102936738364,0.0311635808062656,0.0,0.0,0.0404524746628039
2024-12-31,0.019731303463548112,-0.0013689052089779935,0.0,0.0,-0.0012214660733410767
2025-01-01,0.018685181065896325,0.019369718859787156,0.0,0.0,0.017709302179394294
2025-01-02,0.0019562177249557874,0.003197791043107441,0.0,0.0,0.0005092038831580935
2025-01-03,0.003460047822930977,-0.0041293598283019565,0.0,0.0,-0.00524890345033232
2025-01-06,-0.03504301553394513,-0.03795730586471779,0.0,0.0,-0.020312051343942407
2025-01-07,-0.0007041379222275698,-0.003830908664740375,0.0,0.0,-0.0019254265379693436
2025-01-08,-0.017247843771671035,-0.019803278538126634,0.0,0.0,-0.021517493469456157
2025-01-09,-0.01383663739207741,-0.01772076195503226,0.0,0.0,-0.02030457143598834
2025-01-10,0.007125188044282033,-0.0015415263526107085,0.0,0.0,0.004698519332011591
2025-01-13,0.007596228447653239,0.013869285290979576,0.0,0.0,0.012998996002865977
2025-01-14,0.05889844900432057,0.01355705623044927,0.0,0.0,0.011246024521339017
2025-01-15,-0.002750541751706201,-0.0035259945581398305,0.0,0.0,0.00030118963020264993
2025-01-16,-0.006716496820130127,-0.012606676685150054,0.0,0.0,-0.012164166238355876
2025-01-17,0.01597058842275924,0.016113110968559975,0.0,0.0,0.018579896217267976
2025-01-20,0.00452830082585348,-6.691962286595367e-05,0.0,0.0,0.0038269041059757996
2025-01-21,-0.007611477689264149,-0.01754235985315411,0.0,0.0,-0.015306355386242828
2025-01-22,-0.01571057053307007,-0.019174864380892657,0.0,0.0,-0.012313318089143314
2025-01-23,0.004453016407147046,0.005137028609415578,0.0,0.0,0.008760720280827887
2025-01-24,0.009194343465088461,0.004583100830672459,0.0,0.0,0.0059094039989224904
2025-01-27,-0.013200313094255001,-0.017973985212404352,0.0,0.0,-0.020818010999487577
2025-01-28,-0.014561861176995048,-0.01399519110764129,0.0,0.0,-0.01202597710574669
2025-01-29,-0.0057502936882786425,-0.0045205856318764346,0.0,0.0,-0.00813620726469199
2025-01-30,0.017896564283134443,0.021613593703898218,0.0,0.0,0.017453366641134702
2025-01-31,0.008519434225597769,0.018317418348884215,0.0,0.0,0.00885371460607195
2025-02-03,-0.014317685507864572,-0.007500626356189584,0.0,0.0,-0.014375541576569386
2025-02-04,-0.009517823077123901,-0.0011795637194953377,0.0,0.0,-0.00934353721373762
2025-02-06,-0.01838408535269059,-0.023450576112250793,0.0,0.0,-0.01971800170530619
2025-02-07,0.0007132549389001975,0.002303931781602088,0.0,0.0,-0.002750956557884854
2025-02-10,0.011158243223759154,0.01721215853358768,0.0,0.0,0.018210677736780166
2025-02-11,0.017004709530614243,0.013157393849241514,0.0,0.0,0.017544485188291162
2025-02-12,-0.0023380549018078216,-0.0020163912386385423,0.0,0.0,-0.0013337717760074838
2025-02-13,-0.006180704896578639,0.001416749846258931,0.0,0.0,-0.004261057369606233
2025-02-14,-0.004225573472645421,0.002617232051358746,0.0,0.0,-0.009987047236199666
2025-02-17,-0.003993507798646688,-0.009313535725716714,0.0,0.0,-0.011030268381597517
2025-02-18,0.014328188831984156,0.0164585784431699,0.0,0.0,0.01781760670819852
2025-02-19,-0.0004718234719550844,-0.0010455166206141935,0.0,0.0,0.0040495139810574395
2025-02-20,0.0009999979992837665,0.0014024757087520293,0.0,0.0,0.010200750291105226
2025-02-21,-0.008278022425590207,-0.005112895827411221,0.0,0.0,-0.011074832659285714
2025-02-24,0.016311257305137317,0.009430137003815307,0.0,0.0,0.01283257188412567
2025-02-25,0.002424979759523779,0.005270735232037038,0.0,0.0,0.0032908662382212734
2025-02-26,-0.008385139159784099,-0.005918278099809004,0.0,0.0,-0.00698255907291368
2025-02-27,-0.0003873299568223426,-0.003959848343283545,0.0,0.0,-0.001557627096506534
2025-02-28,-0.005475026715158149,-0.007692462502858204,0.0,0.0,-0.005360432812738483
2025-03-03,-0.01482666455657964,-0.01740198511778243,0.0,0.0,-0.016174994049090303
2025-03-04,0.008374299993797246,0.008460806760064374,0.0,0.0,0.011419571946911853
2025-03-05,-0.005266452805901047,-0.006768892890028824,0.0,0.0,-0.008196482858777743
2025-03-06,0.014780055774927608,0.011369922550057305,0.0,0.0,0.01787600221900331
2025-03-07,0.004414127877286235,0.010709169537284858,0.0,0.0,0.015002974427105166
2025-03-10,-0.0031302609050150665,-0.001404742150202072,0.0,0.0,-0.007086948995478546
2025-03-11,-0.0010612626316185683,-0.002231977714032589,0.0,0.0,-0.0013714258749839656
2025-03-12,-0.0014788366437692817,-0.0005802914107090917,0.0,0.0,0.00186218566081098
2025-03-13,0.009978419647062687,0.012168846857635574,0.0,0.0,0.012839125772045833
2025-03-14,0.0013196753907659998,0.001668114133516078,0.0,0.0,0.0020504765434095997
2025-03-17,-0.015555733218186693,0.08376808989404608,0.0,0.0,0.09449005567395127
2025-03-18,0.006326266837046729,0.004015272149549061,0.0,0.0,0.0035044072060104333
2025-03-19,0.009951909436108929,0.011919995527384998,0.0,0.0,0.01432014467042575
2025-03-20,0.000997148670332641,0.00963817943977388,0.0,0.0,0.0024891334984471695
2025-03-21,-0.004293910665155025,-0.004241623214242597,0.0,0.0,-0.0037051378845783865
2025-03-24,-0.018660053407715246,-0.01832597821122067,0.0,0.0,-0.018455425384725888
2025-03-25,0.003315571846824615,0.002543434304088066,0.0,0.0,0.00207785615139965
2025-03-26,0.013164588679141723,0.0095395234002668,0.0,0.0,0.012159395793406235
2025-03-27,0.0013865595577226995,0.001282071883532686,0.0,0.0,0.0014667837533151983
2025-04-03,0.011205203996556728,0.010739098486851813,0.0,0.0,0.009510692270997347
2025-04-04,0.0006139253733320417,-0.004178337253477486,0.0,0.0,-0.0016603639706963718
2025-04-07,-0.032144583681295816,-0.035774977738090845,0.0,0.0,-0.04253226390015292
2025-04-08,0.003380936494242802,0.012664340657635963,0.0,0.0,0.004556460161333279
2025-04-09,-0.013018759132358008,-0.011483706958794367,0.0,0.0,-0.014086033648194564
2025-04-10,0.015498667223589621,0.023995308077196124,0.0,0.0,0.025559716836575992
2025-04-11,-0.015023743326835719,-0.01108144378096782,0.0,0.0,-0.009827213221924721
2025-04-14,0.013512946280347143,0.016973377348779694,0.0,0.0,0.011515887128822804
2025-04-15,0.004277138885770253,0.006613661169429878,0.0,0.0,0.0036280924188012266
2025-04-16,-0.006795462906812988,-0.007844683840627779,0.0,0.0,-0.010934767933347491
2025-04-17,0.0035367894728194635,0.014142685332622645,0.0,0.0,0.012638747740421995
2025-04-18,0.005099765241787919,0.018263544015741314,0.0,0.0,0.007601022877184212
2025-04-21,0.007688948294704233,0.005687152315029937,0.0,0.0,0.008371703257799876
2025-04-22,0.00022131114892056189,-0.0006273056617251544,0.0,0.0,-0.0025938443538350868
2025-04-23,-0.010591587118193291,-0.01113228443270054,0.0,0.0,-0.012814272720129527
2025-04-24,-0.019378084810802387,-0.01777334423764617,0.0,0.0,-0.02437074460108211
2025-04-25,0.006610130598235125,0.0048723073905082015,0.0,0.0,0.00454935235060769
2025-04-28,-0.014987258449994035,-0.1594250575994222,0.0,0.0,-0.07492586475817807
2025-04-29,0.006643062297730566,0.01192430254776394,0.0,0.0,0.012607021506022987
2025-04-30,-0.03679389776619936,-0.03893631265553834,0.0,0.0,-0.0393821191026241
2025-05-02,0.02682715071703561,0.028020979410065528,0.0,0.0,0.028181859184318404
2025-05-05,-0.0031215321231623057,0.004609666205817432,0.0,0.0,0.00326047224645237
2025-05-06,-0.0036815282204335654,-0.0009730609458845235,0.0,0.0,-0.00492011636004773
2025-05-07,-0.031376967115104425,-0.04096471969118628,0.0,0.0,-0.04328702758406801
2025-05-08,-0.06551284045756414,-0.07851305982692966,0.0,0.0,-0.07668040326612142
2025-05-09,0.0364933737680615,0.03824053006024593,0.0,0.0,0.03692087761889394
2025-05-12,0.09324460090236414,0.09275070819166592,0.0,0.0,0.09349623389106934
2025-05-13,0.012832200235133885,0.01488196059857897,0.0,0.0,0.026622627766539914
2025-05-14,-0.00021868307018248605,-0.0028591051524331995,0.0,0.0,0.001696451760715267
2025-05-15,0.013119355327272278,0.01422797154528227,0.0,0.0,0.016586484518422966
2025-05-16,-0.004683747603682802,-0.007888841036286159,0.0,0.0,-0.00759849335141453
2025-05-19,-0.00099529356479816,-0.00653712028157569,0.0,0.0,-0.00535188033817832
2025-05-20,-0.0077248635310487816,-0.007580399247019993,0.0,0.0,-0.006604144657962606
2025-05-21,0.008602029685355558,0.0072190721931239795,0.0,0.0,0.01299427911974338
2025-05-22,-0.0074158570154977226,-0.006519949144988192,0.0,0.0,-0.008628636563548413
2025-05-23,-0.0006803567944268299,-0.0008912287769266055,0.0,0.0,-0.0019172005058615933
2025-05-26,-0.009592239735429029,-0.009533688633176813,0.0,0.0,-0.00889211976752713
2025-05-27,0.0003736027205167435,-0.0006839322294683299,0.0,0.0,0.0023137833288381766
2025-05-29,0.006538916299545573,0.006038425525647198,0.0,0.0,0.007478547321242584
2025-05-30,0.006869145488956775,0.001314462362257509,0.0,0.0,0.0017475260359757002
2025-06-02,-0.008527983792714869,-0.057290170634130916,0.0,0.0,-0.06348732900972945
2025-06-03,0.012084012638899458,0.0071483433294923715,0.0,0.0,0.00917072298214636
2025-06-04,0.010871965758443392,0.002089677989707949,0.0,0.0,0.008889633238935787
2025-06-05,-0.004069818273064162,-0.0038260093011506396,0.0,0.0,-0.0043253660669786195
2025-06-10,0.0020262759165604613,0.005718488935445072,0.0,0.0,0.0038368650366973366
2025-06-11,0.019568534333352455,0.01830687696150761,0.0,0.0,0.01959021887622107
2025-06-12,-0.0025316008492580824,-0.006009703407811729,0.0,0.0,-0.0037742345008223597
2025-06-13,-0.017560012177538515,-0.01611817334787699,0.0,0.0,-0.015641716093598247
2025-06-16,0.0019718709911691794,0.00039606929716486404,0.0,0.0,0.0005499816827861129
2025-06-17,-0.001168058008134151,-0.002026751565784189,0.0,0.0,-0.0028116229010194367
2025-06-18,-0.011082632476170716,-0.00869430218783193,0.0,0.0,-0.012091155487491467
2025-06-19,-0.0017653123868215529,-0.004010623316988387,0.0,0.0,-0.006450385360852627
2025-06-20,0.002507609133945077,0.0003041925244305812,0.0,0.0,0.0005800101010100633
2025-06-23,-0.03130293872840926,-0.07581846733467676,0.0,0.0,-0.07425827658236775
2025-06-24,0.05164118126483703,0.05932166008430788,0.0,0.0,0.06504247288337192
2025-06-25,0.0027027201853580913,2.1921032365977065e-05,0.0,0.0,0.005819804298333883
2025-06-26,-0.00489069122153777,-0.0057400769562108165,0.0,0.0,-0.0073190913402026
2025-06-27,0.01899344047328135,0.018996962342101933,0.0,0.0,0.0162922422194892
2025-06-30,0.0062590214256776225,0.006122461155053288,0.0,0.0,0.006897056355392829
2025-07-01,0.024625247488399157,0.016285926405793183,0.0,0.0,0.02051187615662498
2025-07-02,0.020333116719472397,0.020708620104579932,0.0,0.0,0.023395302944743533
2025-07-03,0.0009313550905490642,0.0005276555970517834,0.0,0.0,-0.0006394768769094401
2025-07-04,0.011012113095811913,0.01708684090699208,0.0,0.0,0.014220111367586276
2025-07-07,0.007831538026035319,0.00296671201127183,0.0,0.0,0.007152663646712413
2025-07-08,-0.001323699256624846,0.0005083677872667296,0.0,0.0,0.0003155153973772567
2025-07-09,-0.007225303149899367,-0.005816783940021491,0.0,0.0,-0.008298198782325114
2025-07-10,0.007970800132105833,0.015988374325709077,0.0,0.0,0.009463107327643229
2025-07-11,0.00325207796024238,0.005535608152663538,0.0,0.0,0.004763856431244305
2025-07-14,0.017928394481613888,0.014461950568607426,0.0,0.0,0.012091504357341796
2025-07-15,-0.004315699924475764,-0.009730651155268858,0.0,0.0,-0.014244494427327463
2025-07-16,0.004161754755560211,0.0030479484951581285,0.0,0.0,0.0018278778319172366
2025-07-17,0.019043274429193863,0.012147132205960968,0.0,0.0,0.015507441501689201
2025-07-18,-0.00029119122175180724,-0.010789099778637271,0.0,0.0,-0.011574496462161094
2025-07-21,-0.004399230833473794,-0.0019704275529352244,0.0,0.0,-0.0031301128881874567
2025-07-22,0.011755595724620751,0.007493989380100079,0.0,0.0,0.00976539868029208
2025-07-23,-0.0005924266484483015,0.008367231142464338,0.0,0.0,0.003435262954242247
2025-07-24,-0.005016362317472046,-0.003843821256568634,0.0,0.0,-0.00399889118197993
2025-07-25,0.0044221989625901955,0.0025847577614121963,0.0,0.0,0.0026042331730729003
2025-07-28,0.0006051514787000237,0.010765298141638964,0.0,0.0,0.00568914849560757
2025-07-29,-0.013081969183565427,-0.010800266197295133,0.0,0.0,-0.013423288844006866
2025-07-30,0.004274694664487584,-0.003862230114660416,0.0,0.0,-0.0007332727484630938
2025-07-31,0.008571852044050752,0.008552442589245328,0.0,0.0,0.010508946250648566
2025-08-01,0.016659251315320416,0.010444108059641667,0.0,0.0,0.01240185423430008
2025-08-04,0.008552160606300718,0.0038451960999878283,0.0,0.0,0.009107905341391467
2025-08-05,0.006599778494960858,0.0045158440630083735,0.0,0.0,0.0049150689105889305
2025-08-06,0.01615211527315171,0.024018710730849057,0.0,0.0,0.018620002805315727
2025-08-07,0.0010166450017871406,-0.0007093447884657324,0.0,0.0,0.0011940196210459234
2025-08-08,-0.0032218450805161585,-0.006231040481346237,0.0,0.0,-0.00548655746271977
2025-08-11,0.010922595159624083,0.011104857867257137,0.0,0.0,0.009065761199276481
2025-08-12,-0.0020481622282197743,0.0007098011927227402,0.0,0.0,0.0008327428303842298
2025-08-13,-0.0034792110535909588,-0.0005379186388670888,0.0,0.0,0.0024722625825159836
2025-08-15,-0.0005108637229050601,0.006091504045716381,0.0,0.0,0.00500293919310241
2025-08-18,0.009727460396370787,0.009621621237278367,0.0,0.0,0.009995067205268323
2025-08-19,0.010383887128714096,0.0019552883028097078,0.0,0.0,0.0070193176068565144
2025-08-20,0.0027462294671928003,0.003493851489364536,0.0,0.0,0.00611650723246336
2025-08-21,-0.007929045779354566,-0.007647156496279439,0.0,0.0,-0.0036926258719379734
2025-08-22,0.00025488687718463495,0.0003515837438848071,0.0,0.0,-0.0032164595888357368
2025-08-25,-0.006876995345548137,-0.0058833557047816695,0.0,-1.4210854715202004e-14,-0.00679764406380195
2025-08-26,-0.003038777584383293,-0.0010574724101667166,0.0,0.0,-0.0023809649119720766
2025-08-27,-0.003586011920124477,-0.0016082206135938843,0.0,0.0,-0.005821583847426023
2025-08-28,-0.0006884788458342164,0.018453208184608237,0.0,-1.4210854715202004e-14,0.007291743041186325
2025-08-29,0.00822734762493456,0.0028614175484654824,0.0,0.0,0.010946360736222106
2025-09-01,0.008960041150092586,0.008994478646295533,0.0,0.0,0.015943484289094263
2025-09-02,0.006848275625510254,-0.0028858469240275494,0.0,0.0,0.003944736264598573
2025-09-03,0.008345483421318385,0.005677879170636438,0.0,0.0,0.006248909236677393
2025-09-04,0.003137626054231779,0.004947563031527292,0.0,0.0,0.003304416912730189
2025-09-05,0.012046472130296497,0.01129530011265762,0.0,0.0,0.014192005503600018
2025-09-08,0.012164195920942438,0.005833667157436856,0.0,0.0,0.008938635185982436
2025-09-09,0.007464399612553741,0.0029636939618688444,0.0,0.0,0.0019737330760920334
2025-09-10,0.0017545297376545602,0.0021907297810138705,0.0,0.0,0.00362158849696372
2025-09-11,-0.0075130472058741226,-0.004643480259942732,0.0,0.0,-0.005431030789449305
2025-09-12,-0.01266621673554455,-0.0053613454741836776,0.0,0.0,-0.00791166077947138
2025-09-15,0.00954845433494566,-0.058976484278752794,0.0,0.0,0.03525680207997172
2025-09-16,0.005198526292407483,0.009324074601851326,0.0,0.0,0.00831446625167697
2025-09-17,-0.0007531899338123853,0.0038529906369217833,0.0,0.0,0.004357448735245703
2025-09-18,0.01085704653972223,0.006868806149902483,0.0,0.0,0.01577840823336358
2025-09-19,0.0010870781347786004,8.54661868917004e-05,0.0,0.0,0.0028469463004243633
2025-09-22,-0.004514053877000165,0.0071417666468070115,0.0,0.0,-0.0005702235102161897
2025-09-23,0.0024561525294456324,-0.0012793538766814226,0.0,0.0,0.00115090039987847
2025-09-24,0.0017231663539187194,-0.0010860154857492443,0.0,0.0,0.0008252219061968367
2025-09-25,0.008733657897718282,0.004267538284063728,0.0,0.0,0.008022675176298009
2025-09-26,0.021645117037337423,0.013515296663112245,0.0,0.0,0.015251369693983035
2025-09-29,0.010973934899934586,0.008387933678351455,0.0,0.0,0.008117306386866018
2025-09-30,0.014125444161728631,0.015309662069603052,0.0,1.4210854715202004e-14,0.011118720608851017
2025-10-01,0.0009767442592818346,0.006283537524353301,0.0,0.0,0.0014981076394878635
2025-10-02,0.019152406024759566,0.015830196349054138,19.683389449230944,0.0,0.01883503957901118
2025-10-03,0.004557884803339322,0.012294491659110908,0.09553391149232837,0.0,0.007868294060555907
2025-10-06,-0.009119614248347854,-0.00976872436887016,-0.248632908674562,0.0,-0.009884369709772738
2025-10-07,-0.012390509685140978,-0.013049224182099447,-0.13452014061006423,0.0,-0.01169963493290673
2025-10-08,-0.006513849659265559,3.806309592994704e-05,-0.14734184167422626,0.0,-0.006394268418546884
2025-10-09,-0.004719845116972926,-0.005228188089519964,-0.15174936431442276,0.0,-0.009771843111334607
2025-10-10,-0.007803684320057713,-0.00968234222670281,0.12094689274313808,0.0,-0.008506068183892915
2025-10-13,-0.02920189861560202,-0.02877961583856377,0.2909714230883189,0.0,-0.03203460706074265
2025-10-14,0.04600151249509706,0.04452807341647388,-0.09798885957932768,0.0,0.05021860665439159
2025-10-15,-0.0021890589387589658,-0.005067250259254435,0.10705439640181424,0.0,-0.00493203503197903
2025-10-16,-0.008995138011747499,-0.007228498151897362,-0.7846632111474428,0.0,-0.009322442703854484
2025-10-17,-0.010951345012740683,-0.011693570094803866,0.11452790967975446,0.0,-0.008628182111705107
2025-10-20,0.015102856494971352,0.005852812737684953,0.7319584254710279,0.0,0.015096355451006698
2025-10-21,0.00600446514429577,0.00719196221890482,-0.2895367864553542,0.0,0.00592615351781011
2025-10-22,-0.005676979084540618,-0.00457581456515241,-0.046346209325385246,0.0,-0.0011774879191323731
2025-10-23,-0.013716743368191441,-0.009507341130585626,-0.29586158254246797,0.0,-0.015108231362547773
2025-10-24,-0.007342148405212455,-0.009055996978752095,-0.203789393991876,0.0,-0.009004460098345017
2025-10-27,-0.008541651182391325,-0.009643773763661745,0.031028194106852425,0.0,-0.00773491959622058
2025-10-28,-0.011379809544138784,-0.015987097979712254,-0.05649492889952512,0.0,-0.018105661003891542
2025-10-29,-0.010792551120692065,-0.015500732208815985,0.1810233364490479,-1.4210854715202004e-14,-0.01591045538825224
2025-10-30,-0.012125410154963358,-0.0068235846982426145,0.302702113668051,0.0,-0.01345381869228458
2025-10-31,0.03346177029080391,0.027484191104000116,-0.023071963794048855,0.0,0.032428334409280175
2025-11-03,0.0024284045854822446,0.0033108187374974772,-0.04075971470286177,0.0,0.0035772200713042436
2025-11-04,-0.010201694322008712,-0.011674713020232005,-0.4388769346862631,0.0,-0.014056524001629633
2025-11-05,-0.012860011428802895,-0.010209777909510106,0.08112175032580993,0.0,-0.007129413365515243
2025-11-06,-0.004562259049451355,-0.004657697562105058,-0.3318105490145449,0.0,-0.005662851236022923
2025-11-07,0.003086468516435736,0.006221017686474092,0.033259497885765654,0.0,0.003983218498477687
2025-11-10,0.013775380682848186,0.014036751693667152,0.3384676137287208,0.0,0.01651511782053818
2025-11-11,-0.02323067683258565,-0.026103181928435533,0.045451037311007525,0.0,-0.02912093757849762
2025-11-12,0.0009921861905601288,-0.001939320013123728,-0.22079792488051098,0.0,-0.0032441471173683765
2025-11-13,0.017293218490195307,0.01362439315683853,0.20936287594996017,0.0,0.018090436361935747
2025-11-14,0.007303727374012115,0.005104144031284111,0.0503397225726836,0.0,0.007781340690949939
2025-11-17,-0.002696005929644819,-0.0022843750317768276,-0.27237032761856383,0.0,-0.000298263802554353
2025-11-18,-0.0055308446581164164,-0.003417391181873864,-0.1612463034170446,0.0,-0.004283647635204984
2025-11-19,0.01118502052585659,0.004260222582571728,0.29389498080971066,0.0,0.00292100414123548
2025-11-20,0.004403897923078083,0.0034647218898407515,-0.20843052204356738,0.0,0.004362902768246077
2025-11-21,-0.005417601780951809,-0.004576361235674388,-0.21173631421482142,0.0,-0.00571894401870244
2025-11-24,-0.0003519041339826423,-0.0037329240876870914,-0.4667355777526403,0.0,-0.004570508933751843
2025-11-25,-0.001654853124627924,-0.0027666151021703404,-0.13166428525175178,0.0,-0.00452881757654519
2025-11-26,0.013274509630258776,0.0058985843428952,0.7577089689792693,0.0,0.006679199189873896
2025-11-27,0.015127674838092898,0.011726438231327609,-0.06284195617282151,0.0,0.016387160064557062
2025-11-28,0.0071265242696878055,0.01576581350877701,0.5896156002165682,0.0,0.013593334506184761
2025-12-01,0.006946811564719882,0.0042604828655885395,-0.047932630704394796,0.0,0.00800011930643492
2025-12-02,-0.004099649619798573,-0.0014555166263438305,-0.2833554531416276,0.0,-0.00308888878333111
2025-12-03,-0.009931251764933195,-0.010249322308131597,0.18610654855974218,0.0,-0.00653679976381823
2025-12-04,-0.00028378750534116103,0.0007897353845562232,-0.8449431287265909,0.0,0.002746244829763577
2025-12-05,0.005731401132175426,0.004768903624197886,0.6766228490686039,0.0,0.0039894677446136164
2025-12-08,0.007779750592559436,0.0021256686175209322,0.056659072871813265,0.0,0.007526056951896636
2025-12-09,0.007265989309671022,0.004928919574030827,0.25690669881269557,0.0,0.006738415533732157
2025-12-10,-0.001573721129928431,-0.0012188964290443197,-0.05529201454966426,0.0,0.0010547593097110198
2025-12-11,-0.005559385379585968,-0.006397175951311526,-0.15942316624033737,0.0,-0.0037546455162224862
2025-12-12,0.009627476735255625,0.004343514390676287,-0.03072395272241124,0.0,0.006054451738421276
2025-12-15,0.005051690473463035,0.0007456464633396128,0.10644306373230705,0.0,0.004997609560371661
2025-12-16,-0.0019364953920833349,-0.000692839041621321,0.23962441534464674,0.0,-0.002688317452311902
2025-12-17,0.0004324991934967223,-0.0010925498253510598,0.17129614866554022,0.0,0.00032078906952347013
2025-12-18,0.01347493497380934,0.005260243901480046,-0.47431425708312247,0.0,0.006125566699883143
2025-12-19,-0.0027383325700172574,-0.004259165842772001,-0.2856301851464451,0.0,-0.007210159766139617
2025-12-22,-0.0017226316935188449,-0.0020938778266811767,-0.18470385506091702,0.0,-0.004335971644409094
2025-12-23,-0.0016465851672863032,-0.0010883189290482416,-0.21757303741836864,0.0,-0.00156725134023428
2025-12-24,-0.0013027684147250368,-0.003141106365575945,0.40004007075616244,0.0,0.0008873426510204335
2025-12-26,0.010763745477029688,0.006411945989620488,0.49256514017896436,0.0,0.010655221025027393
2025-12-30,0.014242760837346826,0.017962481564023778,-0.09646381504876445,0.0,0.01592222831488743
2025-12-31,-0.0035129959618315993,-0.0022810038513810657,0.015318010584106645,0.0,-0.005241051983729829
2026-01-01,0.013183962111827034,0.009405677410923586,0.015633640801421933,0.0,0.011956726562983692
2026-01-02,0.01847442490842094,0.017054951896328913,0.48143266022877995,0.0,0.014318217693500857
2026-01-05,0.02038416246787636,0.020295694040364336,0.11181562837361625,0.0,0.018107946154529684
2026-01-06,0.0164207854011252,0.018848414945372913,-0.07266078860714842,0.0,0.013918592853171437
2026-01-07,0.006931877245463302,0.01643659076427108,-0.11855368655112031,0.0,0.011239154716516734
2026-01-08,-0.00837035407217321,-0.0032000575497374627,0.19193587383986355,1.4210854715202004e-14,-0.00447802574050932
2026-01-09,-0.007115383061430511,-0.008541780527987273,-0.6824335110037474,0.0,-0.00960382933669652
2026-01-12,-0.012303709068777362,-0.016936801091990285,-0.17243495415133836,0.0,-0.013802515372118126
2026-01-13,0.009664551359638065,0.00497576793212837,0.4823304343689365,0.0,0.008481099366341057
2026-01-14,-0.0073825323272301,-0.007369748266277326,-0.06393543220064757,0.0,-0.007317858441409437
2026-01-15,-0.007234238220594824,-0.014007662713967362,-0.4557482388263274,0.0,-0.01028356755073303
2026-01-16,0.019794862915801924,0.02139492462118213,0.26923426021937047,-1.4210854715202004e-14,0.02010175966045173
2026-01-19,0.01909320300929206,0.01258102611993822,-0.006745506808258028,0.0,0.01225417365232209
2026-01-20,0.0036270139802381373,0.017049774367665152,0.048026143825360634,0.0,0.007467577243488755
2026-01-21,-0.00830928261202409,-0.002667794158398807,-0.02614857529331971,0.0,-0.008930987031570062
2026-01-22,0.003915112343878946,0.008435265726320775,-0.24531562110333738,0.0,0.006112332046792667
2026-01-23,0.012611463763241645,0.004955897852691133,0.10066543589873689,0.0,0.0035310553426157
2026-01-26,-0.0031112611964793945,0.012011644291701208,0.051567716195620505,0.0,-0.0016590817504504032
2026-01-27,-0.001214190781513219,-0.005736186061829942,-0.09045472058955539,0.0,-0.006654909872086051
2026-01-28,0.001305623205777708,0.00568881800160547,-0.2419307219242448,0.0,0.00246249824469565
2026-01-29,-0.036947978567188844,-0.030825599700075642,0.5266579973258061,0.0,-0.02892929821282407
2026-01-30,0.009533367543065331,0.012363402655391209,-0.38743746001870605,0.0,0.009010727418354627
2026-02-02,0.00611120899025084,0.02122241745692609,-0.18087115466657266,0.0,0.008062090796224554
2026-02-03,0.008468535258789538,0.005322942493969685,0.4870703857672609,0.0,0.008765254054602755
2026-02-04,0.004316582804451295,0.0003428699567419088,-0.5266430046107402,0.0,0.0025854920168557802
2026-02-06,-0.022167078940111086,-0.011759892323637014,0.5232626234268629,0.0,-0.020483878296995325
2026-02-09,-0.010417288879858497,0.005277430122590072,0.050571237581092277,0.0,-0.0058695339725107565
2026-02-10,0.0013631955922852278,-0.0022976556509894355,-0.6950763618776641,0.0,-0.0014430234808540234
2026-02-11,0.0037476467046700275,-0.0040167420810763715,-0.1304516406674665,0.0,0.0017789134179418899
2026-02-12,-0.013906283261510268,-0.0111075976108841,0.3584995087529954,0.0,-0.017908003450405604
2026-02-13,-0.006893002297796248,-0.0036493613540006862,0.08193035114488012,0.0,-0.006434763591647923
2026-02-16,-0.061048185421876705,0.0024408652523415435,0.28259901705338564,0.0,-0.011604973205353862
2026-02-17,-0.007211297515646347,-0.015301520600953645,0.08743355502149441,0.0,-0.011243199055774512
2026-02-18,0.06475971945735946,-0.0034501643268186415,0.16110536255927954,0.0,0.028066885834500104
2026-02-19,-0.037604417145525496,-0.03864341281521893,-0.7112468186186192,0.0,-0.04662587313455508
2026-02-20,0.007267796273155145,0.00557779685989899,-0.0769722834291322,0.0,0.00815467231984827
2026-02-23,-0.032871864795689196,-0.03554743458893338,0.05451259216097526,0.0,-0.039953542362679166
2026-02-24,-0.00801506666718224,-0.002274807590088386,0.5157713078040445,0.0,-0.00681404556138325
2026-02-25,-0.01136358953649894,-0.01665647394171639,-0.3252863427991457,0.0,-0.017956167704291932
2026-02-26,0.02705800860355507,0.0349249627531883,0.2331109854697928,0.0,0.03158102555319901
2026-02-27,-0.00778135079675103,-0.010000065092642809,-0.48186770338196894,0.0,-0.011016303315755347
2026-03-02,-0.10241355410215575,-0.10045014053150657,0.7415408706837141,0.0,-0.10216361203364084
2026-03-03,0.04177958443036056,0.03713552453650846,0.08622241041018697,0.0,0.023192682542443267
2026-03-04,-0.008570626846742386,-0.0015177675999451733,-0.4640129053913462,0.0,-0.003558294973976497
2026-03-05,0.03872578206112168,0.04053507015979185,0.06463654850375633,0.0,0.04521586977160129
2026-03-06,-0.02959162266180068,-0.021844150661521754,-0.42728041499720604,0.0,-0.026122172443672775
2026-03-09,-0.07147182252878925,-0.07008423791895595,0.5305126851132194,0.0,-0.07490412302429594
2026-03-10,0.06551282184289578,0.04862550708215394,-0.13759653756773105,0.0,0.06320837428934495
2026-03-11,-0.00399467850283427,-0.00822311504805145,-0.12461379483055524,0.0,-0.0026417295464929535
2026-03-12,-0.011112081012884328,-0.017604544683158026,-0.10605701856413319,0.0,-0.01581368799792447
2026-03-13,-0.005694483998381887,-0.004121750078394343,-0.5109380568473192,0.0,-0.0042446870666243836
2026-03-16,-0.06652496890819475,-0.0014886869640324768,0.2974276240846443,0.0,-0.0418233091945889
2026-03-17,-2.2600432290655367e-05,-0.0016084909080560743,0.08622116497049248,0.0,-0.004743512967486829
2026-03-18,0.030706771775876968,0.032230257100985475,0.30879023182396637,0.0,0.033293897956720074
2026-03-19,-0.014630677141171371,-0.01475327826529642,-0.4399331914489899,0.0,-0.015579677005035427
2026-03-25,0.0393662975158238,0.020599058935789255,0.5477544935973739,0.0,0.03288233574422555
2026-03-26,-0.03761006698653967,-0.039138979644054425,-0.32695191274108737,0.0,-0.04106386517907209
2026-03-27,-0.008377400520995726,-0.014563341857405957,-0.15315757939178098,0.0,-0.01463488898292331
2026-03-30,-0.032922830960156024,-0.04518095083179656,0.4951449760890476,0.0,-0.046457163182121626
2026-03-31,0.013417751805073343,0.02067948075558464,-0.4234228946998364,0.0,0.01677810821052228
2026-04-01,0.04610367597733219,0.046463655486913266,0.726753723792001,0.0,0.05345527346163439
2026-04-02,-0.025351831664654573,-0.021153181336996563,-0.8609532618828304,0.0,-0.028867675372879036
2026-04-03,-0.011429691040448395,-0.004420440177752475,0.13005937467972473,0.0,-0.006320563465761623
2026-04-06,0.005394957045459582,0.005809452809142642,0.1643791400873056,0.0,0.00789725356775802
2026-04-07,0.0052290130701636624,0.001212650940598976,-0.30045319464581155,0.0,0.003846498893679057
2026-04-08,0.09109985591279687,0.08560127011313007,0.5257089441376159,0.0,0.09026285329484565
2026-04-09,-0.003012114359120425,0.009857228027390986,0.5237826204504472,0.0,0.00815967561236483
2026-04-10,0.008343053696289304,0.015536760524662501,0.04015706721296297,0.0,0.021268107333610082
2026-04-13,-0.04291771439126219,-0.043200722794917074,-0.1954522299922239,0.0,-0.04576003403401697
2026-04-14,0.03094123779994015,0.04269549134223948,0.03448107404679135,0.0,0.04130756420140808
2026-04-15,0.01845871918353653,0.028576996011089012,0.27679905410919403,0.0,0.025883297754574045
2026-04-16,0.010836843317973327,0.01109737722219799,-0.47728911588425404,0.0,0.009927728512909876
2026-04-17,0.025385496766948637,0.03036744095380018,0.7007371436365837,0.0,0.03090749484715929
2026-04-20,-0.019663573380891957,-0.0065794828443151675,-0.07358641170031888,0.0,-0.01169428744307572
2026-04-21,0.00573135364631443,0.0040954549049150215,-0.36173736141960333,0.0,0.004952614169426257
2026-04-22,-0.009848164524007523,-0.016136001077909995,-0.5333112974100338,0.0,-0.01507404424981937
2026-04-23,-0.01716523688985225,-0.020946397136312456,-0.3154618191399514,0.0,-0.020564690724264024
2026-04-24,0.011477367301846236,0.017026922270230546,0.7632086172728592,-1.4210854715202004e-14,0.016079199172487856
2026-04-27,-0.007759674734759128,-0.004603665060795347,-0.10198288339111272,0.0,-0.01013691084003495
2026-04-28,-0.0081768823594401,-0.00948376559220624,-0.4905761371757471,0.0,-0.008568239341894686
2026-04-29,-0.017579006892673523,-0.018685627523112532,0.17837721072548263,0.0,-0.020580929205479534
2026-04-30,-0.0204001725677071,-0.021091244082316992,0.18425799974067658,0.0,-0.02475156633782138
