Fund,Model,Train N,Test N,RMSE,MAE,R²,Note
AKD,"ARIMA(1,0,1)",25,14,0.292621,0.110464,-0.0941,← Best
AKD,LSTM,25,14,0.314453,0.13949,-0.2634,
AKD,LSTM-Attn,25,14,0.298282,0.109665,-0.1368,
NBP,"ARIMA(1,0,1)",25,14,2.609607,1.309593,-0.1871,Baseline
NBP,LSTM,25,14,2.557762,1.482644,-0.1404,← Best
NBP,LSTM-Attn,25,14,2.849868,1.344755,-0.4157,
NIT,"ARIMA(1,0,1)",25,14,0.281103,0.109678,-0.0471,← Best
NIT,LSTM,25,14,0.303744,0.16118,-0.2226,
NIT,LSTM-Attn,25,14,0.299759,0.151301,-0.1907,
