Date,SYMBOL,ISIN,COMPANY,PRICE,IDX WT %,FF BASED SHARES,FF BASED MCAP,ORD SHARES,ORD SHARES MCAP,VOLUME,ret_21d,wt_rank,vol_63d,turn_63d,next_weight,stay_next,weight_change_next,next_rebalance_date,NAV_AKD,AUM_AKD,FLOW_AKD,NAV_NBP,AUM_NBP,FLOW_NBP,NAV_NTI,AUM_NTI,FLOW_NTI,NAV_TOTAL,AUM_TOTAL,FLOW_TOTAL,NAV_AKD_lag1,NAV_AKD_lag2,AUM_AKD_lag1,AUM_AKD_lag2,FLOW_AKD_lag1,FLOW_AKD_lag2,NAV_NBP_lag1,NAV_NBP_lag2,AUM_NBP_lag1,AUM_NBP_lag2,FLOW_NBP_lag1,FLOW_NBP_lag2,NAV_NTI_lag1,NAV_NTI_lag2,AUM_NTI_lag1,AUM_NTI_lag2,FLOW_NTI_lag1,FLOW_NTI_lag2,NAV_TOTAL_lag1,NAV_TOTAL_lag2,AUM_TOTAL_lag1,AUM_TOTAL_lag2,FLOW_TOTAL_lag1,FLOW_TOTAL_lag2,aum_nav_ratio,flow_to_aum
2020-03-31,ATRL,PK0024501014,Attock Refinery Limited,66.41,0.32,42646500,2832154065.0,42646500,2832154065.0,601100.0,,32.0,,,0.59,1,0.26999999999999996,2020-09-30,,,,,,,8.7168,6.65,0.06055144425877401,8.7168,6.65,0.06055144425877401,,,,,,,,,,,,,,,,,,,,,,,,,0.7628946402349487,0.009105480339665264
2020-03-31,BAFL,PK0078701015,Bank Alfalah Limited,31.81,2.58,710866048,22612648986.88,710866048,22612648986.88,658832.0,,15.0,0.03556985323304568,1255226.2698412698,2.11,1,-0.4700000000000002,2020-09-30,,,,,,,8.7168,6.65,0.06055144425877401,8.7168,6.65,0.06055144425877401,,,,,,,,,,,,,,,,,,,,,,,,,0.7628946402349487,0.009105480339665264
2020-03-31,BAHL,PK0051601018,Bank Al-Habib Ltd.,53.87,4.45,722426520,38917116632.4,722426520,38917116632.4,753546.0,,10.0,0.03037806317402618,497677.01587301586,3.97,1,-0.48,2020-09-30,,,,,,,8.7168,6.65,0.06055144425877401,8.7168,6.65,0.06055144425877401,,,,,,,,,,,,,,,,,,,,,,,,,0.7628946402349487,0.009105480339665264
2020-03-31,BOP,PK0045001010,Bank Of Punjab.,10.2,1.04,1115957536,11382766867.2,2643692380,26965662276.0,28009500.0,,25.0,0.02693188056679096,14606343.137254901,0.94,1,-0.10000000000000009,2020-09-30,,,,,,,8.7168,6.65,0.06055144425877401,8.7168,6.65,0.06055144425877401,,,,,,,,,,,,,,,,,,,,,,,,,0.7628946402349487,0.009105480339665264
2020-03-31,DGKC,PK0052401012,D. G. Khan Cement Co. Ltd.,59.25,1.48,219059559,12979278870.75,219059559,12979278870.75,5752500.0,,19.0,0.03981817076501402,5911579.365079365,1.92,1,0.43999999999999995,2020-09-30,,,,,,,8.7168,6.65,0.06055144425877401,8.7168,6.65,0.06055144425877401,,,,,,,,,,,,,,,,,,,,,,,,,0.7628946402349487,0.009105480339665264
2020-03-31,EFERT,PK0099701010,Engro Fertilizers Limited,57.66,3.96,600884719,34647012897.54,600884719,34647012897.54,3364232.0,,11.0,0.025256048619624303,2634597.9206349207,3.11,1,-0.8500000000000001,2020-09-30,,,,,,,8.7168,6.65,0.06055144425877401,8.7168,6.65,0.06055144425877401,,,,,,,,,,,,,,,,,,,,,,,,,0.7628946402349487,0.009105480339665264
2020-03-31,ENGRO,PK0012101017,Engro Corporation Limited.,266.9,9.67,316889777,84577881481.3,316889777,84577881481.3,604890.0,,1.0,0.0315748689441829,995461.380952381,8.12,1,-1.5500000000000007,2020-09-30,,,,,,,8.7168,6.65,0.06055144425877401,8.7168,6.65,0.06055144425877401,,,,,,,,,,,,,,,,,,,,,,,,,0.7628946402349487,0.009105480339665264
2020-03-31,EPCL,PK0092201018,Engro Polymer & Chemicals Ltd.,24.52,0.89,318123167,7800380054.84,318123167,7800380054.84,1312000.0,,26.0,0.03660670755548058,3010428.5714285714,1.05,1,0.16000000000000003,2020-09-30,,,,,,,8.7168,6.65,0.06055144425877401,8.7168,6.65,0.06055144425877401,,,,,,,,,,,,,,,,,,,,,,,,,0.7628946402349487,0.009105480339665264
2020-03-31,FCCL,PK0074501013,Fauji Cement Company Limited,14.81,1.28,758898264,11239283289.84,758898264,11239283289.84,8050000.0,,21.0,0.038638144913112904,6983484.126984127,1.28,1,0.0,2020-09-30,,,,,,,8.7168,6.65,0.06055144425877401,8.7168,6.65,0.06055144425877401,,,,,,,,,,,,,,,,,,,,,,,,,0.7628946402349487,0.009105480339665264
2020-03-31,FFC,PK0053401011,Fauji Fertilizer Company Limited,93.01,7.44,699731036,65081983658.36,699731036,65081983658.36,785549.0,,4.0,0.02470860643141913,1272929.7142857143,6.44,1,-1.0,2020-09-30,,,,,,,8.7168,6.65,0.06055144425877401,8.7168,6.65,0.06055144425877401,,,,,,,,,,,,,,,,,,,,,,,,,0.7628946402349487,0.009105480339665264
2020-03-31,HBL,PK0085101019,Habib Bank Limited,103.23,8.65,733426254,75711592200.42,733426254,75711592200.42,1822626.0,,2.0,0.03178679117514139,1503581.7936507936,8.17,1,-0.4800000000000004,2020-09-30,,,,,,,8.7168,6.65,0.06055144425877401,8.7168,6.65,0.06055144425877401,,,,,,,,,,,,,,,,,,,,,,,,,0.7628946402349487,0.009105480339665264
2020-03-31,HUBC,PK0065001015,The Hub Power Company Limited,68.27,7.59,972865790,66417547483.3,972865790,66417547483.3,3662469.0,,3.0,0.032163050507666394,2653050.6666666665,6.5,1,-1.0899999999999999,2020-09-30,,,,,,,8.7168,6.65,0.06055144425877401,8.7168,6.65,0.06055144425877401,,,,,,,,,,,,,,,,,,,,,,,,,0.7628946402349487,0.009105480339665264
2020-03-31,ISL,PK0102001010,International Steels Limited.,36.19,0.54,130500000,4722795000.0,130500000,4722795000.0,1808500.0,,29.0,,,0.86,1,0.31999999999999995,2020-09-30,,,,,,,8.7168,6.65,0.06055144425877401,8.7168,6.65,0.06055144425877401,,,,,,,,,,,,,,,,,,,,,,,,,0.7628946402349487,0.009105480339665264
2020-03-31,KAPCO,PK0083101011,Kot Addu Power Company.,20.6,0.85,455684613,9387103027.8,880253228,18133216496.8,1089000.0,,27.0,0.021242221017304528,1556656.862745098,0.0,0,-0.85,2020-09-30,,,,,,,8.7168,6.65,0.06055144425877401,8.7168,6.65,0.06055144425877401,,,,,,,,,,,,,,,,,,,,,,,,,0.7628946402349487,0.009105480339665264
2020-03-31,LOTCHEM,PK0077901012,Lotte Chemical Pakistan Ltd.,9.83,0.43,378551802,3721164213.66,378551802,3721164213.66,4963000.0,,31.0,0.034291509576105196,3598039.6825396824,0.42,1,-0.010000000000000009,2020-09-30,,,,,,,8.7168,6.65,0.06055144425877401,8.7168,6.65,0.06055144425877401,,,,,,,,,,,,,,,,,,,,,,,,,0.7628946402349487,0.009105480339665264
2020-03-31,LUCK,PK0071501016,Lucky Cement Limited.,370.7,5.48,129350000,47950045000.0,129350000,47950045000.0,1480451.0,,8.0,0.0363514897300702,1130837.0476190476,7.13,1,1.6499999999999995,2020-09-30,,,,,,,8.7168,6.65,0.06055144425877401,8.7168,6.65,0.06055144425877401,,,,,,,,,,,,,,,,,,,,,,,,,0.7628946402349487,0.009105480339665264
2020-03-31,MARI,PK0066301018,Mari Petroleum Company Ltd.,891.1,2.72,26680500,23774993550.0,26680500,23774993550.0,80020.0,,14.0,0.030997935193165328,54330.15873015873,3.11,1,0.3899999999999997,2020-09-30,,,,,,,8.7168,6.65,0.06055144425877401,8.7168,6.65,0.06055144425877401,,,,,,,,,,,,,,,,,,,,,,,,,0.7628946402349487,0.009105480339665264
2020-03-31,MCB,PK0055601014,MCB Bank Limited,149.28,7.08,414771002,61917015178.56,414771002,61917015178.56,1094943.0,,5.0,0.028734999546344116,740910.4603174604,6.14,1,-0.9400000000000004,2020-09-30,,,,,,,8.7168,6.65,0.06055144425877401,8.7168,6.65,0.06055144425877401,,,,,,,,,,,,,,,,,,,,,,,,,0.7628946402349487,0.009105480339665264
2020-03-31,MEBL,PK0077401013,Meezan Bank Limited,65.09,2.39,321527906,20928251401.54,321527906,20928251401.54,1348500.0,,16.0,0.03286720337381102,618182.5396825396,2.48,1,0.08999999999999986,2020-09-30,,,,,,,8.7168,6.65,0.06055144425877401,8.7168,6.65,0.06055144425877401,,,,,,,,,,,,,,,,,,,,,,,,,0.7628946402349487,0.009105480339665264
2020-03-31,MLCF,PK0066201010,Maple Leaf Cement Factory Ltd.,20.72,1.17,494255804,10240980258.88,494255804,10240980258.88,19029500.0,,23.0,0.042338451267063364,12335293.650793651,1.51,1,0.3400000000000001,2020-09-30,,,,,,,8.7168,6.65,0.06055144425877401,8.7168,6.65,0.06055144425877401,,,,,,,,,,,,,,,,,,,,,,,,,0.7628946402349487,0.009105480339665264
2020-03-31,MTL,PK0009801017,Millat Tractors Limited,543.26,1.39,22423100,12181573306.0,22423100,12181573306.0,18300.0,,20.0,0.025326598924816934,38361.11111111111,1.54,1,0.15000000000000013,2020-09-30,,,,,,,8.7168,6.65,0.06055144425877401,8.7168,6.65,0.06055144425877401,,,,,,,,,,,,,,,,,,,,,,,,,0.7628946402349487,0.009105480339665264
2020-03-31,NBP,PK0078001010,National Bank Of Pakistan.,28.26,1.64,506929402,14325824900.52,506929402,14325824900.52,675000.0,,18.0,0.03466819349547116,1582674.603174603,1.72,1,0.08000000000000007,2020-09-30,,,,,,,8.7168,6.65,0.06055144425877401,8.7168,6.65,0.06055144425877401,,,,,,,,,,,,,,,,,,,,,,,,,0.7628946402349487,0.009105480339665264
2020-03-31,NML,PK0005501017,Nishat Mills Ltd.,58.73,1.06,158219932,9292256606.36,158219932,9292256606.36,7723400.0,,24.0,0.034261794593154704,1029312.6984126985,1.36,1,0.30000000000000004,2020-09-30,,,,,,,8.7168,6.65,0.06055144425877401,8.7168,6.65,0.06055144425877401,,,,,,,,,,,,,,,,,,,,,,,,,0.7628946402349487,0.009105480339665264
2020-03-31,OGDC,PK0080201012,Oil & Gas Development Company Limited,76.99,5.68,645139260,49669271627.4,645139260,49669271627.4,12716786.0,,6.0,0.029769862566235976,3724476.8253968256,5.69,1,0.010000000000000675,2020-09-30,,,,,,,8.7168,6.65,0.06055144425877401,8.7168,6.65,0.06055144425877401,,,,,,,,,,,,,,,,,,,,,,,,,0.7628946402349487,0.009105480339665264
2020-03-31,PAEL,PK0034601010,Pak Elektron Limited,18.57,0.53,248840743,4620972597.51,248840743,4620972597.51,2427500.0,,30.0,0.037732092364611565,4084301.587301587,0.7,1,0.16999999999999993,2020-09-30,,,,,,,8.7168,6.65,0.06055144425877401,8.7168,6.65,0.06055144425877401,,,,,,,,,,,,,,,,,,,,,,,,,0.7628946402349487,0.009105480339665264
2020-03-31,POL,PK0023901017,Pakistan Oilfields Limited,262.21,3.89,129759049,34024120238.29,129759049,34024120238.29,296421.0,,12.0,0.02906570895492908,411507.20634920633,4.66,1,0.77,2020-09-30,,,,,,,8.7168,6.65,0.06055144425877401,8.7168,6.65,0.06055144425877401,,,,,,,,,,,,,,,,,,,,,,,,,0.7628946402349487,0.009105480339665264
2020-03-31,PPL,PK0081801018,Pakistan Petroleum Limited.,71.81,5.47,666129798,47834780794.38,666129798,47834780794.38,4301000.0,,9.0,0.03242997213332637,3172826.111111111,5.22,1,-0.25,2020-09-30,,,,,,,8.7168,6.65,0.06055144425877401,8.7168,6.65,0.06055144425877401,,,,,,,,,,,,,,,,,,,,,,,,,0.7628946402349487,0.009105480339665264
2020-03-31,PSO,PK0022501016,Pakistan State Oil Co Ltd.,121.5,2.93,211262985,25668452677.5,211262985,25668452677.5,1425063.0,,13.0,0.033391954071502375,2374693.523809524,3.6,1,0.6699999999999999,2020-09-30,,,,,,,8.7168,6.65,0.06055144425877401,8.7168,6.65,0.06055144425877401,,,,,,,,,,,,,,,,,,,,,,,,,0.7628946402349487,0.009105480339665264
2020-03-31,SEARL,PK0061701014,The Searle Company Ltd.,156.85,1.71,95591360,14993504816.0,95591360,14993504816.0,369900.0,,17.0,0.033168635933171785,744347.619047619,2.09,1,0.3799999999999999,2020-09-30,,,,,,,8.7168,6.65,0.06055144425877401,8.7168,6.65,0.06055144425877401,,,,,,,,,,,,,,,,,,,,,,,,,0.7628946402349487,0.009105480339665264
2020-03-31,SNGP,PK0008901016,Sui Northern Gas Pipelines Limited,36.9,1.2,285397499,10531167713.1,285397499,10531167713.1,1684500.0,,22.0,0.03381298907849297,1657253.9682539683,1.5,1,0.30000000000000004,2020-09-30,,,,,,,8.7168,6.65,0.06055144425877401,8.7168,6.65,0.06055144425877401,,,,,,,,,,,,,,,,,,,,,,,,,0.7628946402349487,0.009105480339665264
2020-03-31,TRG,PK0079201015,TRG Pakistan Ltd.,13.91,0.74,463582065,6448426524.15,463582065,6448426524.15,5283500.0,,28.0,0.041016776653218234,8527769.841269841,2.06,1,1.32,2020-09-30,,,,,,,8.7168,6.65,0.06055144425877401,8.7168,6.65,0.06055144425877401,,,,,,,,,,,,,,,,,,,,,,,,,0.7628946402349487,0.009105480339665264
2020-03-31,UBL,PK0081901016,United Bank Limited,100.81,5.64,489671875,49363821718.75,489671875,49363821718.75,3221544.0,,7.0,0.03184598231306869,1316836.9206349207,4.8,1,-0.8399999999999999,2020-09-30,,,,,,,8.7168,6.65,0.06055144425877401,8.7168,6.65,0.06055144425877401,,,,,,,,,,,,,,,,,,,,,,,,,0.7628946402349487,0.009105480339665264
2020-09-30,ATRL,PK0024501014,Attock Refinery Limited,170.53,0.59,42646500,7272507645.0,42646500,7272507645.0,1333500.0,1.5678361692516187,31.0,0.0327350535766106,3345280.9523809524,0.85,1,0.26,2021-03-31,,,,,,,11.7573,56.46,-0.6543425739507498,11.7573,56.46,-0.6543425739507498,,,,,,,,,,,,,11.8799,11.6033,57.89,56.27,0.0029236143260007452,-0.3768875855666707,11.8799,11.6033,57.89,56.27,0.0029236143260007452,-0.3768875855666707,4.802122936388456,-0.011589489442981753
2020-09-30,BAFL,PK0078701015,Bank Alfalah Limited,34.78,2.11,710866048,24723921149.44,710866048,24723921149.44,611436.0,0.0933668657654827,15.0,0.01809356696626703,2765567.5714285714,1.78,1,-0.32999999999999985,2021-03-31,,,,,,,11.7573,56.46,-0.6543425739507498,11.7573,56.46,-0.6543425739507498,,,,,,,,,,,,,11.8799,11.6033,57.89,56.27,0.0029236143260007452,-0.3768875855666707,11.8799,11.6033,57.89,56.27,0.0029236143260007452,-0.3768875855666707,4.802122936388456,-0.011589489442981753
2020-09-30,BAHL,PK0051601018,Bank Al-Habib Ltd.,64.57,3.97,722426520,46647080396.4,722426520,46647080396.4,973565.0,0.19862632262855007,11.0,0.01349777547905832,633016.1746031746,3.66,1,-0.31000000000000005,2021-03-31,,,,,,,11.7573,56.46,-0.6543425739507498,11.7573,56.46,-0.6543425739507498,,,,,,,,,,,,,11.8799,11.6033,57.89,56.27,0.0029236143260007452,-0.3768875855666707,11.8799,11.6033,57.89,56.27,0.0029236143260007452,-0.3768875855666707,4.802122936388456,-0.011589489442981753
2020-09-30,BOP,PK0045001010,Bank Of Punjab.,9.88,0.94,1115986617,11025947775.96,1115986617,11025947775.96,18815500.0,-0.03137254901960773,28.0,0.024962888706063176,14279571.42857143,0.8,1,-0.1399999999999999,2021-03-31,,,,,,,11.7573,56.46,-0.6543425739507498,11.7573,56.46,-0.6543425739507498,,,,,,,,,,,,,11.8799,11.6033,57.89,56.27,0.0029236143260007452,-0.3768875855666707,11.8799,11.6033,57.89,56.27,0.0029236143260007452,-0.3768875855666707,4.802122936388456,-0.011589489442981753
2020-09-30,CHCC,PK0029801013,Cherat Cement Company Limited,116.76,1.06,106862271,12477238761.96,106862271,12477238761.96,917000.0,,25.0,,,1.34,1,0.28,2021-03-31,,,,,,,11.7573,56.46,-0.6543425739507498,11.7573,56.46,-0.6543425739507498,,,,,,,,,,,,,11.8799,11.6033,57.89,56.27,0.0029236143260007452,-0.3768875855666707,11.8799,11.6033,57.89,56.27,0.0029236143260007452,-0.3768875855666707,4.802122936388456,-0.011589489442981753
2020-09-30,DGKC,PK0052401012,D. G. Khan Cement Co. Ltd.,103.11,1.92,219059559,22587231128.49,219059559,22587231128.49,6000000.0,0.7402531645569621,18.0,0.021695329848651065,6715182.53968254,2.06,1,0.14000000000000012,2021-03-31,,,,,,,11.7573,56.46,-0.6543425739507498,11.7573,56.46,-0.6543425739507498,,,,,,,,,,,,,11.8799,11.6033,57.89,56.27,0.0029236143260007452,-0.3768875855666707,11.8799,11.6033,57.89,56.27,0.0029236143260007452,-0.3768875855666707,4.802122936388456,-0.011589489442981753
2020-09-30,EFERT,PK0099701010,Engro Fertilizers Limited,60.82,3.11,600884719,36545808609.58,600884719,36545808609.58,2680190.0,0.054804023586541906,13.0,0.015465573586742932,2830435.634920635,2.92,1,-0.18999999999999995,2021-03-31,,,,,,,11.7573,56.46,-0.6543425739507498,11.7573,56.46,-0.6543425739507498,,,,,,,,,,,,,11.8799,11.6033,57.89,56.27,0.0029236143260007452,-0.3768875855666707,11.8799,11.6033,57.89,56.27,0.0029236143260007452,-0.3768875855666707,4.802122936388456,-0.011589489442981753
2020-09-30,ENGRO,PK0012101017,Engro Corporation Limited.,301.03,8.12,316889777,95393329570.31,316889777,95393329570.31,1137645.0,0.127875608842263,2.0,0.012529012315705503,877486.6031746032,6.85,1,-1.2699999999999996,2021-03-31,,,,,,,11.7573,56.46,-0.6543425739507498,11.7573,56.46,-0.6543425739507498,,,,,,,,,,,,,11.8799,11.6033,57.89,56.27,0.0029236143260007452,-0.3768875855666707,11.8799,11.6033,57.89,56.27,0.0029236143260007452,-0.3768875855666707,4.802122936388456,-0.011589489442981753
2020-09-30,EPCL,PK0092201018,Engro Polymer & Chemicals Ltd.,40.37,1.05,318123167,12842632251.79,318123167,12842632251.79,2032000.0,0.646411092985318,26.0,0.023381526602705826,4182436.507936508,0.0,0,-1.05,2021-03-31,,,,,,,11.7573,56.46,-0.6543425739507498,11.7573,56.46,-0.6543425739507498,,,,,,,,,,,,,11.8799,11.6033,57.89,56.27,0.0029236143260007452,-0.3768875855666707,11.8799,11.6033,57.89,56.27,0.0029236143260007452,-0.3768875855666707,4.802122936388456,-0.011589489442981753
2020-09-30,FCCL,PK0074501013,Fauji Cement Company Limited,19.88,1.28,758898264,15086897488.32,758898264,15086897488.32,4243000.0,0.34233625928426736,24.0,0.019946240124626417,7977793.650793651,1.38,1,0.09999999999999987,2021-03-31,,,,,,,11.7573,56.46,-0.6543425739507498,11.7573,56.46,-0.6543425739507498,,,,,,,,,,,,,11.8799,11.6033,57.89,56.27,0.0029236143260007452,-0.3768875855666707,11.8799,11.6033,57.89,56.27,0.0029236143260007452,-0.3768875855666707,4.802122936388456,-0.011589489442981753
2020-09-30,FFC,PK0053401011,Fauji Fertilizer Company Limited,107.99,6.44,699731036,75563954577.64,699731036,75563954577.64,473182.0,0.1610579507579828,5.0,0.011741528001297541,1383408.126984127,5.7,1,-0.7400000000000002,2021-03-31,,,,,,,11.7573,56.46,-0.6543425739507498,11.7573,56.46,-0.6543425739507498,,,,,,,,,,,,,11.8799,11.6033,57.89,56.27,0.0029236143260007452,-0.3768875855666707,11.8799,11.6033,57.89,56.27,0.0029236143260007452,-0.3768875855666707,4.802122936388456,-0.011589489442981753
2020-09-30,HASCOL,PK0108001014,Hascol Petroleum Ltd.,20.18,1.03,599472408,12097353193.44,599472408,12097353193.44,86628500.0,,27.0,,,0.45,1,-0.5800000000000001,2021-03-31,,,,,,,11.7573,56.46,-0.6543425739507498,11.7573,56.46,-0.6543425739507498,,,,,,,,,,,,,11.8799,11.6033,57.89,56.27,0.0029236143260007452,-0.3768875855666707,11.8799,11.6033,57.89,56.27,0.0029236143260007452,-0.3768875855666707,4.802122936388456,-0.011589489442981753
2020-09-30,HBL,PK0085101019,Habib Bank Limited,130.74,8.17,733426254,95888148447.96,733426254,95888148447.96,818892.0,0.2664922987503633,1.0,0.017083404185244677,1528255.349206349,6.64,1,-1.5300000000000002,2021-03-31,,,,,,,11.7573,56.46,-0.6543425739507498,11.7573,56.46,-0.6543425739507498,,,,,,,,,,,,,11.8799,11.6033,57.89,56.27,0.0029236143260007452,-0.3768875855666707,11.8799,11.6033,57.89,56.27,0.0029236143260007452,-0.3768875855666707,4.802122936388456,-0.011589489442981753
2020-09-30,HUBC,PK0065001015,The Hub Power Company Limited,78.46,6.5,972865790,76331049883.4,972865790,76331049883.4,2355398.0,0.14926029002490115,4.0,0.020715201043089892,4130936.476190476,6.15,1,-0.34999999999999964,2021-03-31,,,,,,,11.7573,56.46,-0.6543425739507498,11.7573,56.46,-0.6543425739507498,,,,,,,,,,,,,11.8799,11.6033,57.89,56.27,0.0029236143260007452,-0.3768875855666707,11.8799,11.6033,57.89,56.27,0.0029236143260007452,-0.3768875855666707,4.802122936388456,-0.011589489442981753
2020-09-30,ISL,PK0102001010,International Steels Limited.,77.04,0.86,130500000,10053720000.0,130500000,10053720000.0,1030500.0,1.1287648521691076,29.0,0.024019648974351025,4121246.0317460317,1.02,1,0.16000000000000003,2021-03-31,,,,,,,11.7573,56.46,-0.6543425739507498,11.7573,56.46,-0.6543425739507498,,,,,,,,,,,,,11.8799,11.6033,57.89,56.27,0.0029236143260007452,-0.3768875855666707,11.8799,11.6033,57.89,56.27,0.0029236143260007452,-0.3768875855666707,4.802122936388456,-0.011589489442981753
2020-09-30,LOTCHEM,PK0077901012,Lotte Chemical Pakistan Ltd.,13.51,0.42,378551802,5114234845.02,378551802,5114234845.02,2458000.0,0.3743641912512716,32.0,0.0222443702451799,6530214.285714285,0.0,0,-0.42,2021-03-31,,,,,,,11.7573,56.46,-0.6543425739507498,11.7573,56.46,-0.6543425739507498,,,,,,,,,,,,,11.8799,11.6033,57.89,56.27,0.0029236143260007452,-0.3768875855666707,11.8799,11.6033,57.89,56.27,0.0029236143260007452,-0.3768875855666707,4.802122936388456,-0.011589489442981753
2020-09-30,LUCK,PK0071501016,Lucky Cement Limited.,647.07,7.13,129350000,83698504500.0,129350000,83698504500.0,584111.0,0.7455354734286488,3.0,0.01623132365649232,1330436.857142857,8.24,1,1.1100000000000003,2021-03-31,,,,,,,11.7573,56.46,-0.6543425739507498,11.7573,56.46,-0.6543425739507498,,,,,,,,,,,,,11.8799,11.6033,57.89,56.27,0.0029236143260007452,-0.3768875855666707,11.8799,11.6033,57.89,56.27,0.0029236143260007452,-0.3768875855666707,4.802122936388456,-0.011589489442981753
2020-09-30,MARI,PK0066301018,Mari Petroleum Company Ltd.,1369.52,3.11,26680500,36539478360.0,26680500,36539478360.0,24020.0,0.5368869936034115,13.0,0.013651616457926256,32940.31746031746,3.18,1,0.07000000000000028,2021-03-31,,,,,,,11.7573,56.46,-0.6543425739507498,11.7573,56.46,-0.6543425739507498,,,,,,,,,,,,,11.8799,11.6033,57.89,56.27,0.0029236143260007452,-0.3768875855666707,11.8799,11.6033,57.89,56.27,0.0029236143260007452,-0.3768875855666707,4.802122936388456,-0.011589489442981753
2020-09-30,MCB,PK0055601014,MCB Bank Limited,173.82,6.14,414771002,72095495567.64,414771002,72095495567.64,292158.0,0.16438906752411575,6.0,0.012499049473052951,498470.9682539682,5.56,1,-0.5800000000000001,2021-03-31,,,,,,,11.7573,56.46,-0.6543425739507498,11.7573,56.46,-0.6543425739507498,,,,,,,,,,,,,11.8799,11.6033,57.89,56.27,0.0029236143260007452,-0.3768875855666707,11.8799,11.6033,57.89,56.27,0.0029236143260007452,-0.3768875855666707,4.802122936388456,-0.011589489442981753
2020-09-30,MEBL,PK0077401013,Meezan Bank Limited,82.21,2.48,353680696,29076090018.16,353680696,29076090018.16,1738000.0,0.2630204332462742,14.0,0.02286881530894125,1088246.0317460317,3.12,1,0.6400000000000001,2021-03-31,,,,,,,11.7573,56.46,-0.6543425739507498,11.7573,56.46,-0.6543425739507498,,,,,,,,,,,,,11.8799,11.6033,57.89,56.27,0.0029236143260007452,-0.3768875855666707,11.8799,11.6033,57.89,56.27,0.0029236143260007452,-0.3768875855666707,4.802122936388456,-0.011589489442981753
2020-09-30,MLCF,PK0066201010,Maple Leaf Cement Factory Ltd.,35.89,1.51,494255804,17738840805.56,494255804,17738840805.56,11806000.0,0.7321428571428572,21.0,0.024843047741794976,17540333.333333332,1.72,1,0.20999999999999996,2021-03-31,,,,,,,11.7573,56.46,-0.6543425739507498,11.7573,56.46,-0.6543425739507498,,,,,,,,,,,,,11.8799,11.6033,57.89,56.27,0.0029236143260007452,-0.3768875855666707,11.8799,11.6033,57.89,56.27,0.0029236143260007452,-0.3768875855666707,4.802122936388456,-0.011589489442981753
2020-09-30,MTL,PK0009801017,Millat Tractors Limited,842.77,1.54,22423100,18897515987.0,22423100,18897515987.0,18500.0,0.5513198100357104,20.0,0.022187361084761235,24188.88888888889,0.0,0,-1.54,2021-03-31,,,,,,,11.7573,56.46,-0.6543425739507498,11.7573,56.46,-0.6543425739507498,,,,,,,,,,,,,11.8799,11.6033,57.89,56.27,0.0029236143260007452,-0.3768875855666707,11.8799,11.6033,57.89,56.27,0.0029236143260007452,-0.3768875855666707,4.802122936388456,-0.011589489442981753
2020-09-30,NBP,PK0078001010,National Bank Of Pakistan.,39.88,1.72,506995587,20218984009.56,506995587,20218984009.56,920500.0,0.4111818825194622,19.0,0.022341892373480176,4293936.507936508,1.37,1,-0.34999999999999987,2021-03-31,,,,,,,11.7573,56.46,-0.6543425739507498,11.7573,56.46,-0.6543425739507498,,,,,,,,,,,,,11.8799,11.6033,57.89,56.27,0.0029236143260007452,-0.3768875855666707,11.8799,11.6033,57.89,56.27,0.0029236143260007452,-0.3768875855666707,4.802122936388456,-0.011589489442981753
2020-09-30,NML,PK0005501017,Nishat Mills Ltd.,101.07,1.36,158219932,15991288527.24,158219932,15991288527.24,1048000.0,0.7209262727737102,23.0,0.017138912045783286,1460698.4126984128,1.14,1,-0.2200000000000002,2021-03-31,,,,,,,11.7573,56.46,-0.6543425739507498,11.7573,56.46,-0.6543425739507498,,,,,,,,,,,,,11.8799,11.6033,57.89,56.27,0.0029236143260007452,-0.3768875855666707,11.8799,11.6033,57.89,56.27,0.0029236143260007452,-0.3768875855666707,4.802122936388456,-0.011589489442981753
2020-09-30,OGDC,PK0080201012,Oil & Gas Development Company Limited,103.6,5.69,645139260,66836427336.0,645139260,66836427336.0,2529473.0,0.3456293025068191,7.0,0.01109509533238735,2114418.0,5.11,1,-0.5800000000000001,2021-03-31,,,,,,,11.7573,56.46,-0.6543425739507498,11.7573,56.46,-0.6543425739507498,,,,,,,,,,,,,11.8799,11.6033,57.89,56.27,0.0029236143260007452,-0.3768875855666707,11.8799,11.6033,57.89,56.27,0.0029236143260007452,-0.3768875855666707,4.802122936388456,-0.011589489442981753
2020-09-30,PAEL,PK0034601010,Pak Elektron Limited,33.06,0.7,248840743,8226674963.58,248840743,8226674963.58,6057000.0,0.780290791599354,30.0,0.02613196389277796,16586706.349206349,0.64,1,-0.05999999999999994,2021-03-31,,,,,,,11.7573,56.46,-0.6543425739507498,11.7573,56.46,-0.6543425739507498,,,,,,,,,,,,,11.8799,11.6033,57.89,56.27,0.0029236143260007452,-0.3768875855666707,11.8799,11.6033,57.89,56.27,0.0029236143260007452,-0.3768875855666707,4.802122936388456,-0.011589489442981753
2020-09-30,POL,PK0023901017,Pakistan Oilfields Limited,421.33,4.66,129759509,54671573926.97,129759509,54671573926.97,221932.0,0.6068418443232524,10.0,0.011378773779641181,332712.4285714286,3.84,1,-0.8200000000000003,2021-03-31,,,,,,,11.7573,56.46,-0.6543425739507498,11.7573,56.46,-0.6543425739507498,,,,,,,,,,,,,11.8799,11.6033,57.89,56.27,0.0029236143260007452,-0.3768875855666707,11.8799,11.6033,57.89,56.27,0.0029236143260007452,-0.3768875855666707,4.802122936388456,-0.011589489442981753
2020-09-30,PPL,PK0081801018,Pakistan Petroleum Limited.,92.06,5.22,666201713,61330529698.78,666201713,61330529698.78,2054208.0,0.2819941512324189,8.0,0.014107554569710369,5568377.603174604,4.53,1,-0.6899999999999995,2021-03-31,,,,,,,11.7573,56.46,-0.6543425739507498,11.7573,56.46,-0.6543425739507498,,,,,,,,,,,,,11.8799,11.6033,57.89,56.27,0.0029236143260007452,-0.3768875855666707,11.8799,11.6033,57.89,56.27,0.0029236143260007452,-0.3768875855666707,4.802122936388456,-0.011589489442981753
2020-09-30,PSO,PK0022501016,Pakistan State Oil Co Ltd.,200.2,3.6,211262985,42294849597.0,211262985,42294849597.0,3352538.0,0.6477366255144033,12.0,0.017118850985365183,2348849.698412698,3.8,1,0.19999999999999973,2021-03-31,,,,,,,11.7573,56.46,-0.6543425739507498,11.7573,56.46,-0.6543425739507498,,,,,,,,,,,,,11.8799,11.6033,57.89,56.27,0.0029236143260007452,-0.3768875855666707,11.8799,11.6033,57.89,56.27,0.0029236143260007452,-0.3768875855666707,4.802122936388456,-0.011589489442981753
2020-09-30,SEARL,PK0061701014,The Searle Company Ltd.,256.31,2.09,95591360,24501021481.6,95591360,24501021481.6,1616200.0,0.6341090213579854,16.0,0.019760223859469867,1810541.2698412698,2.08,1,-0.009999999999999787,2021-03-31,,,,,,,11.7573,56.46,-0.6543425739507498,11.7573,56.46,-0.6543425739507498,,,,,,,,,,,,,11.8799,11.6033,57.89,56.27,0.0029236143260007452,-0.3768875855666707,11.8799,11.6033,57.89,56.27,0.0029236143260007452,-0.3768875855666707,4.802122936388456,-0.011589489442981753
2020-09-30,SNGP,PK0008901016,Sui Northern Gas Pipelines Limited,61.81,1.5,285397499,17640419413.19,285397499,17640419413.19,1920500.0,0.6750677506775069,22.0,0.019976891355727392,5167484.126984127,0.88,1,-0.62,2021-03-31,,,,,,,11.7573,56.46,-0.6543425739507498,11.7573,56.46,-0.6543425739507498,,,,,,,,,,,,,11.8799,11.6033,57.89,56.27,0.0029236143260007452,-0.3768875855666707,11.8799,11.6033,57.89,56.27,0.0029236143260007452,-0.3768875855666707,4.802122936388456,-0.011589489442981753
2020-09-30,TRG,PK0079201015,TRG Pakistan Ltd.,52.16,2.06,463582065,24180440510.4,463582065,24180440510.4,13009000.0,2.749820273184759,17.0,0.040557199197444126,23539952.38095238,5.42,1,3.36,2021-03-31,,,,,,,11.7573,56.46,-0.6543425739507498,11.7573,56.46,-0.6543425739507498,,,,,,,,,,,,,11.8799,11.6033,57.89,56.27,0.0029236143260007452,-0.3768875855666707,11.8799,11.6033,57.89,56.27,0.0029236143260007452,-0.3768875855666707,4.802122936388456,-0.011589489442981753
2020-09-30,UBL,PK0081901016,United Bank Limited,115.11,4.8,489671875,56366129531.25,489671875,56366129531.25,4535306.0,0.1418510068445591,9.0,0.017679664307995807,1844025.396825397,4.54,1,-0.2599999999999998,2021-03-31,,,,,,,11.7573,56.46,-0.6543425739507498,11.7573,56.46,-0.6543425739507498,,,,,,,,,,,,,11.8799,11.6033,57.89,56.27,0.0029236143260007452,-0.3768875855666707,11.8799,11.6033,57.89,56.27,0.0029236143260007452,-0.3768875855666707,4.802122936388456,-0.011589489442981753
2020-09-30,UNITY,PK0068801015,Unity Foods Limited.,16.65,0.7,497025000,8275466250.0,497025000,8275466250.0,66237500.0,,30.0,,,1.27,1,0.5700000000000001,2021-03-31,,,,,,,11.7573,56.46,-0.6543425739507498,11.7573,56.46,-0.6543425739507498,,,,,,,,,,,,,11.8799,11.6033,57.89,56.27,0.0029236143260007452,-0.3768875855666707,11.8799,11.6033,57.89,56.27,0.0029236143260007452,-0.3768875855666707,4.802122936388456,-0.011589489442981753
2021-03-31,ATRL,PK0024501014,Attock Refinery Limited,255.38,0.85,42646500,10891063170.0,42646500,10891063170.0,13527500.0,0.49756641060223994,32.0,0.04527538308226323,4829946.031746032,0.63,1,-0.21999999999999997,2021-09-30,14.1281,460.04,-1.1130526465162802,11.2139,7.93,0.006147505925542696,11.8943,50.62,0.0620587963623791,37.2363,518.59,-1.0448463442283584,14.5485,14.7255,473.18,480.86,0.016261598735241023,0.016326904794254915,11.4318,11.3112,8.83,5.94,0.0003861865066525638,0.033627764689335926,12.3442,12.5175,52.96,53.57,0.0025740392715860594,0.0025676420543092604,38.3245,38.5542,534.97,540.37,0.019221824513479646,0.0525223115379001,13.927001340090182,-0.0020147830544907505
2021-03-31,BAFL,PK0078701015,Bank Alfalah Limited,31.18,1.78,710866048,22164803376.64,710866048,22164803376.64,766826.0,-0.1035077630822312,21.0,0.017386094500542605,2305597.285714286,0.0,0,-1.78,2021-09-30,14.1281,460.04,-1.1130526465162802,11.2139,7.93,0.006147505925542696,11.8943,50.62,0.0620587963623791,37.2363,518.59,-1.0448463442283584,14.5485,14.7255,473.18,480.86,0.016261598735241023,0.016326904794254915,11.4318,11.3112,8.83,5.94,0.0003861865066525638,0.033627764689335926,12.3442,12.5175,52.96,53.57,0.0025740392715860594,0.0025676420543092604,38.3245,38.5542,534.97,540.37,0.019221824513479646,0.0525223115379001,13.927001340090182,-0.0020147830544907505
2021-03-31,BAHL,PK0051601018,Bank Al-Habib Ltd.,65.04,3.66,722426520,46986620860.8,722426520,46986620860.8,1023007.0,0.007278922100046659,13.0,0.016244409137554722,1157350.8095238095,4.16,1,0.5,2021-09-30,14.1281,460.04,-1.1130526465162802,11.2139,7.93,0.006147505925542696,11.8943,50.62,0.0620587963623791,37.2363,518.59,-1.0448463442283584,14.5485,14.7255,473.18,480.86,0.016261598735241023,0.016326904794254915,11.4318,11.3112,8.83,5.94,0.0003861865066525638,0.033627764689335926,12.3442,12.5175,52.96,53.57,0.0025740392715860594,0.0025676420543092604,38.3245,38.5542,534.97,540.37,0.019221824513479646,0.0525223115379001,13.927001340090182,-0.0020147830544907505
2021-03-31,BOP,PK0045001010,Bank Of Punjab.,8.94,0.8,1116004028,9977076010.32,1116004028,9977076010.32,2792500.0,-0.09514170040485848,33.0,0.013054602817491842,6093150.793650794,0.0,0,-0.8,2021-09-30,14.1281,460.04,-1.1130526465162802,11.2139,7.93,0.006147505925542696,11.8943,50.62,0.0620587963623791,37.2363,518.59,-1.0448463442283584,14.5485,14.7255,473.18,480.86,0.016261598735241023,0.016326904794254915,11.4318,11.3112,8.83,5.94,0.0003861865066525638,0.033627764689335926,12.3442,12.5175,52.96,53.57,0.0025740392715860594,0.0025676420543092604,38.3245,38.5542,534.97,540.37,0.019221824513479646,0.0525223115379001,13.927001340090182,-0.0020147830544907505
2021-03-31,CHCC,PK0029801013,Cherat Cement Company Limited,160.6,1.34,106862271,17162080722.6,106862271,17162080722.6,144000.0,0.37547105173004436,26.0,0.026573178870422067,936523.8095238095,1.48,1,0.1399999999999999,2021-09-30,14.1281,460.04,-1.1130526465162802,11.2139,7.93,0.006147505925542696,11.8943,50.62,0.0620587963623791,37.2363,518.59,-1.0448463442283584,14.5485,14.7255,473.18,480.86,0.016261598735241023,0.016326904794254915,11.4318,11.3112,8.83,5.94,0.0003861865066525638,0.033627764689335926,12.3442,12.5175,52.96,53.57,0.0025740392715860594,0.0025676420543092604,38.3245,38.5542,534.97,540.37,0.019221824513479646,0.0525223115379001,13.927001340090182,-0.0020147830544907505
2021-03-31,DAWH,PK0017501013,Dawood Hercules Corporation Ltd.,111.01,2.91,336900981,37399377900.81,336900981,37399377900.81,9087.0,,18.0,,,2.72,1,-0.18999999999999995,2021-09-30,14.1281,460.04,-1.1130526465162802,11.2139,7.93,0.006147505925542696,11.8943,50.62,0.0620587963623791,37.2363,518.59,-1.0448463442283584,14.5485,14.7255,473.18,480.86,0.016261598735241023,0.016326904794254915,11.4318,11.3112,8.83,5.94,0.0003861865066525638,0.033627764689335926,12.3442,12.5175,52.96,53.57,0.0025740392715860594,0.0025676420543092604,38.3245,38.5542,534.97,540.37,0.019221824513479646,0.0525223115379001,13.927001340090182,-0.0020147830544907505
2021-03-31,DGKC,PK0052401012,D. G. Khan Cement Co. Ltd.,120.51,2.06,219059559,26398867455.09,219059559,26398867455.09,1654833.0,0.16875181844631948,20.0,0.024682432142880757,4876656.984126984,1.61,1,-0.44999999999999996,2021-09-30,14.1281,460.04,-1.1130526465162802,11.2139,7.93,0.006147505925542696,11.8943,50.62,0.0620587963623791,37.2363,518.59,-1.0448463442283584,14.5485,14.7255,473.18,480.86,0.016261598735241023,0.016326904794254915,11.4318,11.3112,8.83,5.94,0.0003861865066525638,0.033627764689335926,12.3442,12.5175,52.96,53.57,0.0025740392715860594,0.0025676420543092604,38.3245,38.5542,534.97,540.37,0.019221824513479646,0.0525223115379001,13.927001340090182,-0.0020147830544907505
2021-03-31,EFERT,PK0099701010,Engro Fertilizers Limited,62.4,2.92,600884719,37495206465.6,600884719,37495206465.6,1569429.0,0.025978296612956253,17.0,0.01208780514236225,1966515.4126984128,3.51,1,0.5899999999999999,2021-09-30,14.1281,460.04,-1.1130526465162802,11.2139,7.93,0.006147505925542696,11.8943,50.62,0.0620587963623791,37.2363,518.59,-1.0448463442283584,14.5485,14.7255,473.18,480.86,0.016261598735241023,0.016326904794254915,11.4318,11.3112,8.83,5.94,0.0003861865066525638,0.033627764689335926,12.3442,12.5175,52.96,53.57,0.0025740392715860594,0.0025676420543092604,38.3245,38.5542,534.97,540.37,0.019221824513479646,0.0525223115379001,13.927001340090182,-0.0020147830544907505
2021-03-31,ENGRO,PK0012101017,Engro Corporation Limited.,277.32,6.85,316889777,87879872957.64,316889777,87879872957.64,585049.0,-0.07876291399528279,2.0,0.010037727906410393,477598.31746031746,7.38,1,0.5300000000000002,2021-09-30,14.1281,460.04,-1.1130526465162802,11.2139,7.93,0.006147505925542696,11.8943,50.62,0.0620587963623791,37.2363,518.59,-1.0448463442283584,14.5485,14.7255,473.18,480.86,0.016261598735241023,0.016326904794254915,11.4318,11.3112,8.83,5.94,0.0003861865066525638,0.033627764689335926,12.3442,12.5175,52.96,53.57,0.0025740392715860594,0.0025676420543092604,38.3245,38.5542,534.97,540.37,0.019221824513479646,0.0525223115379001,13.927001340090182,-0.0020147830544907505
2021-03-31,FCCL,PK0074501013,Fauji Cement Company Limited,22.66,1.38,758898264,17196634662.24,758898264,17196634662.24,2714000.0,0.13983903420523136,24.0,0.02161782240982386,6326746.031746032,0.0,0,-1.38,2021-09-30,14.1281,460.04,-1.1130526465162802,11.2139,7.93,0.006147505925542696,11.8943,50.62,0.0620587963623791,37.2363,518.59,-1.0448463442283584,14.5485,14.7255,473.18,480.86,0.016261598735241023,0.016326904794254915,11.4318,11.3112,8.83,5.94,0.0003861865066525638,0.033627764689335926,12.3442,12.5175,52.96,53.57,0.0025740392715860594,0.0025676420543092604,38.3245,38.5542,534.97,540.37,0.019221824513479646,0.0525223115379001,13.927001340090182,-0.0020147830544907505
2021-03-31,FFC,PK0053401011,Fauji Fertilizer Company Limited,104.49,5.7,699731036,73114895951.64,699731036,73114895951.64,584612.0,-0.032410408371145505,5.0,0.009242373336384356,764192.3968253968,5.94,1,0.2400000000000002,2021-09-30,14.1281,460.04,-1.1130526465162802,11.2139,7.93,0.006147505925542696,11.8943,50.62,0.0620587963623791,37.2363,518.59,-1.0448463442283584,14.5485,14.7255,473.18,480.86,0.016261598735241023,0.016326904794254915,11.4318,11.3112,8.83,5.94,0.0003861865066525638,0.033627764689335926,12.3442,12.5175,52.96,53.57,0.0025740392715860594,0.0025676420543092604,38.3245,38.5542,534.97,540.37,0.019221824513479646,0.0525223115379001,13.927001340090182,-0.0020147830544907505
2021-03-31,GHNI,PK0007101014,Ghandhara Industries Limited,252.27,0.25,12782653,3224679872.31,12782653,3224679872.31,1685900.0,,36.0,,,0.24,1,-0.010000000000000009,2021-09-30,14.1281,460.04,-1.1130526465162802,11.2139,7.93,0.006147505925542696,11.8943,50.62,0.0620587963623791,37.2363,518.59,-1.0448463442283584,14.5485,14.7255,473.18,480.86,0.016261598735241023,0.016326904794254915,11.4318,11.3112,8.83,5.94,0.0003861865066525638,0.033627764689335926,12.3442,12.5175,52.96,53.57,0.0025740392715860594,0.0025676420543092604,38.3245,38.5542,534.97,540.37,0.019221824513479646,0.0525223115379001,13.927001340090182,-0.0020147830544907505
2021-03-31,HASCOL,PK0108001014,Hascol Petroleum Ltd.,9.29,0.45,599472408,5569098670.32,599472408,5569098670.32,8452895.0,-0.5396432111000992,35.0,0.0281313655292686,15422983.587301588,0.0,0,-0.45,2021-09-30,14.1281,460.04,-1.1130526465162802,11.2139,7.93,0.006147505925542696,11.8943,50.62,0.0620587963623791,37.2363,518.59,-1.0448463442283584,14.5485,14.7255,473.18,480.86,0.016261598735241023,0.016326904794254915,11.4318,11.3112,8.83,5.94,0.0003861865066525638,0.033627764689335926,12.3442,12.5175,52.96,53.57,0.0025740392715860594,0.0025676420543092604,38.3245,38.5542,534.97,540.37,0.019221824513479646,0.0525223115379001,13.927001340090182,-0.0020147830544907505
2021-03-31,HBL,PK0085101019,Habib Bank Limited,116.18,6.64,733426254,85209462189.72,733426254,85209462189.72,1835403.0,-0.11136607006271992,3.0,0.01679483497220287,2420567.1587301586,6.67,1,0.03000000000000025,2021-09-30,14.1281,460.04,-1.1130526465162802,11.2139,7.93,0.006147505925542696,11.8943,50.62,0.0620587963623791,37.2363,518.59,-1.0448463442283584,14.5485,14.7255,473.18,480.86,0.016261598735241023,0.016326904794254915,11.4318,11.3112,8.83,5.94,0.0003861865066525638,0.033627764689335926,12.3442,12.5175,52.96,53.57,0.0025740392715860594,0.0025676420543092604,38.3245,38.5542,534.97,540.37,0.019221824513479646,0.0525223115379001,13.927001340090182,-0.0020147830544907505
2021-03-31,HUBC,PK0065001015,The Hub Power Company Limited,81.14,6.15,972865790,78938330200.6,972865790,78938330200.6,1647506.0,0.034157532500637355,4.0,0.019032654090951753,4346295.174603174,5.95,1,-0.20000000000000018,2021-09-30,14.1281,460.04,-1.1130526465162802,11.2139,7.93,0.006147505925542696,11.8943,50.62,0.0620587963623791,37.2363,518.59,-1.0448463442283584,14.5485,14.7255,473.18,480.86,0.016261598735241023,0.016326904794254915,11.4318,11.3112,8.83,5.94,0.0003861865066525638,0.033627764689335926,12.3442,12.5175,52.96,53.57,0.0025740392715860594,0.0025676420543092604,38.3245,38.5542,534.97,540.37,0.019221824513479646,0.0525223115379001,13.927001340090182,-0.0020147830544907505
2021-03-31,ISL,PK0102001010,International Steels Limited.,85.58,1.02,152250000,13029555000.0,152250000,13029555000.0,1752043.0,0.11085150571131863,30.0,0.023530471737244547,2889364.206349206,0.97,1,-0.050000000000000044,2021-09-30,14.1281,460.04,-1.1130526465162802,11.2139,7.93,0.006147505925542696,11.8943,50.62,0.0620587963623791,37.2363,518.59,-1.0448463442283584,14.5485,14.7255,473.18,480.86,0.016261598735241023,0.016326904794254915,11.4318,11.3112,8.83,5.94,0.0003861865066525638,0.033627764689335926,12.3442,12.5175,52.96,53.57,0.0025740392715860594,0.0025676420543092604,38.3245,38.5542,534.97,540.37,0.019221824513479646,0.0525223115379001,13.927001340090182,-0.0020147830544907505
2021-03-31,KAPCO,PK0083101011,Kot Addu Power Company.,39.74,1.41,455779838,18112690762.12,455779838,18112690762.12,4771000.0,0.9291262135922329,23.0,0.12979314800194228,2562436.507936508,1.33,1,-0.07999999999999985,2021-09-30,14.1281,460.04,-1.1130526465162802,11.2139,7.93,0.006147505925542696,11.8943,50.62,0.0620587963623791,37.2363,518.59,-1.0448463442283584,14.5485,14.7255,473.18,480.86,0.016261598735241023,0.016326904794254915,11.4318,11.3112,8.83,5.94,0.0003861865066525638,0.033627764689335926,12.3442,12.5175,52.96,53.57,0.0025740392715860594,0.0025676420543092604,38.3245,38.5542,534.97,540.37,0.019221824513479646,0.0525223115379001,13.927001340090182,-0.0020147830544907505
2021-03-31,LUCK,PK0071501016,Lucky Cement Limited.,817.59,8.24,129350000,105755266500.0,129350000,105755266500.0,407884.0,0.2635263572720108,1.0,0.015439299735016334,749973.3968253968,6.81,1,-1.4300000000000006,2021-09-30,14.1281,460.04,-1.1130526465162802,11.2139,7.93,0.006147505925542696,11.8943,50.62,0.0620587963623791,37.2363,518.59,-1.0448463442283584,14.5485,14.7255,473.18,480.86,0.016261598735241023,0.016326904794254915,11.4318,11.3112,8.83,5.94,0.0003861865066525638,0.033627764689335926,12.3442,12.5175,52.96,53.57,0.0025740392715860594,0.0025676420543092604,38.3245,38.5542,534.97,540.37,0.019221824513479646,0.0525223115379001,13.927001340090182,-0.0020147830544907505
2021-03-31,MARI,PK0066301018,Mari Petroleum Company Ltd.,1531.3,3.18,26680500,40855849650.0,26680500,40855849650.0,48700.0,0.11812897949646595,14.0,0.020211445627029753,62230.47619047619,3.45,1,0.27,2021-09-30,14.1281,460.04,-1.1130526465162802,11.2139,7.93,0.006147505925542696,11.8943,50.62,0.0620587963623791,37.2363,518.59,-1.0448463442283584,14.5485,14.7255,473.18,480.86,0.016261598735241023,0.016326904794254915,11.4318,11.3112,8.83,5.94,0.0003861865066525638,0.033627764689335926,12.3442,12.5175,52.96,53.57,0.0025740392715860594,0.0025676420543092604,38.3245,38.5542,534.97,540.37,0.019221824513479646,0.0525223115379001,13.927001340090182,-0.0020147830544907505
2021-03-31,MCB,PK0055601014,MCB Bank Limited,172.15,5.56,414771002,71402827994.3,414771002,71402827994.3,800724.0,-0.009607640087446745,6.0,0.014541532969444432,594823.1428571428,5.2,1,-0.35999999999999943,2021-09-30,14.1281,460.04,-1.1130526465162802,11.2139,7.93,0.006147505925542696,11.8943,50.62,0.0620587963623791,37.2363,518.59,-1.0448463442283584,14.5485,14.7255,473.18,480.86,0.016261598735241023,0.016326904794254915,11.4318,11.3112,8.83,5.94,0.0003861865066525638,0.033627764689335926,12.3442,12.5175,52.96,53.57,0.0025740392715860594,0.0025676420543092604,38.3245,38.5542,534.97,540.37,0.019221824513479646,0.0525223115379001,13.927001340090182,-0.0020147830544907505
2021-03-31,MEBL,PK0077401013,Meezan Bank Limited,113.18,3.12,353680696,40029581173.28,353680696,40029581173.28,179711.0,0.3767181608076877,15.0,0.015971125173427265,1152123.3015873015,4.73,1,1.6100000000000003,2021-09-30,14.1281,460.04,-1.1130526465162802,11.2139,7.93,0.006147505925542696,11.8943,50.62,0.0620587963623791,37.2363,518.59,-1.0448463442283584,14.5485,14.7255,473.18,480.86,0.016261598735241023,0.016326904794254915,11.4318,11.3112,8.83,5.94,0.0003861865066525638,0.033627764689335926,12.3442,12.5175,52.96,53.57,0.0025740392715860594,0.0025676420543092604,38.3245,38.5542,534.97,540.37,0.019221824513479646,0.0525223115379001,13.927001340090182,-0.0020147830544907505
2021-03-31,MLCF,PK0066201010,Maple Leaf Cement Factory Ltd.,44.8,1.72,494255804,22142660019.2,494255804,22142660019.2,3571215.0,0.2482585678461966,22.0,0.02019484091441966,11666278.142857144,1.45,1,-0.27,2021-09-30,14.1281,460.04,-1.1130526465162802,11.2139,7.93,0.006147505925542696,11.8943,50.62,0.0620587963623791,37.2363,518.59,-1.0448463442283584,14.5485,14.7255,473.18,480.86,0.016261598735241023,0.016326904794254915,11.4318,11.3112,8.83,5.94,0.0003861865066525638,0.033627764689335926,12.3442,12.5175,52.96,53.57,0.0025740392715860594,0.0025676420543092604,38.3245,38.5542,534.97,540.37,0.019221824513479646,0.0525223115379001,13.927001340090182,-0.0020147830544907505
2021-03-31,NBP,PK0078001010,National Bank Of Pakistan.,33.66,1.37,507136471,17070213613.86,507136471,17070213613.86,275000.0,-0.15596790371113356,25.0,0.013559065578832071,2143111.111111111,0.0,0,-1.37,2021-09-30,14.1281,460.04,-1.1130526465162802,11.2139,7.93,0.006147505925542696,11.8943,50.62,0.0620587963623791,37.2363,518.59,-1.0448463442283584,14.5485,14.7255,473.18,480.86,0.016261598735241023,0.016326904794254915,11.4318,11.3112,8.83,5.94,0.0003861865066525638,0.033627764689335926,12.3442,12.5175,52.96,53.57,0.0025740392715860594,0.0025676420543092604,38.3245,38.5542,534.97,540.37,0.019221824513479646,0.0525223115379001,13.927001340090182,-0.0020147830544907505
2021-03-31,NML,PK0005501017,Nishat Mills Ltd.,92.52,1.14,158219932,14638508108.64,158219932,14638508108.64,1283000.0,-0.08459483526268918,28.0,0.021809266746187782,2316412.698412698,1.16,1,0.020000000000000018,2021-09-30,14.1281,460.04,-1.1130526465162802,11.2139,7.93,0.006147505925542696,11.8943,50.62,0.0620587963623791,37.2363,518.59,-1.0448463442283584,14.5485,14.7255,473.18,480.86,0.016261598735241023,0.016326904794254915,11.4318,11.3112,8.83,5.94,0.0003861865066525638,0.033627764689335926,12.3442,12.5175,52.96,53.57,0.0025740392715860594,0.0025676420543092604,38.3245,38.5542,534.97,540.37,0.019221824513479646,0.0525223115379001,13.927001340090182,-0.0020147830544907505
2021-03-31,OGDC,PK0080201012,Oil & Gas Development Company Limited,101.61,5.11,645139260,65552600208.6,645139260,65552600208.6,1285499.0,-0.01920849420849413,8.0,0.020589686345181067,2805478.4603174604,4.5,1,-0.6100000000000003,2021-09-30,14.1281,460.04,-1.1130526465162802,11.2139,7.93,0.006147505925542696,11.8943,50.62,0.0620587963623791,37.2363,518.59,-1.0448463442283584,14.5485,14.7255,473.18,480.86,0.016261598735241023,0.016326904794254915,11.4318,11.3112,8.83,5.94,0.0003861865066525638,0.033627764689335926,12.3442,12.5175,52.96,53.57,0.0025740392715860594,0.0025676420543092604,38.3245,38.5542,534.97,540.37,0.019221824513479646,0.0525223115379001,13.927001340090182,-0.0020147830544907505
2021-03-31,PAEL,PK0034601010,Pak Elektron Limited,33.04,0.64,248840743,8221698148.72,248840743,8221698148.72,5690000.0,-0.000604960677555999,34.0,0.026694848410840622,6928325.396825396,0.61,1,-0.030000000000000027,2021-09-30,14.1281,460.04,-1.1130526465162802,11.2139,7.93,0.006147505925542696,11.8943,50.62,0.0620587963623791,37.2363,518.59,-1.0448463442283584,14.5485,14.7255,473.18,480.86,0.016261598735241023,0.016326904794254915,11.4318,11.3112,8.83,5.94,0.0003861865066525638,0.033627764689335926,12.3442,12.5175,52.96,53.57,0.0025740392715860594,0.0025676420543092604,38.3245,38.5542,534.97,540.37,0.019221824513479646,0.0525223115379001,13.927001340090182,-0.0020147830544907505
2021-03-31,PIOC,PK0056201012,Pioneer Cement Limited,121.8,1.08,113574397,13833361554.6,113574397,13833361554.6,1439000.0,,29.0,,,0.83,1,-0.2500000000000001,2021-09-30,14.1281,460.04,-1.1130526465162802,11.2139,7.93,0.006147505925542696,11.8943,50.62,0.0620587963623791,37.2363,518.59,-1.0448463442283584,14.5485,14.7255,473.18,480.86,0.016261598735241023,0.016326904794254915,11.4318,11.3112,8.83,5.94,0.0003861865066525638,0.033627764689335926,12.3442,12.5175,52.96,53.57,0.0025740392715860594,0.0025676420543092604,38.3245,38.5542,534.97,540.37,0.019221824513479646,0.0525223115379001,13.927001340090182,-0.0020147830544907505
2021-03-31,POL,PK0023901017,Pakistan Oilfields Limited,379.89,3.84,129795344,49307953232.16,129795344,49307953232.16,192686.0,-0.09835520850639645,11.0,0.014303399317312709,227492.52380952382,4.05,1,0.20999999999999996,2021-09-30,14.1281,460.04,-1.1130526465162802,11.2139,7.93,0.006147505925542696,11.8943,50.62,0.0620587963623791,37.2363,518.59,-1.0448463442283584,14.5485,14.7255,473.18,480.86,0.016261598735241023,0.016326904794254915,11.4318,11.3112,8.83,5.94,0.0003861865066525638,0.033627764689335926,12.3442,12.5175,52.96,53.57,0.0025740392715860594,0.0025676420543092604,38.3245,38.5542,534.97,540.37,0.019221824513479646,0.0525223115379001,13.927001340090182,-0.0020147830544907505
2021-03-31,PPL,PK0081801018,Pakistan Petroleum Limited.,87.33,4.53,666276214,58185901768.62,666276214,58185901768.62,1350199.0,-0.05137953508581361,10.0,0.019873179160626645,2349387.523809524,4.15,1,-0.3799999999999999,2021-09-30,14.1281,460.04,-1.1130526465162802,11.2139,7.93,0.006147505925542696,11.8943,50.62,0.0620587963623791,37.2363,518.59,-1.0448463442283584,14.5485,14.7255,473.18,480.86,0.016261598735241023,0.016326904794254915,11.4318,11.3112,8.83,5.94,0.0003861865066525638,0.033627764689335926,12.3442,12.5175,52.96,53.57,0.0025740392715860594,0.0025676420543092604,38.3245,38.5542,534.97,540.37,0.019221824513479646,0.0525223115379001,13.927001340090182,-0.0020147830544907505
2021-03-31,PSO,PK0022501016,Pakistan State Oil Co Ltd.,230.63,3.8,211262985,48723582230.55,211262985,48723582230.55,1945617.0,0.15199800199800206,12.0,0.024007259004898602,1665949.4761904762,3.53,1,-0.27,2021-09-30,14.1281,460.04,-1.1130526465162802,11.2139,7.93,0.006147505925542696,11.8943,50.62,0.0620587963623791,37.2363,518.59,-1.0448463442283584,14.5485,14.7255,473.18,480.86,0.016261598735241023,0.016326904794254915,11.4318,11.3112,8.83,5.94,0.0003861865066525638,0.033627764689335926,12.3442,12.5175,52.96,53.57,0.0025740392715860594,0.0025676420543092604,38.3245,38.5542,534.97,540.37,0.019221824513479646,0.0525223115379001,13.927001340090182,-0.0020147830544907505
2021-03-31,SEARL,PK0061701014,The Searle Company Ltd.,247.03,2.08,108018237,26683745086.11,108018237,26683745086.11,484117.0,-0.036206156607233475,19.0,0.021574058693089766,791095.0952380953,1.81,1,-0.27,2021-09-30,14.1281,460.04,-1.1130526465162802,11.2139,7.93,0.006147505925542696,11.8943,50.62,0.0620587963623791,37.2363,518.59,-1.0448463442283584,14.5485,14.7255,473.18,480.86,0.016261598735241023,0.016326904794254915,11.4318,11.3112,8.83,5.94,0.0003861865066525638,0.033627764689335926,12.3442,12.5175,52.96,53.57,0.0025740392715860594,0.0025676420543092604,38.3245,38.5542,534.97,540.37,0.019221824513479646,0.0525223115379001,13.927001340090182,-0.0020147830544907505
2021-03-31,SNGP,PK0008901016,Sui Northern Gas Pipelines Limited,38.17,0.88,285397499,10893622536.83,285397499,10893622536.83,2808483.0,-0.38246238472739036,31.0,0.0273980672800453,3582599.5714285714,0.0,0,-0.88,2021-09-30,14.1281,460.04,-1.1130526465162802,11.2139,7.93,0.006147505925542696,11.8943,50.62,0.0620587963623791,37.2363,518.59,-1.0448463442283584,14.5485,14.7255,473.18,480.86,0.016261598735241023,0.016326904794254915,11.4318,11.3112,8.83,5.94,0.0003861865066525638,0.033627764689335926,12.3442,12.5175,52.96,53.57,0.0025740392715860594,0.0025676420543092604,38.3245,38.5542,534.97,540.37,0.019221824513479646,0.0525223115379001,13.927001340090182,-0.0020147830544907505
2021-03-31,SYS,PK0109001013,Systems Limited,470.53,2.99,81467035,38332683978.55,81467035,38332683978.55,170900.0,,16.0,,,4.93,1,1.9399999999999995,2021-09-30,14.1281,460.04,-1.1130526465162802,11.2139,7.93,0.006147505925542696,11.8943,50.62,0.0620587963623791,37.2363,518.59,-1.0448463442283584,14.5485,14.7255,473.18,480.86,0.016261598735241023,0.016326904794254915,11.4318,11.3112,8.83,5.94,0.0003861865066525638,0.033627764689335926,12.3442,12.5175,52.96,53.57,0.0025740392715860594,0.0025676420543092604,38.3245,38.5542,534.97,540.37,0.019221824513479646,0.0525223115379001,13.927001340090182,-0.0020147830544907505
2021-03-31,TRG,PK0079201015,TRG Pakistan Ltd.,150.21,5.42,463582065,69634661983.65,463582065,69634661983.65,39167050.0,1.8797929447852764,7.0,0.044079638425066604,28266033.888888888,6.24,1,0.8200000000000003,2021-09-30,14.1281,460.04,-1.1130526465162802,11.2139,7.93,0.006147505925542696,11.8943,50.62,0.0620587963623791,37.2363,518.59,-1.0448463442283584,14.5485,14.7255,473.18,480.86,0.016261598735241023,0.016326904794254915,11.4318,11.3112,8.83,5.94,0.0003861865066525638,0.033627764689335926,12.3442,12.5175,52.96,53.57,0.0025740392715860594,0.0025676420543092604,38.3245,38.5542,534.97,540.37,0.019221824513479646,0.0525223115379001,13.927001340090182,-0.0020147830544907505
2021-03-31,UBL,PK0081901016,United Bank Limited,118.94,4.54,489671875,58241572812.5,489671875,58241572812.5,1471450.0,0.03327252193553987,9.0,0.02061698261248912,2525915.8095238097,4.83,1,0.29000000000000004,2021-09-30,14.1281,460.04,-1.1130526465162802,11.2139,7.93,0.006147505925542696,11.8943,50.62,0.0620587963623791,37.2363,518.59,-1.0448463442283584,14.5485,14.7255,473.18,480.86,0.016261598735241023,0.016326904794254915,11.4318,11.3112,8.83,5.94,0.0003861865066525638,0.033627764689335926,12.3442,12.5175,52.96,53.57,0.0025740392715860594,0.0025676420543092604,38.3245,38.5542,534.97,540.37,0.019221824513479646,0.0525223115379001,13.927001340090182,-0.0020147830544907505
2021-03-31,UNITY,PK0068801015,Unity Foods Limited.,29.74,1.27,546727500,16259675850.0,546727500,16259675850.0,24797985.0,0.7861861861861863,27.0,0.03393651083998774,20383854.396825396,1.16,1,-0.1100000000000001,2021-09-30,14.1281,460.04,-1.1130526465162802,11.2139,7.93,0.006147505925542696,11.8943,50.62,0.0620587963623791,37.2363,518.59,-1.0448463442283584,14.5485,14.7255,473.18,480.86,0.016261598735241023,0.016326904794254915,11.4318,11.3112,8.83,5.94,0.0003861865066525638,0.033627764689335926,12.3442,12.5175,52.96,53.57,0.0025740392715860594,0.0025676420543092604,38.3245,38.5542,534.97,540.37,0.019221824513479646,0.0525223115379001,13.927001340090182,-0.0020147830544907505
2021-09-30,ATRL,PK0024501014,Attock Refinery Limited,178.78,0.63,42646500,7624341270.0,42646500,7624341270.0,1055473.0,-0.29994517973216384,31.0,0.026624951811159463,1061973.9365079366,0.46,1,-0.16999999999999998,2022-03-31,13.6729,457.9,-5.312088546252255,10.3444,6.78,0.12563298765619457,10.9525,46.94,0.8310348971739643,34.9698,511.61999999999995,-4.355420661422096,14.44,14.2038,483.77,474.66,-0.5668485277090554,0.016708320719828862,10.9811,10.8762,12.6,8.11,-0.05670743420631119,0.059144129754200137,11.6068,11.4658,49.17,48.5,-0.1704649554324078,0.3610692705898657,37.0279,36.5458,545.54,531.27,-0.7940209173477744,0.4369217210638947,14.630338177513167,-0.00851299922094933
2021-09-30,AVN,PK0107501014,Avanceon Limited.,123.36,0.74,72345798,8924577641.28,72345798,8924577641.28,1671500.0,,29.0,,,0.8,1,0.06000000000000005,2022-03-31,13.6729,457.9,-5.312088546252255,10.3444,6.78,0.12563298765619457,10.9525,46.94,0.8310348971739643,34.9698,511.61999999999995,-4.355420661422096,14.44,14.2038,483.77,474.66,-0.5668485277090554,0.016708320719828862,10.9811,10.8762,12.6,8.11,-0.05670743420631119,0.059144129754200137,11.6068,11.4658,49.17,48.5,-0.1704649554324078,0.3610692705898657,37.0279,36.5458,545.54,531.27,-0.7940209173477744,0.4369217210638947,14.630338177513167,-0.00851299922094933
2021-09-30,BAHL,PK0051601018,Bank Al-Habib Ltd.,69.15,4.16,722426520,49955793858.0,722426520,49955793858.0,708407.0,0.06319188191881908,12.0,0.007352462986484903,295492.74603174604,4.16,1,0.0,2022-03-31,13.6729,457.9,-5.312088546252255,10.3444,6.78,0.12563298765619457,10.9525,46.94,0.8310348971739643,34.9698,511.61999999999995,-4.355420661422096,14.44,14.2038,483.77,474.66,-0.5668485277090554,0.016708320719828862,10.9811,10.8762,12.6,8.11,-0.05670743420631119,0.059144129754200137,11.6068,11.4658,49.17,48.5,-0.1704649554324078,0.3610692705898657,37.0279,36.5458,545.54,531.27,-0.7940209173477744,0.4369217210638947,14.630338177513167,-0.00851299922094933
2021-09-30,CHCC,PK0029801013,Cherat Cement Company Limited,163.35,1.48,116577023,19042856707.05,116577023,19042856707.05,122800.0,0.017123287671232834,21.0,0.019128451092544397,378904.7619047619,0.0,0,-1.48,2022-03-31,13.6729,457.9,-5.312088546252255,10.3444,6.78,0.12563298765619457,10.9525,46.94,0.8310348971739643,34.9698,511.61999999999995,-4.355420661422096,14.44,14.2038,483.77,474.66,-0.5668485277090554,0.016708320719828862,10.9811,10.8762,12.6,8.11,-0.05670743420631119,0.059144129754200137,11.6068,11.4658,49.17,48.5,-0.1704649554324078,0.3610692705898657,37.0279,36.5458,545.54,531.27,-0.7940209173477744,0.4369217210638947,14.630338177513167,-0.00851299922094933
2021-09-30,DAWH,PK0017501013,Dawood Hercules Corporation Ltd.,104.18,2.72,336900981,35098344200.58,336900981,35098344200.58,25923.0,-0.06152598864967118,18.0,0.010423780579640414,51155.80952380953,0.0,0,-2.72,2022-03-31,13.6729,457.9,-5.312088546252255,10.3444,6.78,0.12563298765619457,10.9525,46.94,0.8310348971739643,34.9698,511.61999999999995,-4.355420661422096,14.44,14.2038,483.77,474.66,-0.5668485277090554,0.016708320719828862,10.9811,10.8762,12.6,8.11,-0.05670743420631119,0.059144129754200137,11.6068,11.4658,49.17,48.5,-0.1704649554324078,0.3610692705898657,37.0279,36.5458,545.54,531.27,-0.7940209173477744,0.4369217210638947,14.630338177513167,-0.00851299922094933
2021-09-30,DGKC,PK0052401012,D. G. Khan Cement Co. Ltd.,88.42,1.61,219059559,19369246206.78,219059559,19369246206.78,4605588.0,-0.26628495560534393,20.0,0.019939200704900267,1834980.5555555555,1.41,1,-0.20000000000000018,2022-03-31,13.6729,457.9,-5.312088546252255,10.3444,6.78,0.12563298765619457,10.9525,46.94,0.8310348971739643,34.9698,511.61999999999995,-4.355420661422096,14.44,14.2038,483.77,474.66,-0.5668485277090554,0.016708320719828862,10.9811,10.8762,12.6,8.11,-0.05670743420631119,0.059144129754200137,11.6068,11.4658,49.17,48.5,-0.1704649554324078,0.3610692705898657,37.0279,36.5458,545.54,531.27,-0.7940209173477744,0.4369217210638947,14.630338177513167,-0.00851299922094933
2021-09-30,EFERT,PK0099701010,Engro Fertilizers Limited,70.28,3.51,600884719,42230178051.32,600884719,42230178051.32,1867783.0,0.12628205128205128,16.0,0.009342301120601191,1147978.380952381,4.67,1,1.1600000000000001,2022-03-31,13.6729,457.9,-5.312088546252255,10.3444,6.78,0.12563298765619457,10.9525,46.94,0.8310348971739643,34.9698,511.61999999999995,-4.355420661422096,14.44,14.2038,483.77,474.66,-0.5668485277090554,0.016708320719828862,10.9811,10.8762,12.6,8.11,-0.05670743420631119,0.059144129754200137,11.6068,11.4658,49.17,48.5,-0.1704649554324078,0.3610692705898657,37.0279,36.5458,545.54,531.27,-0.7940209173477744,0.4369217210638947,14.630338177513167,-0.00851299922094933
2021-09-30,ENGRO,PK0012101017,Engro Corporation Limited.,279.75,7.38,316889777,88649915115.75,316889777,88649915115.75,551114.0,0.0087624405019473,1.0,0.008248953494183654,271831.6984126984,7.18,1,-0.20000000000000018,2022-03-31,13.6729,457.9,-5.312088546252255,10.3444,6.78,0.12563298765619457,10.9525,46.94,0.8310348971739643,34.9698,511.61999999999995,-4.355420661422096,14.44,14.2038,483.77,474.66,-0.5668485277090554,0.016708320719828862,10.9811,10.8762,12.6,8.11,-0.05670743420631119,0.059144129754200137,11.6068,11.4658,49.17,48.5,-0.1704649554324078,0.3610692705898657,37.0279,36.5458,545.54,531.27,-0.7940209173477744,0.4369217210638947,14.630338177513167,-0.00851299922094933
2021-09-30,EPCL,PK0092201018,Engro Polymer & Chemicals Ltd.,55.07,1.46,318123167,17519042806.69,318123167,17519042806.69,2590500.0,0.364131781025514,22.0,0.04945115877745191,4396896.825396826,1.79,1,0.33000000000000007,2022-03-31,13.6729,457.9,-5.312088546252255,10.3444,6.78,0.12563298765619457,10.9525,46.94,0.8310348971739643,34.9698,511.61999999999995,-4.355420661422096,14.44,14.2038,483.77,474.66,-0.5668485277090554,0.016708320719828862,10.9811,10.8762,12.6,8.11,-0.05670743420631119,0.059144129754200137,11.6068,11.4658,49.17,48.5,-0.1704649554324078,0.3610692705898657,37.0279,36.5458,545.54,531.27,-0.7940209173477744,0.4369217210638947,14.630338177513167,-0.00851299922094933
2021-09-30,FFC,PK0053401011,Fauji Fertilizer Company Limited,102.06,5.94,699731036,71414549534.16,699731036,71414549534.16,1461163.0,-0.023255813953488302,6.0,0.007797567275718767,408965.5714285714,6.74,1,0.7999999999999998,2022-03-31,13.6729,457.9,-5.312088546252255,10.3444,6.78,0.12563298765619457,10.9525,46.94,0.8310348971739643,34.9698,511.61999999999995,-4.355420661422096,14.44,14.2038,483.77,474.66,-0.5668485277090554,0.016708320719828862,10.9811,10.8762,12.6,8.11,-0.05670743420631119,0.059144129754200137,11.6068,11.4658,49.17,48.5,-0.1704649554324078,0.3610692705898657,37.0279,36.5458,545.54,531.27,-0.7940209173477744,0.4369217210638947,14.630338177513167,-0.00851299922094933
2021-09-30,GHNI,PK0007101014,Ghandhara Industries Limited,238.32,0.24,12782653,3046361862.96,12782653,3046361862.96,418700.0,-0.0552978951123797,34.0,0.022186875473685638,509082.5396825397,0.0,0,-0.24,2022-03-31,13.6729,457.9,-5.312088546252255,10.3444,6.78,0.12563298765619457,10.9525,46.94,0.8310348971739643,34.9698,511.61999999999995,-4.355420661422096,14.44,14.2038,483.77,474.66,-0.5668485277090554,0.016708320719828862,10.9811,10.8762,12.6,8.11,-0.05670743420631119,0.059144129754200137,11.6068,11.4658,49.17,48.5,-0.1704649554324078,0.3610692705898657,37.0279,36.5458,545.54,531.27,-0.7940209173477744,0.4369217210638947,14.630338177513167,-0.00851299922094933
2021-09-30,HBL,PK0085101019,Habib Bank Limited,109.35,6.67,733426254,80200160874.9,733426254,80200160874.9,6587594.0,-0.0587880874505079,3.0,0.011365779631478416,1477434.888888889,7.01,1,0.33999999999999986,2022-03-31,13.6729,457.9,-5.312088546252255,10.3444,6.78,0.12563298765619457,10.9525,46.94,0.8310348971739643,34.9698,511.61999999999995,-4.355420661422096,14.44,14.2038,483.77,474.66,-0.5668485277090554,0.016708320719828862,10.9811,10.8762,12.6,8.11,-0.05670743420631119,0.059144129754200137,11.6068,11.4658,49.17,48.5,-0.1704649554324078,0.3610692705898657,37.0279,36.5458,545.54,531.27,-0.7940209173477744,0.4369217210638947,14.630338177513167,-0.00851299922094933
2021-09-30,HUBC,PK0065001015,The Hub Power Company Limited,73.53,5.95,972865790,71534821538.7,972865790,71534821538.7,2093101.0,-0.09378851368005914,5.0,0.014284588589307857,1806397.5396825396,5.9,1,-0.04999999999999982,2022-03-31,13.6729,457.9,-5.312088546252255,10.3444,6.78,0.12563298765619457,10.9525,46.94,0.8310348971739643,34.9698,511.61999999999995,-4.355420661422096,14.44,14.2038,483.77,474.66,-0.5668485277090554,0.016708320719828862,10.9811,10.8762,12.6,8.11,-0.05670743420631119,0.059144129754200137,11.6068,11.4658,49.17,48.5,-0.1704649554324078,0.3610692705898657,37.0279,36.5458,545.54,531.27,-0.7940209173477744,0.4369217210638947,14.630338177513167,-0.00851299922094933
2021-09-30,INIL,PK0028501010,International Industries Ltd.,166.77,1.01,72535034,12096667620.18,72535034,12096667620.18,674100.0,,26.0,,,0.7,1,-0.31000000000000005,2022-03-31,13.6729,457.9,-5.312088546252255,10.3444,6.78,0.12563298765619457,10.9525,46.94,0.8310348971739643,34.9698,511.61999999999995,-4.355420661422096,14.44,14.2038,483.77,474.66,-0.5668485277090554,0.016708320719828862,10.9811,10.8762,12.6,8.11,-0.05670743420631119,0.059144129754200137,11.6068,11.4658,49.17,48.5,-0.1704649554324078,0.3610692705898657,37.0279,36.5458,545.54,531.27,-0.7940209173477744,0.4369217210638947,14.630338177513167,-0.00851299922094933
2021-09-30,ISL,PK0102001010,International Steels Limited.,76.21,0.97,152250000,11602972500.0,152250000,11602972500.0,695555.0,-0.10948819817714428,27.0,0.020068253322320508,1177991.3174603174,0.75,1,-0.21999999999999997,2022-03-31,13.6729,457.9,-5.312088546252255,10.3444,6.78,0.12563298765619457,10.9525,46.94,0.8310348971739643,34.9698,511.61999999999995,-4.355420661422096,14.44,14.2038,483.77,474.66,-0.5668485277090554,0.016708320719828862,10.9811,10.8762,12.6,8.11,-0.05670743420631119,0.059144129754200137,11.6068,11.4658,49.17,48.5,-0.1704649554324078,0.3610692705898657,37.0279,36.5458,545.54,531.27,-0.7940209173477744,0.4369217210638947,14.630338177513167,-0.00851299922094933
2021-09-30,KAPCO,PK0083101011,Kot Addu Power Company.,35.0,1.33,455902538,15956588830.0,455902538,15956588830.0,1800000.0,-0.11927528938097642,24.0,0.015828644838936454,1729063.492063492,1.21,1,-0.1200000000000001,2022-03-31,13.6729,457.9,-5.312088546252255,10.3444,6.78,0.12563298765619457,10.9525,46.94,0.8310348971739643,34.9698,511.61999999999995,-4.355420661422096,14.44,14.2038,483.77,474.66,-0.5668485277090554,0.016708320719828862,10.9811,10.8762,12.6,8.11,-0.05670743420631119,0.059144129754200137,11.6068,11.4658,49.17,48.5,-0.1704649554324078,0.3610692705898657,37.0279,36.5458,545.54,531.27,-0.7940209173477744,0.4369217210638947,14.630338177513167,-0.00851299922094933
2021-09-30,LUCK,PK0071501016,Lucky Cement Limited.,722.9,6.81,113181250,81818725625.0,113181250,81818725625.0,492634.0,-0.11581599579251223,2.0,0.013260901322653555,343761.49206349207,6.1,1,-0.71,2022-03-31,13.6729,457.9,-5.312088546252255,10.3444,6.78,0.12563298765619457,10.9525,46.94,0.8310348971739643,34.9698,511.61999999999995,-4.355420661422096,14.44,14.2038,483.77,474.66,-0.5668485277090554,0.016708320719828862,10.9811,10.8762,12.6,8.11,-0.05670743420631119,0.059144129754200137,11.6068,11.4658,49.17,48.5,-0.1704649554324078,0.3610692705898657,37.0279,36.5458,545.54,531.27,-0.7940209173477744,0.4369217210638947,14.630338177513167,-0.00851299922094933
2021-09-30,MARI,PK0066301018,Mari Petroleum Company Ltd.,1553.37,3.45,26680500,41444688285.0,26680500,41444688285.0,86000.0,0.014412590609286235,17.0,0.009163109174840358,21177.460317460318,4.0,1,0.5499999999999998,2022-03-31,13.6729,457.9,-5.312088546252255,10.3444,6.78,0.12563298765619457,10.9525,46.94,0.8310348971739643,34.9698,511.61999999999995,-4.355420661422096,14.44,14.2038,483.77,474.66,-0.5668485277090554,0.016708320719828862,10.9811,10.8762,12.6,8.11,-0.05670743420631119,0.059144129754200137,11.6068,11.4658,49.17,48.5,-0.1704649554324078,0.3610692705898657,37.0279,36.5458,545.54,531.27,-0.7940209173477744,0.4369217210638947,14.630338177513167,-0.00851299922094933
2021-09-30,MCB,PK0055601014,MCB Bank Limited,150.69,5.2,414771002,62501842291.38,414771002,62501842291.38,2631189.0,-0.12465872785361609,7.0,0.01321097788720164,555593.1587301587,5.12,1,-0.08000000000000007,2022-03-31,13.6729,457.9,-5.312088546252255,10.3444,6.78,0.12563298765619457,10.9525,46.94,0.8310348971739643,34.9698,511.61999999999995,-4.355420661422096,14.44,14.2038,483.77,474.66,-0.5668485277090554,0.016708320719828862,10.9811,10.8762,12.6,8.11,-0.05670743420631119,0.059144129754200137,11.6068,11.4658,49.17,48.5,-0.1704649554324078,0.3610692705898657,37.0279,36.5458,545.54,531.27,-0.7940209173477744,0.4369217210638947,14.630338177513167,-0.00851299922094933
2021-09-30,MEBL,PK0077401013,Meezan Bank Limited,139.93,4.73,406732800,56914120704.0,406732800,56914120704.0,8787365.0,0.2363491783000531,10.0,0.020779103973112424,1078283.2857142857,4.51,1,-0.22000000000000064,2022-03-31,13.6729,457.9,-5.312088546252255,10.3444,6.78,0.12563298765619457,10.9525,46.94,0.8310348971739643,34.9698,511.61999999999995,-4.355420661422096,14.44,14.2038,483.77,474.66,-0.5668485277090554,0.016708320719828862,10.9811,10.8762,12.6,8.11,-0.05670743420631119,0.059144129754200137,11.6068,11.4658,49.17,48.5,-0.1704649554324078,0.3610692705898657,37.0279,36.5458,545.54,531.27,-0.7940209173477744,0.4369217210638947,14.630338177513167,-0.00851299922094933
2021-09-30,MLCF,PK0066201010,Maple Leaf Cement Factory Ltd.,35.2,1.45,494255804,17397804300.8,494255804,17397804300.8,5006753.0,-0.2142857142857142,23.0,0.019827826643620858,3444939.9365079366,1.51,1,0.06000000000000005,2022-03-31,13.6729,457.9,-5.312088546252255,10.3444,6.78,0.12563298765619457,10.9525,46.94,0.8310348971739643,34.9698,511.61999999999995,-4.355420661422096,14.44,14.2038,483.77,474.66,-0.5668485277090554,0.016708320719828862,10.9811,10.8762,12.6,8.11,-0.05670743420631119,0.059144129754200137,11.6068,11.4658,49.17,48.5,-0.1704649554324078,0.3610692705898657,37.0279,36.5458,545.54,531.27,-0.7940209173477744,0.4369217210638947,14.630338177513167,-0.00851299922094933
2021-09-30,NML,PK0005501017,Nishat Mills Ltd.,94.81,1.16,158219932,15000831752.92,158219932,15000831752.92,572300.0,0.024751405101599788,25.0,0.016006544058654162,747284.126984127,0.0,0,-1.16,2022-03-31,13.6729,457.9,-5.312088546252255,10.3444,6.78,0.12563298765619457,10.9525,46.94,0.8310348971739643,34.9698,511.61999999999995,-4.355420661422096,14.44,14.2038,483.77,474.66,-0.5668485277090554,0.016708320719828862,10.9811,10.8762,12.6,8.11,-0.05670743420631119,0.059144129754200137,11.6068,11.4658,49.17,48.5,-0.1704649554324078,0.3610692705898657,37.0279,36.5458,545.54,531.27,-0.7940209173477744,0.4369217210638947,14.630338177513167,-0.00851299922094933
2021-09-30,NRL,PK0008201011,National Refinary Ltd.,302.86,0.66,26124282,7912000046.52,26124282,7912000046.52,493613.0,,30.0,,,0.46,1,-0.2,2022-03-31,13.6729,457.9,-5.312088546252255,10.3444,6.78,0.12563298765619457,10.9525,46.94,0.8310348971739643,34.9698,511.61999999999995,-4.355420661422096,14.44,14.2038,483.77,474.66,-0.5668485277090554,0.016708320719828862,10.9811,10.8762,12.6,8.11,-0.05670743420631119,0.059144129754200137,11.6068,11.4658,49.17,48.5,-0.1704649554324078,0.3610692705898657,37.0279,36.5458,545.54,531.27,-0.7940209173477744,0.4369217210638947,14.630338177513167,-0.00851299922094933
2021-09-30,OGDC,PK0080201012,Oil & Gas Development Company Limited,83.8,4.5,645139260,54062669988.0,645139260,54062669988.0,3986605.0,-0.17527802381655355,11.0,0.01152484642611982,2682093.4285714286,4.54,1,0.040000000000000036,2022-03-31,13.6729,457.9,-5.312088546252255,10.3444,6.78,0.12563298765619457,10.9525,46.94,0.8310348971739643,34.9698,511.61999999999995,-4.355420661422096,14.44,14.2038,483.77,474.66,-0.5668485277090554,0.016708320719828862,10.9811,10.8762,12.6,8.11,-0.05670743420631119,0.059144129754200137,11.6068,11.4658,49.17,48.5,-0.1704649554324078,0.3610692705898657,37.0279,36.5458,545.54,531.27,-0.7940209173477744,0.4369217210638947,14.630338177513167,-0.00851299922094933
2021-09-30,PAEL,PK0034601010,Pak Elektron Limited,31.88,0.61,248840743,7933042886.84,248840743,7933042886.84,1997500.0,-0.03510895883777243,32.0,0.016825863442024733,2339857.1428571427,0.0,0,-0.61,2022-03-31,13.6729,457.9,-5.312088546252255,10.3444,6.78,0.12563298765619457,10.9525,46.94,0.8310348971739643,34.9698,511.61999999999995,-4.355420661422096,14.44,14.2038,483.77,474.66,-0.5668485277090554,0.016708320719828862,10.9811,10.8762,12.6,8.11,-0.05670743420631119,0.059144129754200137,11.6068,11.4658,49.17,48.5,-0.1704649554324078,0.3610692705898657,37.0279,36.5458,545.54,531.27,-0.7940209173477744,0.4369217210638947,14.630338177513167,-0.00851299922094933
2021-09-30,PIOC,PK0056201012,Pioneer Cement Limited,88.31,0.83,113574397,10029754999.07,113574397,10029754999.07,1610300.0,-0.2749589490968801,28.0,0.02286106836500836,647946.0317460317,0.7,1,-0.13,2022-03-31,13.6729,457.9,-5.312088546252255,10.3444,6.78,0.12563298765619457,10.9525,46.94,0.8310348971739643,34.9698,511.61999999999995,-4.355420661422096,14.44,14.2038,483.77,474.66,-0.5668485277090554,0.016708320719828862,10.9811,10.8762,12.6,8.11,-0.05670743420631119,0.059144129754200137,11.6068,11.4658,49.17,48.5,-0.1704649554324078,0.3610692705898657,37.0279,36.5458,545.54,531.27,-0.7940209173477744,0.4369217210638947,14.630338177513167,-0.00851299922094933
2021-09-30,POL,PK0023901017,Pakistan Oilfields Limited,375.35,4.05,129803612,48721785764.2,129803612,48721785764.2,267529.0,-0.011950827871225811,14.0,0.01388299383162775,166370.07936507938,4.1,1,0.04999999999999982,2022-03-31,13.6729,457.9,-5.312088546252255,10.3444,6.78,0.12563298765619457,10.9525,46.94,0.8310348971739643,34.9698,511.61999999999995,-4.355420661422096,14.44,14.2038,483.77,474.66,-0.5668485277090554,0.016708320719828862,10.9811,10.8762,12.6,8.11,-0.05670743420631119,0.059144129754200137,11.6068,11.4658,49.17,48.5,-0.1704649554324078,0.3610692705898657,37.0279,36.5458,545.54,531.27,-0.7940209173477744,0.4369217210638947,14.630338177513167,-0.00851299922094933
2021-09-30,PPL,PK0081801018,Pakistan Petroleum Limited.,74.91,4.15,666483679,49926292393.89,666483679,49926292393.89,3710507.0,-0.14221916867055995,13.0,0.012727341996288662,1471023.5555555555,4.11,1,-0.040000000000000036,2022-03-31,13.6729,457.9,-5.312088546252255,10.3444,6.78,0.12563298765619457,10.9525,46.94,0.8310348971739643,34.9698,511.61999999999995,-4.355420661422096,14.44,14.2038,483.77,474.66,-0.5668485277090554,0.016708320719828862,10.9811,10.8762,12.6,8.11,-0.05670743420631119,0.059144129754200137,11.6068,11.4658,49.17,48.5,-0.1704649554324078,0.3610692705898657,37.0279,36.5458,545.54,531.27,-0.7940209173477744,0.4369217210638947,14.630338177513167,-0.00851299922094933
2021-09-30,PRL,PK0004701014,Pakistan Refinery Limited,16.78,0.31,223796866,3755311411.48,223796866,3755311411.48,1502000.0,,33.0,,,0.22,1,-0.09,2022-03-31,13.6729,457.9,-5.312088546252255,10.3444,6.78,0.12563298765619457,10.9525,46.94,0.8310348971739643,34.9698,511.61999999999995,-4.355420661422096,14.44,14.2038,483.77,474.66,-0.5668485277090554,0.016708320719828862,10.9811,10.8762,12.6,8.11,-0.05670743420631119,0.059144129754200137,11.6068,11.4658,49.17,48.5,-0.1704649554324078,0.3610692705898657,37.0279,36.5458,545.54,531.27,-0.7940209173477744,0.4369217210638947,14.630338177513167,-0.00851299922094933
2021-09-30,PSO,PK0022501016,Pakistan State Oil Co Ltd.,200.99,3.53,211262985,42461747355.15,211262985,42461747355.15,1158987.0,-0.1285175389151454,15.0,0.012486435548469227,773049.126984127,2.98,1,-0.5499999999999998,2022-03-31,13.6729,457.9,-5.312088546252255,10.3444,6.78,0.12563298765619457,10.9525,46.94,0.8310348971739643,34.9698,511.61999999999995,-4.355420661422096,14.44,14.2038,483.77,474.66,-0.5668485277090554,0.016708320719828862,10.9811,10.8762,12.6,8.11,-0.05670743420631119,0.059144129754200137,11.6068,11.4658,49.17,48.5,-0.1704649554324078,0.3610692705898657,37.0279,36.5458,545.54,531.27,-0.7940209173477744,0.4369217210638947,14.630338177513167,-0.00851299922094933
2021-09-30,SEARL,PK0061701014,The Searle Company Ltd.,201.51,1.81,108018237,21766754937.87,108018237,21766754937.87,256133.0,-0.18426911711128202,19.0,0.014213401575764312,243327.6349206349,1.47,1,-0.3400000000000001,2022-03-31,13.6729,457.9,-5.312088546252255,10.3444,6.78,0.12563298765619457,10.9525,46.94,0.8310348971739643,34.9698,511.61999999999995,-4.355420661422096,14.44,14.2038,483.77,474.66,-0.5668485277090554,0.016708320719828862,10.9811,10.8762,12.6,8.11,-0.05670743420631119,0.059144129754200137,11.6068,11.4658,49.17,48.5,-0.1704649554324078,0.3610692705898657,37.0279,36.5458,545.54,531.27,-0.7940209173477744,0.4369217210638947,14.630338177513167,-0.00851299922094933
2021-09-30,SYS,PK0109001013,Systems Limited,727.51,4.93,81467035,59268082632.85,81467035,59268082632.85,263000.0,0.5461500860731516,8.0,0.019710072357865906,172846.03174603175,5.32,1,0.39000000000000057,2022-03-31,13.6729,457.9,-5.312088546252255,10.3444,6.78,0.12563298765619457,10.9525,46.94,0.8310348971739643,34.9698,511.61999999999995,-4.355420661422096,14.44,14.2038,483.77,474.66,-0.5668485277090554,0.016708320719828862,10.9811,10.8762,12.6,8.11,-0.05670743420631119,0.059144129754200137,11.6068,11.4658,49.17,48.5,-0.1704649554324078,0.3610692705898657,37.0279,36.5458,545.54,531.27,-0.7940209173477744,0.4369217210638947,14.630338177513167,-0.00851299922094933
2021-09-30,TRG,PK0079201015,TRG Pakistan Ltd.,161.67,6.24,463582065,74947312448.55,463582065,74947312448.55,6274213.0,0.07629318953465125,4.0,0.024231838411588092,8306449.73015873,3.58,1,-2.66,2022-03-31,13.6729,457.9,-5.312088546252255,10.3444,6.78,0.12563298765619457,10.9525,46.94,0.8310348971739643,34.9698,511.61999999999995,-4.355420661422096,14.44,14.2038,483.77,474.66,-0.5668485277090554,0.016708320719828862,10.9811,10.8762,12.6,8.11,-0.05670743420631119,0.059144129754200137,11.6068,11.4658,49.17,48.5,-0.1704649554324078,0.3610692705898657,37.0279,36.5458,545.54,531.27,-0.7940209173477744,0.4369217210638947,14.630338177513167,-0.00851299922094933
2021-09-30,UBL,PK0081901016,United Bank Limited,118.56,4.83,489671875,58055497500.0,489671875,58055497500.0,2127141.0,-0.0031948881789136685,9.0,0.012266156496473087,1172214.2857142857,5.66,1,0.8300000000000001,2022-03-31,13.6729,457.9,-5.312088546252255,10.3444,6.78,0.12563298765619457,10.9525,46.94,0.8310348971739643,34.9698,511.61999999999995,-4.355420661422096,14.44,14.2038,483.77,474.66,-0.5668485277090554,0.016708320719828862,10.9811,10.8762,12.6,8.11,-0.05670743420631119,0.059144129754200137,11.6068,11.4658,49.17,48.5,-0.1704649554324078,0.3610692705898657,37.0279,36.5458,545.54,531.27,-0.7940209173477744,0.4369217210638947,14.630338177513167,-0.00851299922094933
2021-09-30,UNITY,PK0068801015,Unity Foods Limited.,31.22,1.16,447322500,13965408450.0,447322500,13965408450.0,15040693.0,0.04976462676529936,25.0,0.0248452882480868,10516587.206349207,1.06,1,-0.09999999999999987,2022-03-31,13.6729,457.9,-5.312088546252255,10.3444,6.78,0.12563298765619457,10.9525,46.94,0.8310348971739643,34.9698,511.61999999999995,-4.355420661422096,14.44,14.2038,483.77,474.66,-0.5668485277090554,0.016708320719828862,10.9811,10.8762,12.6,8.11,-0.05670743420631119,0.059144129754200137,11.6068,11.4658,49.17,48.5,-0.1704649554324078,0.3610692705898657,37.0279,36.5458,545.54,531.27,-0.7940209173477744,0.4369217210638947,14.630338177513167,-0.00851299922094933
2022-03-31,ATRL,PK0024501014,Attock Refinery Limited,128.68,0.46,42646500,5487751620.0,42646500,5487751620.0,1410648.0,-0.2802326882201588,29.0,0.027265365979799776,1007296.5555555555,0.61,1,0.14999999999999997,2022-09-30,13.5963,461.5,-5.954794347058339,10.1371,7.56,0.04264022129362566,10.8539,41.87,0.16369127701555186,34.5873,510.93,-5.748462848749162,13.4763,13.7543,457.98,467.52,-4.838953612190153,-3.007010478253335,10.1176,10.4375,10.0,11.55,0.0002965042153029174,0.0004426177679430765,10.8342,11.1918,51.78,53.72,0.0,0.004319601168617737,34.4281,35.3836,519.76,532.79,-4.83865710797485,-3.002248259316774,14.772185166231537,-0.01125097929021424
2022-03-31,AVN,PK0107501014,Avanceon Limited.,88.51,0.8,106385957,9416221054.07,106385957,9416221054.07,972475.0,-0.2825064850843061,25.0,0.03021196653728772,2338993.492063492,0.71,1,-0.09000000000000008,2022-09-30,13.5963,461.5,-5.954794347058339,10.1371,7.56,0.04264022129362566,10.8539,41.87,0.16369127701555186,34.5873,510.93,-5.748462848749162,13.4763,13.7543,457.98,467.52,-4.838953612190153,-3.007010478253335,10.1176,10.4375,10.0,11.55,0.0002965042153029174,0.0004426177679430765,10.8342,11.1918,51.78,53.72,0.0,0.004319601168617737,34.4281,35.3836,519.76,532.79,-4.83865710797485,-3.002248259316774,14.772185166231537,-0.01125097929021424
2022-03-31,BAHL,PK0051601018,Bank Al-Habib Ltd.,67.94,4.16,722426520,49081657768.8,722426520,49081657768.8,186432.0,-0.01749819233550265,12.0,0.015434646210858785,456790.90476190473,3.8,1,-0.3600000000000003,2022-09-30,13.5963,461.5,-5.954794347058339,10.1371,7.56,0.04264022129362566,10.8539,41.87,0.16369127701555186,34.5873,510.93,-5.748462848749162,13.4763,13.7543,457.98,467.52,-4.838953612190153,-3.007010478253335,10.1176,10.4375,10.0,11.55,0.0002965042153029174,0.0004426177679430765,10.8342,11.1918,51.78,53.72,0.0,0.004319601168617737,34.4281,35.3836,519.76,532.79,-4.83865710797485,-3.002248259316774,14.772185166231537,-0.01125097929021424
2022-03-31,CNERGY,PK0078401012,Cnergyico PK Limited.,5.21,0.71,1598965412,8330609796.52,1598965412,8330609796.52,12103938.0,,27.0,,,0.75,1,0.040000000000000036,2022-09-30,13.5963,461.5,-5.954794347058339,10.1371,7.56,0.04264022129362566,10.8539,41.87,0.16369127701555186,34.5873,510.93,-5.748462848749162,13.4763,13.7543,457.98,467.52,-4.838953612190153,-3.007010478253335,10.1176,10.4375,10.0,11.55,0.0002965042153029174,0.0004426177679430765,10.8342,11.1918,51.78,53.72,0.0,0.004319601168617737,34.4281,35.3836,519.76,532.79,-4.83865710797485,-3.002248259316774,14.772185166231537,-0.01125097929021424
2022-03-31,DGKC,PK0052401012,D. G. Khan Cement Co. Ltd.,76.05,1.41,219059559,16659479461.95,219059559,16659479461.95,4015671.0,-0.13990047500565483,22.0,0.02425746107259654,1220333.5396825396,1.29,1,-0.11999999999999988,2022-09-30,13.5963,461.5,-5.954794347058339,10.1371,7.56,0.04264022129362566,10.8539,41.87,0.16369127701555186,34.5873,510.93,-5.748462848749162,13.4763,13.7543,457.98,467.52,-4.838953612190153,-3.007010478253335,10.1176,10.4375,10.0,11.55,0.0002965042153029174,0.0004426177679430765,10.8342,11.1918,51.78,53.72,0.0,0.004319601168617737,34.4281,35.3836,519.76,532.79,-4.83865710797485,-3.002248259316774,14.772185166231537,-0.01125097929021424
2022-03-31,EFERT,PK0099701010,Engro Fertilizers Limited,91.77,4.67,600884719,55143190662.63,600884719,55143190662.63,1417420.0,0.30577689243027883,9.0,0.01044304964542971,1834337.1587301588,4.56,1,-0.11000000000000032,2022-09-30,13.5963,461.5,-5.954794347058339,10.1371,7.56,0.04264022129362566,10.8539,41.87,0.16369127701555186,34.5873,510.93,-5.748462848749162,13.4763,13.7543,457.98,467.52,-4.838953612190153,-3.007010478253335,10.1176,10.4375,10.0,11.55,0.0002965042153029174,0.0004426177679430765,10.8342,11.1918,51.78,53.72,0.0,0.004319601168617737,34.4281,35.3836,519.76,532.79,-4.83865710797485,-3.002248259316774,14.772185166231537,-0.01125097929021424
2022-03-31,ENGRO,PK0012101017,Engro Corporation Limited.,267.6,7.18,316889777,84799704325.2,316889777,84799704325.2,289508.0,-0.04343163538873984,1.0,0.010897890217892447,290574.6984126984,7.14,1,-0.040000000000000036,2022-09-30,13.5963,461.5,-5.954794347058339,10.1371,7.56,0.04264022129362566,10.8539,41.87,0.16369127701555186,34.5873,510.93,-5.748462848749162,13.4763,13.7543,457.98,467.52,-4.838953612190153,-3.007010478253335,10.1176,10.4375,10.0,11.55,0.0002965042153029174,0.0004426177679430765,10.8342,11.1918,51.78,53.72,0.0,0.004319601168617737,34.4281,35.3836,519.76,532.79,-4.83865710797485,-3.002248259316774,14.772185166231537,-0.01125097929021424
2022-03-31,EPCL,PK0092201018,Engro Polymer & Chemicals Ltd.,66.46,1.79,318123167,21142465678.82,318123167,21142465678.82,3242643.0,0.20682767386962042,19.0,0.019891793565054376,1949143.4603174604,1.7,1,-0.09000000000000008,2022-09-30,13.5963,461.5,-5.954794347058339,10.1371,7.56,0.04264022129362566,10.8539,41.87,0.16369127701555186,34.5873,510.93,-5.748462848749162,13.4763,13.7543,457.98,467.52,-4.838953612190153,-3.007010478253335,10.1176,10.4375,10.0,11.55,0.0002965042153029174,0.0004426177679430765,10.8342,11.1918,51.78,53.72,0.0,0.004319601168617737,34.4281,35.3836,519.76,532.79,-4.83865710797485,-3.002248259316774,14.772185166231537,-0.01125097929021424
2022-03-31,FFC,PK0053401011,Fauji Fertilizer Company Limited,113.72,6.74,699731036,79573413413.92,699731036,79573413413.92,2160915.0,0.11424652165392901,3.0,0.009679975413664669,931732.3650793651,6.9,1,0.16000000000000014,2022-09-30,13.5963,461.5,-5.954794347058339,10.1371,7.56,0.04264022129362566,10.8539,41.87,0.16369127701555186,34.5873,510.93,-5.748462848749162,13.4763,13.7543,457.98,467.52,-4.838953612190153,-3.007010478253335,10.1176,10.4375,10.0,11.55,0.0002965042153029174,0.0004426177679430765,10.8342,11.1918,51.78,53.72,0.0,0.004319601168617737,34.4281,35.3836,519.76,532.79,-4.83865710797485,-3.002248259316774,14.772185166231537,-0.01125097929021424
2022-03-31,GGL,PK0099101013,Ghani Global Holdings Limited.,17.29,0.24,160963450,2783058050.5,160963450,2783058050.5,26218000.0,,30.0,,,0.26,1,0.020000000000000018,2022-09-30,13.5963,461.5,-5.954794347058339,10.1371,7.56,0.04264022129362566,10.8539,41.87,0.16369127701555186,34.5873,510.93,-5.748462848749162,13.4763,13.7543,457.98,467.52,-4.838953612190153,-3.007010478253335,10.1176,10.4375,10.0,11.55,0.0002965042153029174,0.0004426177679430765,10.8342,11.1918,51.78,53.72,0.0,0.004319601168617737,34.4281,35.3836,519.76,532.79,-4.83865710797485,-3.002248259316774,14.772185166231537,-0.01125097929021424
2022-03-31,HBL,PK0085101019,Habib Bank Limited,112.91,7.01,733426254,82811158339.14,733426254,82811158339.14,734793.0,0.032556012802926304,2.0,0.010748503533643169,854829.619047619,4.98,1,-2.0299999999999994,2022-09-30,13.5963,461.5,-5.954794347058339,10.1371,7.56,0.04264022129362566,10.8539,41.87,0.16369127701555186,34.5873,510.93,-5.748462848749162,13.4763,13.7543,457.98,467.52,-4.838953612190153,-3.007010478253335,10.1176,10.4375,10.0,11.55,0.0002965042153029174,0.0004426177679430765,10.8342,11.1918,51.78,53.72,0.0,0.004319601168617737,34.4281,35.3836,519.76,532.79,-4.83865710797485,-3.002248259316774,14.772185166231537,-0.01125097929021424
2022-03-31,HUBC,PK0065001015,The Hub Power Company Limited,71.58,5.9,972865790,69637733248.2,972865790,69637733248.2,547939.0,-0.026519787841697284,5.0,0.01853367115691866,1619457.2698412698,6.62,1,0.7199999999999998,2022-09-30,13.5963,461.5,-5.954794347058339,10.1371,7.56,0.04264022129362566,10.8539,41.87,0.16369127701555186,34.5873,510.93,-5.748462848749162,13.4763,13.7543,457.98,467.52,-4.838953612190153,-3.007010478253335,10.1176,10.4375,10.0,11.55,0.0002965042153029174,0.0004426177679430765,10.8342,11.1918,51.78,53.72,0.0,0.004319601168617737,34.4281,35.3836,519.76,532.79,-4.83865710797485,-3.002248259316774,14.772185166231537,-0.01125097929021424
2022-03-31,INIL,PK0028501010,International Industries Ltd.,111.02,0.7,72535034,8052839474.68,72535034,8052839474.68,103558.0,-0.3342927385021287,28.0,0.018963158823588795,288559.34920634923,0.0,0,-0.7,2022-09-30,13.5963,461.5,-5.954794347058339,10.1371,7.56,0.04264022129362566,10.8539,41.87,0.16369127701555186,34.5873,510.93,-5.748462848749162,13.4763,13.7543,457.98,467.52,-4.838953612190153,-3.007010478253335,10.1176,10.4375,10.0,11.55,0.0002965042153029174,0.0004426177679430765,10.8342,11.1918,51.78,53.72,0.0,0.004319601168617737,34.4281,35.3836,519.76,532.79,-4.83865710797485,-3.002248259316774,14.772185166231537,-0.01125097929021424
2022-03-31,ISL,PK0102001010,International Steels Limited.,55.91,0.75,152250000,8512297500.0,152250000,8512297500.0,103473.0,-0.26636924288151165,26.0,0.02215585853719264,796978.0476190476,0.0,0,-0.75,2022-09-30,13.5963,461.5,-5.954794347058339,10.1371,7.56,0.04264022129362566,10.8539,41.87,0.16369127701555186,34.5873,510.93,-5.748462848749162,13.4763,13.7543,457.98,467.52,-4.838953612190153,-3.007010478253335,10.1176,10.4375,10.0,11.55,0.0002965042153029174,0.0004426177679430765,10.8342,11.1918,51.78,53.72,0.0,0.004319601168617737,34.4281,35.3836,519.76,532.79,-4.83865710797485,-3.002248259316774,14.772185166231537,-0.01125097929021424
2022-03-31,KAPCO,PK0083101011,Kot Addu Power Company.,31.28,1.21,456026538,14264510108.64,456026538,14264510108.64,3124851.0,-0.1062857142857142,23.0,0.02287233190658636,1663598.3333333333,1.31,1,0.10000000000000009,2022-09-30,13.5963,461.5,-5.954794347058339,10.1371,7.56,0.04264022129362566,10.8539,41.87,0.16369127701555186,34.5873,510.93,-5.748462848749162,13.4763,13.7543,457.98,467.52,-4.838953612190153,-3.007010478253335,10.1176,10.4375,10.0,11.55,0.0002965042153029174,0.0004426177679430765,10.8342,11.1918,51.78,53.72,0.0,0.004319601168617737,34.4281,35.3836,519.76,532.79,-4.83865710797485,-3.002248259316774,14.772185166231537,-0.01125097929021424
2022-03-31,LUCK,PK0071501016,Lucky Cement Limited.,636.35,6.1,113181250,72022888437.5,113181250,72022888437.5,237486.0,-0.11972610319546262,4.0,0.019752729027559677,258065.2857142857,5.47,1,-0.6299999999999999,2022-09-30,13.5963,461.5,-5.954794347058339,10.1371,7.56,0.04264022129362566,10.8539,41.87,0.16369127701555186,34.5873,510.93,-5.748462848749162,13.4763,13.7543,457.98,467.52,-4.838953612190153,-3.007010478253335,10.1176,10.4375,10.0,11.55,0.0002965042153029174,0.0004426177679430765,10.8342,11.1918,51.78,53.72,0.0,0.004319601168617737,34.4281,35.3836,519.76,532.79,-4.83865710797485,-3.002248259316774,14.772185166231537,-0.01125097929021424
2022-03-31,MARI,PK0066301018,Mari Petroleum Company Ltd.,1769.52,4.0,26680500,47211678360.0,26680500,47211678360.0,13751.0,0.13914907588018322,15.0,0.009492620388207288,22656.761904761905,4.06,1,0.05999999999999961,2022-09-30,13.5963,461.5,-5.954794347058339,10.1371,7.56,0.04264022129362566,10.8539,41.87,0.16369127701555186,34.5873,510.93,-5.748462848749162,13.4763,13.7543,457.98,467.52,-4.838953612190153,-3.007010478253335,10.1176,10.4375,10.0,11.55,0.0002965042153029174,0.0004426177679430765,10.8342,11.1918,51.78,53.72,0.0,0.004319601168617737,34.4281,35.3836,519.76,532.79,-4.83865710797485,-3.002248259316774,14.772185166231537,-0.01125097929021424
2022-03-31,MCB,PK0055601014,MCB Bank Limited,145.66,5.12,414771002,60415544151.32,414771002,60415544151.32,410654.0,-0.03337978631627847,8.0,0.010725258882022309,434903.2380952381,4.83,1,-0.29000000000000004,2022-09-30,13.5963,461.5,-5.954794347058339,10.1371,7.56,0.04264022129362566,10.8539,41.87,0.16369127701555186,34.5873,510.93,-5.748462848749162,13.4763,13.7543,457.98,467.52,-4.838953612190153,-3.007010478253335,10.1176,10.4375,10.0,11.55,0.0002965042153029174,0.0004426177679430765,10.8342,11.1918,51.78,53.72,0.0,0.004319601168617737,34.4281,35.3836,519.76,532.79,-4.83865710797485,-3.002248259316774,14.772185166231537,-0.01125097929021424
2022-03-31,MEBL,PK0077401013,Meezan Bank Limited,130.96,4.51,406732800,53265727488.0,406732800,53265727488.0,976345.0,-0.0641034803115843,11.0,0.014272453985797424,661895.7142857143,4.78,1,0.27000000000000046,2022-09-30,13.5963,461.5,-5.954794347058339,10.1371,7.56,0.04264022129362566,10.8539,41.87,0.16369127701555186,34.5873,510.93,-5.748462848749162,13.4763,13.7543,457.98,467.52,-4.838953612190153,-3.007010478253335,10.1176,10.4375,10.0,11.55,0.0002965042153029174,0.0004426177679430765,10.8342,11.1918,51.78,53.72,0.0,0.004319601168617737,34.4281,35.3836,519.76,532.79,-4.83865710797485,-3.002248259316774,14.772185166231537,-0.01125097929021424
2022-03-31,MLCF,PK0066201010,Maple Leaf Cement Factory Ltd.,36.05,1.51,494255804,17817921734.2,494255804,17817921734.2,6700482.0,0.02414772727272707,20.0,0.025561149106994724,2885948.8412698414,1.31,1,-0.19999999999999996,2022-09-30,13.5963,461.5,-5.954794347058339,10.1371,7.56,0.04264022129362566,10.8539,41.87,0.16369127701555186,34.5873,510.93,-5.748462848749162,13.4763,13.7543,457.98,467.52,-4.838953612190153,-3.007010478253335,10.1176,10.4375,10.0,11.55,0.0002965042153029174,0.0004426177679430765,10.8342,11.1918,51.78,53.72,0.0,0.004319601168617737,34.4281,35.3836,519.76,532.79,-4.83865710797485,-3.002248259316774,14.772185166231537,-0.01125097929021424
2022-03-31,MTL,PK0009801017,Millat Tractors Limited,866.95,2.96,40361581,34991472647.95,40361581,34991472647.95,36562.0,0.028691101961389354,18.0,0.022919979408708404,31146.68253968254,3.5,1,0.54,2022-09-30,13.5963,461.5,-5.954794347058339,10.1371,7.56,0.04264022129362566,10.8539,41.87,0.16369127701555186,34.5873,510.93,-5.748462848749162,13.4763,13.7543,457.98,467.52,-4.838953612190153,-3.007010478253335,10.1176,10.4375,10.0,11.55,0.0002965042153029174,0.0004426177679430765,10.8342,11.1918,51.78,53.72,0.0,0.004319601168617737,34.4281,35.3836,519.76,532.79,-4.83865710797485,-3.002248259316774,14.772185166231537,-0.01125097929021424
2022-03-31,NETSOL,PK0084201018,NetSol Technologies Limited,85.82,0.23,31442923,2698431651.86,31442923,2698431651.86,1014613.0,,31.0,,,0.3,1,0.06999999999999998,2022-09-30,13.5963,461.5,-5.954794347058339,10.1371,7.56,0.04264022129362566,10.8539,41.87,0.16369127701555186,34.5873,510.93,-5.748462848749162,13.4763,13.7543,457.98,467.52,-4.838953612190153,-3.007010478253335,10.1176,10.4375,10.0,11.55,0.0002965042153029174,0.0004426177679430765,10.8342,11.1918,51.78,53.72,0.0,0.004319601168617737,34.4281,35.3836,519.76,532.79,-4.83865710797485,-3.002248259316774,14.772185166231537,-0.01125097929021424
2022-03-31,NRL,PK0008201011,National Refinary Ltd.,207.32,0.46,26172929,5426171640.28,26172929,5426171640.28,919224.0,-0.3154592881199234,29.0,0.027992380951880922,457389.7301587302,0.62,1,0.15999999999999998,2022-09-30,13.5963,461.5,-5.954794347058339,10.1371,7.56,0.04264022129362566,10.8539,41.87,0.16369127701555186,34.5873,510.93,-5.748462848749162,13.4763,13.7543,457.98,467.52,-4.838953612190153,-3.007010478253335,10.1176,10.4375,10.0,11.55,0.0002965042153029174,0.0004426177679430765,10.8342,11.1918,51.78,53.72,0.0,0.004319601168617737,34.4281,35.3836,519.76,532.79,-4.83865710797485,-3.002248259316774,14.772185166231537,-0.01125097929021424
2022-03-31,OGDC,PK0080201012,Oil & Gas Development Company Limited,83.13,4.54,645139260,53630426683.8,645139260,53630426683.8,1295794.0,-0.007995226730310279,10.0,0.01420145586024029,2618913.793650794,4.76,1,0.21999999999999975,2022-09-30,13.5963,461.5,-5.954794347058339,10.1371,7.56,0.04264022129362566,10.8539,41.87,0.16369127701555186,34.5873,510.93,-5.748462848749162,13.4763,13.7543,457.98,467.52,-4.838953612190153,-3.007010478253335,10.1176,10.4375,10.0,11.55,0.0002965042153029174,0.0004426177679430765,10.8342,11.1918,51.78,53.72,0.0,0.004319601168617737,34.4281,35.3836,519.76,532.79,-4.83865710797485,-3.002248259316774,14.772185166231537,-0.01125097929021424
2022-03-31,PIOC,PK0056201012,Pioneer Cement Limited,70.83,0.7,113574397,8044474539.51,113574397,8044474539.51,281158.0,-0.19793907824708412,28.0,0.02748180884306175,1181586.396825397,0.0,0,-0.7,2022-09-30,13.5963,461.5,-5.954794347058339,10.1371,7.56,0.04264022129362566,10.8539,41.87,0.16369127701555186,34.5873,510.93,-5.748462848749162,13.4763,13.7543,457.98,467.52,-4.838953612190153,-3.007010478253335,10.1176,10.4375,10.0,11.55,0.0002965042153029174,0.0004426177679430765,10.8342,11.1918,51.78,53.72,0.0,0.004319601168617737,34.4281,35.3836,519.76,532.79,-4.83865710797485,-3.002248259316774,14.772185166231537,-0.01125097929021424
2022-03-31,POL,PK0023901017,Pakistan Oilfields Limited,372.68,4.1,129805504,48375915230.72,129805504,48375915230.72,170995.0,-0.007113360863194362,14.0,0.013289474213310424,184539.46031746033,4.41,1,0.3100000000000005,2022-09-30,13.5963,461.5,-5.954794347058339,10.1371,7.56,0.04264022129362566,10.8539,41.87,0.16369127701555186,34.5873,510.93,-5.748462848749162,13.4763,13.7543,457.98,467.52,-4.838953612190153,-3.007010478253335,10.1176,10.4375,10.0,11.55,0.0002965042153029174,0.0004426177679430765,10.8342,11.1918,51.78,53.72,0.0,0.004319601168617737,34.4281,35.3836,519.76,532.79,-4.83865710797485,-3.002248259316774,14.772185166231537,-0.01125097929021424
2022-03-31,PPL,PK0081801018,Pakistan Petroleum Limited.,72.8,4.11,666979749,48556125727.2,666979749,48556125727.2,1326293.0,-0.028167133894006158,13.0,0.01745629882866482,1294220.7777777778,3.99,1,-0.1200000000000001,2022-09-30,13.5963,461.5,-5.954794347058339,10.1371,7.56,0.04264022129362566,10.8539,41.87,0.16369127701555186,34.5873,510.93,-5.748462848749162,13.4763,13.7543,457.98,467.52,-4.838953612190153,-3.007010478253335,10.1176,10.4375,10.0,11.55,0.0002965042153029174,0.0004426177679430765,10.8342,11.1918,51.78,53.72,0.0,0.004319601168617737,34.4281,35.3836,519.76,532.79,-4.83865710797485,-3.002248259316774,14.772185166231537,-0.01125097929021424
2022-03-31,PRL,PK0004701014,Pakistan Refinery Limited,11.08,0.22,223835011,2480091921.88,223835011,2480091921.88,567115.0,-0.33969010727056026,32.0,0.025523802176142668,2972382.8412698414,0.0,0,-0.22,2022-09-30,13.5963,461.5,-5.954794347058339,10.1371,7.56,0.04264022129362566,10.8539,41.87,0.16369127701555186,34.5873,510.93,-5.748462848749162,13.4763,13.7543,457.98,467.52,-4.838953612190153,-3.007010478253335,10.1176,10.4375,10.0,11.55,0.0002965042153029174,0.0004426177679430765,10.8342,11.1918,51.78,53.72,0.0,0.004319601168617737,34.4281,35.3836,519.76,532.79,-4.83865710797485,-3.002248259316774,14.772185166231537,-0.01125097929021424
2022-03-31,PSO,PK0022501016,Pakistan State Oil Co Ltd.,166.67,2.98,211262985,35211201709.95,211262985,35211201709.95,1205187.0,-0.170754763918603,17.0,0.018365471940048027,806467.6825396825,3.34,1,0.3599999999999999,2022-09-30,13.5963,461.5,-5.954794347058339,10.1371,7.56,0.04264022129362566,10.8539,41.87,0.16369127701555186,34.5873,510.93,-5.748462848749162,13.4763,13.7543,457.98,467.52,-4.838953612190153,-3.007010478253335,10.1176,10.4375,10.0,11.55,0.0002965042153029174,0.0004426177679430765,10.8342,11.1918,51.78,53.72,0.0,0.004319601168617737,34.4281,35.3836,519.76,532.79,-4.83865710797485,-3.002248259316774,14.772185166231537,-0.01125097929021424
2022-03-31,SEARL,PK0061701014,The Searle Company Ltd.,123.99,1.47,140423707,17411135430.93,140423707,17411135430.93,825299.0,-0.3846955486080095,21.0,0.016665686692904424,255589.85714285713,1.37,1,-0.09999999999999987,2022-09-30,13.5963,461.5,-5.954794347058339,10.1371,7.56,0.04264022129362566,10.8539,41.87,0.16369127701555186,34.5873,510.93,-5.748462848749162,13.4763,13.7543,457.98,467.52,-4.838953612190153,-3.007010478253335,10.1176,10.4375,10.0,11.55,0.0002965042153029174,0.0004426177679430765,10.8342,11.1918,51.78,53.72,0.0,0.004319601168617737,34.4281,35.3836,519.76,532.79,-4.83865710797485,-3.002248259316774,14.772185166231537,-0.01125097929021424
2022-03-31,SYS,PK0109001013,Systems Limited,378.87,5.32,165693794,62776407732.78,165693794,62776407732.78,575240.0,-0.47922365328311634,7.0,0.06304530277453461,204371.07936507938,6.14,1,0.8199999999999994,2022-09-30,13.5963,461.5,-5.954794347058339,10.1371,7.56,0.04264022129362566,10.8539,41.87,0.16369127701555186,34.5873,510.93,-5.748462848749162,13.4763,13.7543,457.98,467.52,-4.838953612190153,-3.007010478253335,10.1176,10.4375,10.0,11.55,0.0002965042153029174,0.0004426177679430765,10.8342,11.1918,51.78,53.72,0.0,0.004319601168617737,34.4281,35.3836,519.76,532.79,-4.83865710797485,-3.002248259316774,14.772185166231537,-0.01125097929021424
2022-03-31,TRG,PK0079201015,TRG Pakistan Ltd.,77.85,3.58,543214363,42289238159.55,543214363,42289238159.55,5616476.0,-0.518463536834292,16.0,0.038647191297127154,11525528.682539683,5.47,1,1.8899999999999997,2022-09-30,13.5963,461.5,-5.954794347058339,10.1371,7.56,0.04264022129362566,10.8539,41.87,0.16369127701555186,34.5873,510.93,-5.748462848749162,13.4763,13.7543,457.98,467.52,-4.838953612190153,-3.007010478253335,10.1176,10.4375,10.0,11.55,0.0002965042153029174,0.0004426177679430765,10.8342,11.1918,51.78,53.72,0.0,0.004319601168617737,34.4281,35.3836,519.76,532.79,-4.83865710797485,-3.002248259316774,14.772185166231537,-0.01125097929021424
2022-03-31,UBL,PK0081901016,United Bank Limited,136.39,5.66,489671875,66786347031.25,489671875,66786347031.25,2923383.0,0.1503879892037785,6.0,0.01083378964764472,982111.5238095238,5.48,1,-0.17999999999999972,2022-09-30,13.5963,461.5,-5.954794347058339,10.1371,7.56,0.04264022129362566,10.8539,41.87,0.16369127701555186,34.5873,510.93,-5.748462848749162,13.4763,13.7543,457.98,467.52,-4.838953612190153,-3.007010478253335,10.1176,10.4375,10.0,11.55,0.0002965042153029174,0.0004426177679430765,10.8342,11.1918,51.78,53.72,0.0,0.004319601168617737,34.4281,35.3836,519.76,532.79,-4.83865710797485,-3.002248259316774,14.772185166231537,-0.01125097929021424
2022-03-31,UNITY,PK0068801015,Unity Foods Limited.,26.23,1.06,477620000,12527972600.0,477620000,12527972600.0,3849402.0,-0.15983344010249834,24.0,0.030731527989467412,5961051.761904762,1.05,1,-0.010000000000000009,2022-09-30,13.5963,461.5,-5.954794347058339,10.1371,7.56,0.04264022129362566,10.8539,41.87,0.16369127701555186,34.5873,510.93,-5.748462848749162,13.4763,13.7543,457.98,467.52,-4.838953612190153,-3.007010478253335,10.1176,10.4375,10.0,11.55,0.0002965042153029174,0.0004426177679430765,10.8342,11.1918,51.78,53.72,0.0,0.004319601168617737,34.4281,35.3836,519.76,532.79,-4.83865710797485,-3.002248259316774,14.772185166231537,-0.01125097929021424
2022-09-30,ATRL,PK0024501014,Attock Refinery Limited,147.22,0.61,42646500,6278417730.0,42646500,6278417730.0,1949643.0,0.14407833385141422,26.0,0.026392927316715435,1750250.8412698412,0.72,1,0.10999999999999999,2023-03-31,12.4163,423.12,-1.1686793031876164,9.595,4.23,0.053495816997498835,9.982,37.82,0.48473752917441004,31.993299999999998,465.17,-0.6304459570157075,12.79,12.1417,437.46,413.47,-1.5549160042997983,0.013621037547011383,9.7309,9.3169,5.22,5.97,0.05204651588682374,0.00038443788569964,10.3086,9.7771,39.02,36.76,0.3235775580097737,0.0,32.829499999999996,31.2357,481.7,456.20000000000005,-1.1792919304032008,0.014005475432711023,14.539606730159129,-0.0013553022701715662
2022-09-30,AVN,PK0107501014,Avanceon Limited.,74.44,0.71,97410189,7251214469.16,97410189,7251214469.16,1514055.0,-0.1589650886905435,24.0,0.0225948904892453,2351565.507936508,0.62,1,-0.08999999999999997,2023-03-31,12.4163,423.12,-1.1686793031876164,9.595,4.23,0.053495816997498835,9.982,37.82,0.48473752917441004,31.993299999999998,465.17,-0.6304459570157075,12.79,12.1417,437.46,413.47,-1.5549160042997983,0.013621037547011383,9.7309,9.3169,5.22,5.97,0.05204651588682374,0.00038443788569964,10.3086,9.7771,39.02,36.76,0.3235775580097737,0.0,32.829499999999996,31.2357,481.7,456.20000000000005,-1.1792919304032008,0.014005475432711023,14.539606730159129,-0.0013553022701715662
2022-09-30,BAHL,PK0051601018,Bank Al-Habib Ltd.,54.0,3.8,722426520,39011032080.0,722426520,39011032080.0,215130.0,-0.205181042095967,15.0,0.014876563891801593,323871.95238095237,3.06,1,-0.7399999999999998,2023-03-31,12.4163,423.12,-1.1686793031876164,9.595,4.23,0.053495816997498835,9.982,37.82,0.48473752917441004,31.993299999999998,465.17,-0.6304459570157075,12.79,12.1417,437.46,413.47,-1.5549160042997983,0.013621037547011383,9.7309,9.3169,5.22,5.97,0.05204651588682374,0.00038443788569964,10.3086,9.7771,39.02,36.76,0.3235775580097737,0.0,32.829499999999996,31.2357,481.7,456.20000000000005,-1.1792919304032008,0.014005475432711023,14.539606730159129,-0.0013553022701715662
2022-09-30,CNERGY,PK0078401012,Cnergyico PK Limited.,5.07,0.75,1598965412,8106754638.84,1598965412,8106754638.84,10972669.0,-0.026871401151631447,23.0,0.026410038945767773,12738106.206349207,0.0,0,-0.75,2023-03-31,12.4163,423.12,-1.1686793031876164,9.595,4.23,0.053495816997498835,9.982,37.82,0.48473752917441004,31.993299999999998,465.17,-0.6304459570157075,12.79,12.1417,437.46,413.47,-1.5549160042997983,0.013621037547011383,9.7309,9.3169,5.22,5.97,0.05204651588682374,0.00038443788569964,10.3086,9.7771,39.02,36.76,0.3235775580097737,0.0,32.829499999999996,31.2357,481.7,456.20000000000005,-1.1792919304032008,0.014005475432711023,14.539606730159129,-0.0013553022701715662
2022-09-30,DGKC,PK0052401012,D. G. Khan Cement Co. Ltd.,60.62,1.29,219059559,13279390466.58,219059559,13279390466.58,1837322.0,-0.20289283366206445,21.0,0.022661402702360122,2286702.380952381,0.96,1,-0.33000000000000007,2023-03-31,12.4163,423.12,-1.1686793031876164,9.595,4.23,0.053495816997498835,9.982,37.82,0.48473752917441004,31.993299999999998,465.17,-0.6304459570157075,12.79,12.1417,437.46,413.47,-1.5549160042997983,0.013621037547011383,9.7309,9.3169,5.22,5.97,0.05204651588682374,0.00038443788569964,10.3086,9.7771,39.02,36.76,0.3235775580097737,0.0,32.829499999999996,31.2357,481.7,456.20000000000005,-1.1792919304032008,0.014005475432711023,14.539606730159129,-0.0013553022701715662
2022-09-30,EFERT,PK0099701010,Engro Fertilizers Limited,78.02,4.56,600884719,46881025776.38,600884719,46881025776.38,956007.0,-0.14983109948785012,11.0,0.014757063335971732,1622549.1746031747,5.09,1,0.5300000000000002,2023-03-31,12.4163,423.12,-1.1686793031876164,9.595,4.23,0.053495816997498835,9.982,37.82,0.48473752917441004,31.993299999999998,465.17,-0.6304459570157075,12.79,12.1417,437.46,413.47,-1.5549160042997983,0.013621037547011383,9.7309,9.3169,5.22,5.97,0.05204651588682374,0.00038443788569964,10.3086,9.7771,39.02,36.76,0.3235775580097737,0.0,32.829499999999996,31.2357,481.7,456.20000000000005,-1.1792919304032008,0.014005475432711023,14.539606730159129,-0.0013553022701715662
2022-09-30,ENGRO,PK0012101017,Engro Corporation Limited.,231.52,7.14,316889777,73366321171.04,316889777,73366321171.04,251664.0,-0.1348281016442452,1.0,0.012261224244174133,320814.38095238095,8.75,1,1.6100000000000003,2023-03-31,12.4163,423.12,-1.1686793031876164,9.595,4.23,0.053495816997498835,9.982,37.82,0.48473752917441004,31.993299999999998,465.17,-0.6304459570157075,12.79,12.1417,437.46,413.47,-1.5549160042997983,0.013621037547011383,9.7309,9.3169,5.22,5.97,0.05204651588682374,0.00038443788569964,10.3086,9.7771,39.02,36.76,0.3235775580097737,0.0,32.829499999999996,31.2357,481.7,456.20000000000005,-1.1792919304032008,0.014005475432711023,14.539606730159129,-0.0013553022701715662
2022-09-30,EPCL,PK0092201018,Engro Polymer & Chemicals Ltd.,54.83,1.7,318123167,17442693246.61,318123167,17442693246.61,1195769.0,-0.1749924766777008,18.0,0.023362757290532225,2415399.285714286,1.48,1,-0.21999999999999997,2023-03-31,12.4163,423.12,-1.1686793031876164,9.595,4.23,0.053495816997498835,9.982,37.82,0.48473752917441004,31.993299999999998,465.17,-0.6304459570157075,12.79,12.1417,437.46,413.47,-1.5549160042997983,0.013621037547011383,9.7309,9.3169,5.22,5.97,0.05204651588682374,0.00038443788569964,10.3086,9.7771,39.02,36.76,0.3235775580097737,0.0,32.829499999999996,31.2357,481.7,456.20000000000005,-1.1792919304032008,0.014005475432711023,14.539606730159129,-0.0013553022701715662
2022-09-30,FFC,PK0053401011,Fauji Fertilizer Company Limited,101.31,6.9,699731036,70889751257.16,699731036,70889751257.16,191352.0,-0.10912768202602885,2.0,0.008802674897176326,547328.6507936508,6.98,1,0.08000000000000007,2023-03-31,12.4163,423.12,-1.1686793031876164,9.595,4.23,0.053495816997498835,9.982,37.82,0.48473752917441004,31.993299999999998,465.17,-0.6304459570157075,12.79,12.1417,437.46,413.47,-1.5549160042997983,0.013621037547011383,9.7309,9.3169,5.22,5.97,0.05204651588682374,0.00038443788569964,10.3086,9.7771,39.02,36.76,0.3235775580097737,0.0,32.829499999999996,31.2357,481.7,456.20000000000005,-1.1792919304032008,0.014005475432711023,14.539606730159129,-0.0013553022701715662
2022-09-30,GGL,PK0099101013,Ghani Global Holdings Limited.,16.41,0.26,160963450,2641410214.5,160963450,2641410214.5,2360360.0,-0.05089647194910352,30.0,0.01999133338639412,3757143.9682539683,0.2,1,-0.06,2023-03-31,12.4163,423.12,-1.1686793031876164,9.595,4.23,0.053495816997498835,9.982,37.82,0.48473752917441004,31.993299999999998,465.17,-0.6304459570157075,12.79,12.1417,437.46,413.47,-1.5549160042997983,0.013621037547011383,9.7309,9.3169,5.22,5.97,0.05204651588682374,0.00038443788569964,10.3086,9.7771,39.02,36.76,0.3235775580097737,0.0,32.829499999999996,31.2357,481.7,456.20000000000005,-1.1792919304032008,0.014005475432711023,14.539606730159129,-0.0013553022701715662
2022-09-30,HBL,PK0085101019,Habib Bank Limited,69.71,4.98,733426254,51127144166.34,733426254,51127144166.34,697317.0,-0.382605615091666,7.0,0.020679456717829676,797623.8095238095,5.36,1,0.3799999999999999,2023-03-31,12.4163,423.12,-1.1686793031876164,9.595,4.23,0.053495816997498835,9.982,37.82,0.48473752917441004,31.993299999999998,465.17,-0.6304459570157075,12.79,12.1417,437.46,413.47,-1.5549160042997983,0.013621037547011383,9.7309,9.3169,5.22,5.97,0.05204651588682374,0.00038443788569964,10.3086,9.7771,39.02,36.76,0.3235775580097737,0.0,32.829499999999996,31.2357,481.7,456.20000000000005,-1.1792919304032008,0.014005475432711023,14.539606730159129,-0.0013553022701715662
2022-09-30,HUBC,PK0065001015,The Hub Power Company Limited,69.91,6.62,972865790,68013047378.9,972865790,68013047378.9,3418162.0,-0.02333053925677564,3.0,0.016945929348817532,1825043.857142857,6.56,1,-0.0600000000000005,2023-03-31,12.4163,423.12,-1.1686793031876164,9.595,4.23,0.053495816997498835,9.982,37.82,0.48473752917441004,31.993299999999998,465.17,-0.6304459570157075,12.79,12.1417,437.46,413.47,-1.5549160042997983,0.013621037547011383,9.7309,9.3169,5.22,5.97,0.05204651588682374,0.00038443788569964,10.3086,9.7771,39.02,36.76,0.3235775580097737,0.0,32.829499999999996,31.2357,481.7,456.20000000000005,-1.1792919304032008,0.014005475432711023,14.539606730159129,-0.0013553022701715662
2022-09-30,KAPCO,PK0083101011,Kot Addu Power Company.,29.54,1.31,456101121,13473227114.34,456101121,13473227114.34,4417865.0,-0.05562659846547324,20.0,0.015281445585497168,2451722.111111111,1.1,1,-0.20999999999999996,2023-03-31,12.4163,423.12,-1.1686793031876164,9.595,4.23,0.053495816997498835,9.982,37.82,0.48473752917441004,31.993299999999998,465.17,-0.6304459570157075,12.79,12.1417,437.46,413.47,-1.5549160042997983,0.013621037547011383,9.7309,9.3169,5.22,5.97,0.05204651588682374,0.00038443788569964,10.3086,9.7771,39.02,36.76,0.3235775580097737,0.0,32.829499999999996,31.2357,481.7,456.20000000000005,-1.1792919304032008,0.014005475432711023,14.539606730159129,-0.0013553022701715662
2022-09-30,LUCK,PK0071501016,Lucky Cement Limited.,496.56,5.47,113181250,56201281500.0,113181250,56201281500.0,835599.0,-0.21967470731515681,6.0,0.018301218553184274,735176.0317460317,4.54,1,-0.9299999999999997,2023-03-31,12.4163,423.12,-1.1686793031876164,9.595,4.23,0.053495816997498835,9.982,37.82,0.48473752917441004,31.993299999999998,465.17,-0.6304459570157075,12.79,12.1417,437.46,413.47,-1.5549160042997983,0.013621037547011383,9.7309,9.3169,5.22,5.97,0.05204651588682374,0.00038443788569964,10.3086,9.7771,39.02,36.76,0.3235775580097737,0.0,32.829499999999996,31.2357,481.7,456.20000000000005,-1.1792919304032008,0.014005475432711023,14.539606730159129,-0.0013553022701715662
2022-09-30,MARI,PK0066301018,Mari Petroleum Company Ltd.,1564.81,4.06,26680500,41749913205.0,26680500,41749913205.0,68747.0,-0.1156867399068674,13.0,0.008386123150132407,27139.349206349205,4.03,1,-0.02999999999999936,2023-03-31,12.4163,423.12,-1.1686793031876164,9.595,4.23,0.053495816997498835,9.982,37.82,0.48473752917441004,31.993299999999998,465.17,-0.6304459570157075,12.79,12.1417,437.46,413.47,-1.5549160042997983,0.013621037547011383,9.7309,9.3169,5.22,5.97,0.05204651588682374,0.00038443788569964,10.3086,9.7771,39.02,36.76,0.3235775580097737,0.0,32.829499999999996,31.2357,481.7,456.20000000000005,-1.1792919304032008,0.014005475432711023,14.539606730159129,-0.0013553022701715662
2022-09-30,MCB,PK0055601014,MCB Bank Limited,119.51,4.83,414771002,49569282449.02,414771002,49569282449.02,236449.0,-0.17952766717012214,8.0,0.01405452289819991,463858.90476190473,4.76,1,-0.07000000000000028,2023-03-31,12.4163,423.12,-1.1686793031876164,9.595,4.23,0.053495816997498835,9.982,37.82,0.48473752917441004,31.993299999999998,465.17,-0.6304459570157075,12.79,12.1417,437.46,413.47,-1.5549160042997983,0.013621037547011383,9.7309,9.3169,5.22,5.97,0.05204651588682374,0.00038443788569964,10.3086,9.7771,39.02,36.76,0.3235775580097737,0.0,32.829499999999996,31.2357,481.7,456.20000000000005,-1.1792919304032008,0.014005475432711023,14.539606730159129,-0.0013553022701715662
2022-09-30,MEBL,PK0077401013,Meezan Bank Limited,109.75,4.78,447406080,49102817280.0,447406080,49102817280.0,1199334.0,-0.16195784972510696,9.0,0.01896148845208455,1027627.5238095238,4.25,1,-0.5300000000000002,2023-03-31,12.4163,423.12,-1.1686793031876164,9.595,4.23,0.053495816997498835,9.982,37.82,0.48473752917441004,31.993299999999998,465.17,-0.6304459570157075,12.79,12.1417,437.46,413.47,-1.5549160042997983,0.013621037547011383,9.7309,9.3169,5.22,5.97,0.05204651588682374,0.00038443788569964,10.3086,9.7771,39.02,36.76,0.3235775580097737,0.0,32.829499999999996,31.2357,481.7,456.20000000000005,-1.1792919304032008,0.014005475432711023,14.539606730159129,-0.0013553022701715662
2022-09-30,MLCF,PK0066201010,Maple Leaf Cement Factory Ltd.,27.86,1.31,483005804,13456541699.44,483005804,13456541699.44,1483634.0,-0.22718446601941744,20.0,0.026130214342321628,3366670.619047619,1.18,1,-0.13000000000000012,2023-03-31,12.4163,423.12,-1.1686793031876164,9.595,4.23,0.053495816997498835,9.982,37.82,0.48473752917441004,31.993299999999998,465.17,-0.6304459570157075,12.79,12.1417,437.46,413.47,-1.5549160042997983,0.013621037547011383,9.7309,9.3169,5.22,5.97,0.05204651588682374,0.00038443788569964,10.3086,9.7771,39.02,36.76,0.3235775580097737,0.0,32.829499999999996,31.2357,481.7,456.20000000000005,-1.1792919304032008,0.014005475432711023,14.539606730159129,-0.0013553022701715662
2022-09-30,MTL,PK0009801017,Millat Tractors Limited,824.04,3.5,43590507,35920321388.28,43590507,35920321388.28,30221.0,-0.04949535728704091,16.0,0.01178532525331618,31106.809523809523,3.1,1,-0.3999999999999999,2023-03-31,12.4163,423.12,-1.1686793031876164,9.595,4.23,0.053495816997498835,9.982,37.82,0.48473752917441004,31.993299999999998,465.17,-0.6304459570157075,12.79,12.1417,437.46,413.47,-1.5549160042997983,0.013621037547011383,9.7309,9.3169,5.22,5.97,0.05204651588682374,0.00038443788569964,10.3086,9.7771,39.02,36.76,0.3235775580097737,0.0,32.829499999999996,31.2357,481.7,456.20000000000005,-1.1792919304032008,0.014005475432711023,14.539606730159129,-0.0013553022701715662
2022-09-30,NETSOL,PK0084201018,NetSol Technologies Limited,101.37,0.3,31442923,3187369104.51,31442923,3187369104.51,1044987.0,0.18119319505942677,29.0,0.028160969798786607,1354365.380952381,0.2,1,-0.09999999999999998,2023-03-31,12.4163,423.12,-1.1686793031876164,9.595,4.23,0.053495816997498835,9.982,37.82,0.48473752917441004,31.993299999999998,465.17,-0.6304459570157075,12.79,12.1417,437.46,413.47,-1.5549160042997983,0.013621037547011383,9.7309,9.3169,5.22,5.97,0.05204651588682374,0.00038443788569964,10.3086,9.7771,39.02,36.76,0.3235775580097737,0.0,32.829499999999996,31.2357,481.7,456.20000000000005,-1.1792919304032008,0.014005475432711023,14.539606730159129,-0.0013553022701715662
2022-09-30,NRL,PK0008201011,National Refinary Ltd.,243.46,0.62,26193200,6376996472.0,26193200,6376996472.0,1670057.0,0.17431989195446662,25.0,0.024193715300168058,879164.0317460317,0.39,1,-0.22999999999999998,2023-03-31,12.4163,423.12,-1.1686793031876164,9.595,4.23,0.053495816997498835,9.982,37.82,0.48473752917441004,31.993299999999998,465.17,-0.6304459570157075,12.79,12.1417,437.46,413.47,-1.5549160042997983,0.013621037547011383,9.7309,9.3169,5.22,5.97,0.05204651588682374,0.00038443788569964,10.3086,9.7771,39.02,36.76,0.3235775580097737,0.0,32.829499999999996,31.2357,481.7,456.20000000000005,-1.1792919304032008,0.014005475432711023,14.539606730159129,-0.0013553022701715662
2022-09-30,OGDC,PK0080201012,Oil & Gas Development Company Limited,75.72,4.76,645139260,48849944767.2,645139260,48849944767.2,1463812.0,-0.08913749548899308,10.0,0.01619238124290159,2353479.6507936507,5.37,1,0.6100000000000003,2023-03-31,12.4163,423.12,-1.1686793031876164,9.595,4.23,0.053495816997498835,9.982,37.82,0.48473752917441004,31.993299999999998,465.17,-0.6304459570157075,12.79,12.1417,437.46,413.47,-1.5549160042997983,0.013621037547011383,9.7309,9.3169,5.22,5.97,0.05204651588682374,0.00038443788569964,10.3086,9.7771,39.02,36.76,0.3235775580097737,0.0,32.829499999999996,31.2357,481.7,456.20000000000005,-1.1792919304032008,0.014005475432711023,14.539606730159129,-0.0013553022701715662
2022-09-30,POL,PK0023901017,Pakistan Oilfields Limited,349.12,4.41,129827214,45325276951.68,129827214,45325276951.68,311138.0,-0.06321777396157557,12.0,0.01776953440167504,198317.55555555556,5.17,1,0.7599999999999998,2023-03-31,12.4163,423.12,-1.1686793031876164,9.595,4.23,0.053495816997498835,9.982,37.82,0.48473752917441004,31.993299999999998,465.17,-0.6304459570157075,12.79,12.1417,437.46,413.47,-1.5549160042997983,0.013621037547011383,9.7309,9.3169,5.22,5.97,0.05204651588682374,0.00038443788569964,10.3086,9.7771,39.02,36.76,0.3235775580097737,0.0,32.829499999999996,31.2357,481.7,456.20000000000005,-1.1792919304032008,0.014005475432711023,14.539606730159129,-0.0013553022701715662
2022-09-30,PPL,PK0081801018,Pakistan Petroleum Limited.,61.45,3.99,667393724,41011344339.8,667393724,41011344339.8,2274123.0,-0.1559065934065933,14.0,0.018726019423774616,1648411.888888889,4.26,1,0.2699999999999996,2023-03-31,12.4163,423.12,-1.1686793031876164,9.595,4.23,0.053495816997498835,9.982,37.82,0.48473752917441004,31.993299999999998,465.17,-0.6304459570157075,12.79,12.1417,437.46,413.47,-1.5549160042997983,0.013621037547011383,9.7309,9.3169,5.22,5.97,0.05204651588682374,0.00038443788569964,10.3086,9.7771,39.02,36.76,0.3235775580097737,0.0,32.829499999999996,31.2357,481.7,456.20000000000005,-1.1792919304032008,0.014005475432711023,14.539606730159129,-0.0013553022701715662
2022-09-30,PSO,PK0022501016,Pakistan State Oil Co Ltd.,162.43,3.34,211262985,34315446653.55,211262985,34315446653.55,471381.0,-0.025439491210175635,17.0,0.015815231839974866,1082618.1587301588,2.49,1,-0.8499999999999996,2023-03-31,12.4163,423.12,-1.1686793031876164,9.595,4.23,0.053495816997498835,9.982,37.82,0.48473752917441004,31.993299999999998,465.17,-0.6304459570157075,12.79,12.1417,437.46,413.47,-1.5549160042997983,0.013621037547011383,9.7309,9.3169,5.22,5.97,0.05204651588682374,0.00038443788569964,10.3086,9.7771,39.02,36.76,0.3235775580097737,0.0,32.829499999999996,31.2357,481.7,456.20000000000005,-1.1792919304032008,0.014005475432711023,14.539606730159129,-0.0013553022701715662
2022-09-30,SEARL,PK0061701014,The Searle Company Ltd.,104.69,1.37,140423707,14700957885.83,140423707,14700957885.83,233352.0,-0.15565771433180098,19.0,0.015645451268167788,481579.09523809527,0.0,0,-1.37,2023-03-31,12.4163,423.12,-1.1686793031876164,9.595,4.23,0.053495816997498835,9.982,37.82,0.48473752917441004,31.993299999999998,465.17,-0.6304459570157075,12.79,12.1417,437.46,413.47,-1.5549160042997983,0.013621037547011383,9.7309,9.3169,5.22,5.97,0.05204651588682374,0.00038443788569964,10.3086,9.7771,39.02,36.76,0.3235775580097737,0.0,32.829499999999996,31.2357,481.7,456.20000000000005,-1.1792919304032008,0.014005475432711023,14.539606730159129,-0.0013553022701715662
2022-09-30,SYS,PK0109001013,Systems Limited,377.48,6.14,167019120,63046377417.6,167019120,63046377417.6,135527.0,-0.0036688046031619903,4.0,0.015545384980332505,375254.65079365077,8.7,1,2.5599999999999996,2023-03-31,12.4163,423.12,-1.1686793031876164,9.595,4.23,0.053495816997498835,9.982,37.82,0.48473752917441004,31.993299999999998,465.17,-0.6304459570157075,12.79,12.1417,437.46,413.47,-1.5549160042997983,0.013621037547011383,9.7309,9.3169,5.22,5.97,0.05204651588682374,0.00038443788569964,10.3086,9.7771,39.02,36.76,0.3235775580097737,0.0,32.829499999999996,31.2357,481.7,456.20000000000005,-1.1792919304032008,0.014005475432711023,14.539606730159129,-0.0013553022701715662
2022-09-30,TELE,PK0073201011,Telecard Ltd.,10.38,0.31,302786125,3142919977.5,302786125,3142919977.5,5002000.0,,28.0,,,0.25,1,-0.06,2023-03-31,12.4163,423.12,-1.1686793031876164,9.595,4.23,0.053495816997498835,9.982,37.82,0.48473752917441004,31.993299999999998,465.17,-0.6304459570157075,12.79,12.1417,437.46,413.47,-1.5549160042997983,0.013621037547011383,9.7309,9.3169,5.22,5.97,0.05204651588682374,0.00038443788569964,10.3086,9.7771,39.02,36.76,0.3235775580097737,0.0,32.829499999999996,31.2357,481.7,456.20000000000005,-1.1792919304032008,0.014005475432711023,14.539606730159129,-0.0013553022701715662
2022-09-30,TPLP,PK0110601017,TPL Properties Limited,20.84,0.41,204293298,4257472330.32,204293298,4257472330.32,18616547.0,,27.0,,,0.32,1,-0.08999999999999997,2023-03-31,12.4163,423.12,-1.1686793031876164,9.595,4.23,0.053495816997498835,9.982,37.82,0.48473752917441004,31.993299999999998,465.17,-0.6304459570157075,12.79,12.1417,437.46,413.47,-1.5549160042997983,0.013621037547011383,9.7309,9.3169,5.22,5.97,0.05204651588682374,0.00038443788569964,10.3086,9.7771,39.02,36.76,0.3235775580097737,0.0,32.829499999999996,31.2357,481.7,456.20000000000005,-1.1792919304032008,0.014005475432711023,14.539606730159129,-0.0013553022701715662
2022-09-30,TREET,PK0022801010,Treet Corporation Ltd.,22.69,0.2,89360561,2027591129.09,89360561,2027591129.09,810500.0,,31.0,,,0.13,1,-0.07,2023-03-31,12.4163,423.12,-1.1686793031876164,9.595,4.23,0.053495816997498835,9.982,37.82,0.48473752917441004,31.993299999999998,465.17,-0.6304459570157075,12.79,12.1417,437.46,413.47,-1.5549160042997983,0.013621037547011383,9.7309,9.3169,5.22,5.97,0.05204651588682374,0.00038443788569964,10.3086,9.7771,39.02,36.76,0.3235775580097737,0.0,32.829499999999996,31.2357,481.7,456.20000000000005,-1.1792919304032008,0.014005475432711023,14.539606730159129,-0.0013553022701715662
2022-09-30,TRG,PK0079201015,TRG Pakistan Ltd.,128.86,5.47,436312532,56223232873.52,436312532,56223232873.52,30117142.0,0.655234425176622,6.0,0.026809176741296264,7692853.047619048,4.04,1,-1.4299999999999997,2023-03-31,12.4163,423.12,-1.1686793031876164,9.595,4.23,0.053495816997498835,9.982,37.82,0.48473752917441004,31.993299999999998,465.17,-0.6304459570157075,12.79,12.1417,437.46,413.47,-1.5549160042997983,0.013621037547011383,9.7309,9.3169,5.22,5.97,0.05204651588682374,0.00038443788569964,10.3086,9.7771,39.02,36.76,0.3235775580097737,0.0,32.829499999999996,31.2357,481.7,456.20000000000005,-1.1792919304032008,0.014005475432711023,14.539606730159129,-0.0013553022701715662
2022-09-30,UBL,PK0081901016,United Bank Limited,114.89,5.48,489671875,56258401718.75,489671875,56258401718.75,109718.0,-0.15763619033653486,5.0,0.0153892920320626,671626.9206349206,5.21,1,-0.27000000000000046,2023-03-31,12.4163,423.12,-1.1686793031876164,9.595,4.23,0.053495816997498835,9.982,37.82,0.48473752917441004,31.993299999999998,465.17,-0.6304459570157075,12.79,12.1417,437.46,413.47,-1.5549160042997983,0.013621037547011383,9.7309,9.3169,5.22,5.97,0.05204651588682374,0.00038443788569964,10.3086,9.7771,39.02,36.76,0.3235775580097737,0.0,32.829499999999996,31.2357,481.7,456.20000000000005,-1.1792919304032008,0.014005475432711023,14.539606730159129,-0.0013553022701715662
2022-09-30,UNITY,PK0068801015,Unity Foods Limited.,22.56,1.05,477620000,10775107200.0,477620000,10775107200.0,1999274.0,-0.13991612657262686,22.0,0.024122431831589075,7320558.682539683,0.63,1,-0.42000000000000004,2023-03-31,12.4163,423.12,-1.1686793031876164,9.595,4.23,0.053495816997498835,9.982,37.82,0.48473752917441004,31.993299999999998,465.17,-0.6304459570157075,12.79,12.1417,437.46,413.47,-1.5549160042997983,0.013621037547011383,9.7309,9.3169,5.22,5.97,0.05204651588682374,0.00038443788569964,10.3086,9.7771,39.02,36.76,0.3235775580097737,0.0,32.829499999999996,31.2357,481.7,456.20000000000005,-1.1792919304032008,0.014005475432711023,14.539606730159129,-0.0013553022701715662
2023-03-31,ATRL,PK0024501014,Attock Refinery Limited,170.25,0.72,42646500,7260566625.0,42646500,7260566625.0,253993.0,0.15643254992528188,24.0,0.02422886648718068,1199951.6825396826,0.986058837476688,1,0.266058837476688,2023-09-30,12.0315,411.93,-1.5637255965292525,9.7114,6.34,0.00437101902635284,10.651,40.14,0.030502950530532758,32.3939,458.40999999999997,-1.5288516269723669,12.1909,12.2535,424.37,418.13,2.8319456847663105,-8.370953550320507,9.7729,9.6122,6.34,3.06,0.0034364197909635408,0.04535052476221724,10.7913,10.4194,40.05,39.88,-0.07324677856585282,0.6424483474976412,32.7551,32.2851,470.76,461.07,2.762135325991421,-7.6831546780606494,14.15112104439416,-0.003335118402679625
2023-03-31,AVN,PK0107501014,Avanceon Limited.,64.02,0.62,97410189,6236200299.78,97410189,6236200299.78,328265.0,-0.13997850617947338,26.0,0.02035081204164897,1259481.1587301588,0.4816559698273347,1,-0.13834403017266528,2023-09-30,12.0315,411.93,-1.5637255965292525,9.7114,6.34,0.00437101902635284,10.651,40.14,0.030502950530532758,32.3939,458.40999999999997,-1.5288516269723669,12.1909,12.2535,424.37,418.13,2.8319456847663105,-8.370953550320507,9.7729,9.6122,6.34,3.06,0.0034364197909635408,0.04535052476221724,10.7913,10.4194,40.05,39.88,-0.07324677856585282,0.6424483474976412,32.7551,32.2851,470.76,461.07,2.762135325991421,-7.6831546780606494,14.15112104439416,-0.003335118402679625
2023-03-31,BAHL,PK0051601018,Bank Al-Habib Ltd.,42.5,3.06,722426520,30703127100.0,722426520,30703127100.0,2739400.0,-0.2129629629629629,17.0,0.022310473362931144,528764.5873015873,2.95501046295539,1,-0.10498953704460989,2023-09-30,12.0315,411.93,-1.5637255965292525,9.7114,6.34,0.00437101902635284,10.651,40.14,0.030502950530532758,32.3939,458.40999999999997,-1.5288516269723669,12.1909,12.2535,424.37,418.13,2.8319456847663105,-8.370953550320507,9.7729,9.6122,6.34,3.06,0.0034364197909635408,0.04535052476221724,10.7913,10.4194,40.05,39.88,-0.07324677856585282,0.6424483474976412,32.7551,32.2851,470.76,461.07,2.762135325991421,-7.6831546780606494,14.15112104439416,-0.003335118402679625
2023-03-31,DGKC,PK0052401012,D. G. Khan Cement Co. Ltd.,43.91,0.96,219059559,9618905235.69,219059559,9618905235.69,3000878.0,-0.27565160013196965,23.0,0.023046754640205,2528504.4603174604,0.8640033447957438,1,-0.09599665520425615,2023-09-30,12.0315,411.93,-1.5637255965292525,9.7114,6.34,0.00437101902635284,10.651,40.14,0.030502950530532758,32.3939,458.40999999999997,-1.5288516269723669,12.1909,12.2535,424.37,418.13,2.8319456847663105,-8.370953550320507,9.7729,9.6122,6.34,3.06,0.0034364197909635408,0.04535052476221724,10.7913,10.4194,40.05,39.88,-0.07324677856585282,0.6424483474976412,32.7551,32.2851,470.76,461.07,2.762135325991421,-7.6831546780606494,14.15112104439416,-0.003335118402679625
2023-03-31,EFERT,PK0099701010,Engro Fertilizers Limited,84.82,5.09,600884719,50967041865.58,600884719,50967041865.58,734764.0,0.08715713919507806,9.0,0.01683337034142915,1140848.3015873015,4.143914199708582,1,-0.9460858002914181,2023-09-30,12.0315,411.93,-1.5637255965292525,9.7114,6.34,0.00437101902635284,10.651,40.14,0.030502950530532758,32.3939,458.40999999999997,-1.5288516269723669,12.1909,12.2535,424.37,418.13,2.8319456847663105,-8.370953550320507,9.7729,9.6122,6.34,3.06,0.0034364197909635408,0.04535052476221724,10.7913,10.4194,40.05,39.88,-0.07324677856585282,0.6424483474976412,32.7551,32.2851,470.76,461.07,2.762135325991421,-7.6831546780606494,14.15112104439416,-0.003335118402679625
2023-03-31,ENGRO,PK0012101017,Engro Corporation Limited.,276.78,8.75,316889777,87708752478.06,316889777,87708752478.06,2024645.0,0.19549067035245327,1.0,0.01567767587689174,1439186.253968254,5.852885064595757,1,-2.897114935404243,2023-09-30,12.0315,411.93,-1.5637255965292525,9.7114,6.34,0.00437101902635284,10.651,40.14,0.030502950530532758,32.3939,458.40999999999997,-1.5288516269723669,12.1909,12.2535,424.37,418.13,2.8319456847663105,-8.370953550320507,9.7729,9.6122,6.34,3.06,0.0034364197909635408,0.04535052476221724,10.7913,10.4194,40.05,39.88,-0.07324677856585282,0.6424483474976412,32.7551,32.2851,470.76,461.07,2.762135325991421,-7.6831546780606494,14.15112104439416,-0.003335118402679625
2023-03-31,EPCL,PK0092201018,Engro Polymer & Chemicals Ltd.,46.78,1.48,318123167,14881801752.26,318123167,14881801752.26,281174.0,-0.14681743571037753,19.0,0.016372837098114112,1169363.365079365,0.8113975648453029,1,-0.6686024351546971,2023-09-30,12.0315,411.93,-1.5637255965292525,9.7114,6.34,0.00437101902635284,10.651,40.14,0.030502950530532758,32.3939,458.40999999999997,-1.5288516269723669,12.1909,12.2535,424.37,418.13,2.8319456847663105,-8.370953550320507,9.7729,9.6122,6.34,3.06,0.0034364197909635408,0.04535052476221724,10.7913,10.4194,40.05,39.88,-0.07324677856585282,0.6424483474976412,32.7551,32.2851,470.76,461.07,2.762135325991421,-7.6831546780606494,14.15112104439416,-0.003335118402679625
2023-03-31,FFC,PK0053401011,Fauji Fertilizer Company Limited,99.97,6.98,699731036,69952111668.92,699731036,69952111668.92,405197.0,-0.013226729839107776,3.0,0.011319288577342988,573946.6984126985,5.901055028032493,1,-1.0789449719675073,2023-09-30,12.0315,411.93,-1.5637255965292525,9.7114,6.34,0.00437101902635284,10.651,40.14,0.030502950530532758,32.3939,458.40999999999997,-1.5288516269723669,12.1909,12.2535,424.37,418.13,2.8319456847663105,-8.370953550320507,9.7729,9.6122,6.34,3.06,0.0034364197909635408,0.04535052476221724,10.7913,10.4194,40.05,39.88,-0.07324677856585282,0.6424483474976412,32.7551,32.2851,470.76,461.07,2.762135325991421,-7.6831546780606494,14.15112104439416,-0.003335118402679625
2023-03-31,GGL,PK0099101013,Ghani Global Holdings Limited.,11.78,0.2,177059795,2085764385.1,177059795,2085764385.1,13078198.0,-0.2821450335161487,32.0,0.0302727558694519,2591673.8571428573,0.0,0,-0.2,2023-09-30,12.0315,411.93,-1.5637255965292525,9.7114,6.34,0.00437101902635284,10.651,40.14,0.030502950530532758,32.3939,458.40999999999997,-1.5288516269723669,12.1909,12.2535,424.37,418.13,2.8319456847663105,-8.370953550320507,9.7729,9.6122,6.34,3.06,0.0034364197909635408,0.04535052476221724,10.7913,10.4194,40.05,39.88,-0.07324677856585282,0.6424483474976412,32.7551,32.2851,470.76,461.07,2.762135325991421,-7.6831546780606494,14.15112104439416,-0.003335118402679625
2023-03-31,HBL,PK0085101019,Habib Bank Limited,73.28,5.36,733426254,53745475893.12,733426254,53745475893.12,1791061.0,0.0512121646822552,6.0,0.022688373035528626,2178086.761904762,5.422791555054384,1,0.06279155505438361,2023-09-30,12.0315,411.93,-1.5637255965292525,9.7114,6.34,0.00437101902635284,10.651,40.14,0.030502950530532758,32.3939,458.40999999999997,-1.5288516269723669,12.1909,12.2535,424.37,418.13,2.8319456847663105,-8.370953550320507,9.7729,9.6122,6.34,3.06,0.0034364197909635408,0.04535052476221724,10.7913,10.4194,40.05,39.88,-0.07324677856585282,0.6424483474976412,32.7551,32.2851,470.76,461.07,2.762135325991421,-7.6831546780606494,14.15112104439416,-0.003335118402679625
2023-03-31,HUBC,PK0065001015,The Hub Power Company Limited,67.53,6.56,972865790,65697626798.7,972865790,65697626798.7,490853.0,-0.03404377056215124,4.0,0.018186512622690335,3823954.619047619,7.80592830499765,1,1.2459283049976504,2023-09-30,12.0315,411.93,-1.5637255965292525,9.7114,6.34,0.00437101902635284,10.651,40.14,0.030502950530532758,32.3939,458.40999999999997,-1.5288516269723669,12.1909,12.2535,424.37,418.13,2.8319456847663105,-8.370953550320507,9.7729,9.6122,6.34,3.06,0.0034364197909635408,0.04535052476221724,10.7913,10.4194,40.05,39.88,-0.07324677856585282,0.6424483474976412,32.7551,32.2851,470.76,461.07,2.762135325991421,-7.6831546780606494,14.15112104439416,-0.003335118402679625
2023-03-31,KAPCO,PK0083101011,Kot Addu Power Company.,24.09,1.1,456159121,10988873224.89,456159121,10988873224.89,646678.0,-0.18449559918754233,22.0,0.01654845800023574,1080851.396825397,1.105668874767021,1,0.005668874767020826,2023-09-30,12.0315,411.93,-1.5637255965292525,9.7114,6.34,0.00437101902635284,10.651,40.14,0.030502950530532758,32.3939,458.40999999999997,-1.5288516269723669,12.1909,12.2535,424.37,418.13,2.8319456847663105,-8.370953550320507,9.7729,9.6122,6.34,3.06,0.0034364197909635408,0.04535052476221724,10.7913,10.4194,40.05,39.88,-0.07324677856585282,0.6424483474976412,32.7551,32.2851,470.76,461.07,2.762135325991421,-7.6831546780606494,14.15112104439416,-0.003335118402679625
2023-03-31,LUCK,PK0071501016,Lucky Cement Limited.,402.44,4.54,113181250,45548662250.0,113181250,45548662250.0,927557.0,-0.189544063154503,11.0,0.017265640712146542,384123.92063492065,5.622592652714843,1,1.082592652714843,2023-09-30,12.0315,411.93,-1.5637255965292525,9.7114,6.34,0.00437101902635284,10.651,40.14,0.030502950530532758,32.3939,458.40999999999997,-1.5288516269723669,12.1909,12.2535,424.37,418.13,2.8319456847663105,-8.370953550320507,9.7729,9.6122,6.34,3.06,0.0034364197909635408,0.04535052476221724,10.7913,10.4194,40.05,39.88,-0.07324677856585282,0.6424483474976412,32.7551,32.2851,470.76,461.07,2.762135325991421,-7.6831546780606494,14.15112104439416,-0.003335118402679625
2023-03-31,MARI,PK0066301018,Mari Petroleum Company Ltd.,1513.3,4.03,26680500,40375600650.0,26680500,40375600650.0,48573.0,-0.03291773442143131,15.0,0.013140305359699055,49987.42857142857,3.781027156203945,1,-0.24897284379605544,2023-09-30,12.0315,411.93,-1.5637255965292525,9.7114,6.34,0.00437101902635284,10.651,40.14,0.030502950530532758,32.3939,458.40999999999997,-1.5288516269723669,12.1909,12.2535,424.37,418.13,2.8319456847663105,-8.370953550320507,9.7729,9.6122,6.34,3.06,0.0034364197909635408,0.04535052476221724,10.7913,10.4194,40.05,39.88,-0.07324677856585282,0.6424483474976412,32.7551,32.2851,470.76,461.07,2.762135325991421,-7.6831546780606494,14.15112104439416,-0.003335118402679625
2023-03-31,MCB,PK0055601014,MCB Bank Limited,115.0,4.76,414771002,47698665230.0,414771002,47698665230.0,590527.0,-0.03773742783030709,10.0,0.011335788852578197,326903.98412698414,4.873469074173954,1,0.11346907417395435,2023-09-30,12.0315,411.93,-1.5637255965292525,9.7114,6.34,0.00437101902635284,10.651,40.14,0.030502950530532758,32.3939,458.40999999999997,-1.5288516269723669,12.1909,12.2535,424.37,418.13,2.8319456847663105,-8.370953550320507,9.7729,9.6122,6.34,3.06,0.0034364197909635408,0.04535052476221724,10.7913,10.4194,40.05,39.88,-0.07324677856585282,0.6424483474976412,32.7551,32.2851,470.76,461.07,2.762135325991421,-7.6831546780606494,14.15112104439416,-0.003335118402679625
2023-03-31,MEBL,PK0077401013,Meezan Bank Limited,95.2,4.25,447406080,42593058816.0,447406080,42593058816.0,267783.0,-0.13257403189066053,13.0,0.017512176622380242,1153000.7777777778,4.657874573618581,1,0.4078745736185807,2023-09-30,12.0315,411.93,-1.5637255965292525,9.7114,6.34,0.00437101902635284,10.651,40.14,0.030502950530532758,32.3939,458.40999999999997,-1.5288516269723669,12.1909,12.2535,424.37,418.13,2.8319456847663105,-8.370953550320507,9.7729,9.6122,6.34,3.06,0.0034364197909635408,0.04535052476221724,10.7913,10.4194,40.05,39.88,-0.07324677856585282,0.6424483474976412,32.7551,32.2851,470.76,461.07,2.762135325991421,-7.6831546780606494,14.15112104439416,-0.003335118402679625
2023-03-31,MLCF,PK0066201010,Maple Leaf Cement Factory Ltd.,25.67,1.18,483005804,12398758988.68,483005804,12398758988.68,1726276.0,-0.07860732232591516,20.0,0.027681097679676733,5129410.571428572,1.313613312520895,1,0.13361331252089514,2023-09-30,12.0315,411.93,-1.5637255965292525,9.7114,6.34,0.00437101902635284,10.651,40.14,0.030502950530532758,32.3939,458.40999999999997,-1.5288516269723669,12.1909,12.2535,424.37,418.13,2.8319456847663105,-8.370953550320507,9.7729,9.6122,6.34,3.06,0.0034364197909635408,0.04535052476221724,10.7913,10.4194,40.05,39.88,-0.07324677856585282,0.6424483474976412,32.7551,32.2851,470.76,461.07,2.762135325991421,-7.6831546780606494,14.15112104439416,-0.003335118402679625
2023-03-31,MTL,PK0009801017,Millat Tractors Limited,539.76,3.1,57539469,31057503787.44,57539469,31057503787.44,163436.0,-0.3449832532401339,16.0,0.019627198862243612,65306.46031746032,3.277859104668701,1,0.17785910466870103,2023-09-30,12.0315,411.93,-1.5637255965292525,9.7114,6.34,0.00437101902635284,10.651,40.14,0.030502950530532758,32.3939,458.40999999999997,-1.5288516269723669,12.1909,12.2535,424.37,418.13,2.8319456847663105,-8.370953550320507,9.7729,9.6122,6.34,3.06,0.0034364197909635408,0.04535052476221724,10.7913,10.4194,40.05,39.88,-0.07324677856585282,0.6424483474976412,32.7551,32.2851,470.76,461.07,2.762135325991421,-7.6831546780606494,14.15112104439416,-0.003335118402679625
2023-03-31,NETSOL,PK0084201018,NetSol Technologies Limited,73.23,0.2,26951077,1973627368.71,26951077,1973627368.71,171502.0,-0.27759692216632137,32.0,0.037409494445380165,1184447.111111111,0.212528881529537,1,0.01252888152953699,2023-09-30,12.0315,411.93,-1.5637255965292525,9.7114,6.34,0.00437101902635284,10.651,40.14,0.030502950530532758,32.3939,458.40999999999997,-1.5288516269723669,12.1909,12.2535,424.37,418.13,2.8319456847663105,-8.370953550320507,9.7729,9.6122,6.34,3.06,0.0034364197909635408,0.04535052476221724,10.7913,10.4194,40.05,39.88,-0.07324677856585282,0.6424483474976412,32.7551,32.2851,470.76,461.07,2.762135325991421,-7.6831546780606494,14.15112104439416,-0.003335118402679625
2023-03-31,NRL,PK0008201011,National Refinary Ltd.,148.25,0.39,26212226,3885962504.5,26212226,3885962504.5,41295.0,-0.39107040170869956,28.0,0.018749327366054454,380369.6349206349,0.4839928004736361,1,0.09399280047363606,2023-09-30,12.0315,411.93,-1.5637255965292525,9.7114,6.34,0.00437101902635284,10.651,40.14,0.030502950530532758,32.3939,458.40999999999997,-1.5288516269723669,12.1909,12.2535,424.37,418.13,2.8319456847663105,-8.370953550320507,9.7729,9.6122,6.34,3.06,0.0034364197909635408,0.04535052476221724,10.7913,10.4194,40.05,39.88,-0.07324677856585282,0.6424483474976412,32.7551,32.2851,470.76,461.07,2.762135325991421,-7.6831546780606494,14.15112104439416,-0.003335118402679625
2023-03-31,OGDC,PK0080201012,Oil & Gas Development Company Limited,83.36,5.37,645139260,53778808713.6,645139260,53778808713.6,2441216.0,0.10089804543053349,5.0,0.03079107445712134,6750977.841269841,5.652806570791406,1,0.28280657079140603,2023-09-30,12.0315,411.93,-1.5637255965292525,9.7114,6.34,0.00437101902635284,10.651,40.14,0.030502950530532758,32.3939,458.40999999999997,-1.5288516269723669,12.1909,12.2535,424.37,418.13,2.8319456847663105,-8.370953550320507,9.7729,9.6122,6.34,3.06,0.0034364197909635408,0.04535052476221724,10.7913,10.4194,40.05,39.88,-0.07324677856585282,0.6424483474976412,32.7551,32.2851,470.76,461.07,2.762135325991421,-7.6831546780606494,14.15112104439416,-0.003335118402679625
2023-03-31,PAEL,PK0034601010,Pak Elektron Limited,11.3,0.48,428006078,4836468681.4,428006078,4836468681.4,6523000.0,-0.6455457967377666,27.0,0.08402572527832178,2397619.0476190476,0.3756033336663042,1,-0.10439666633369576,2023-09-30,12.0315,411.93,-1.5637255965292525,9.7114,6.34,0.00437101902635284,10.651,40.14,0.030502950530532758,32.3939,458.40999999999997,-1.5288516269723669,12.1909,12.2535,424.37,418.13,2.8319456847663105,-8.370953550320507,9.7729,9.6122,6.34,3.06,0.0034364197909635408,0.04535052476221724,10.7913,10.4194,40.05,39.88,-0.07324677856585282,0.6424483474976412,32.7551,32.2851,470.76,461.07,2.762135325991421,-7.6831546780606494,14.15112104439416,-0.003335118402679625
2023-03-31,POL,PK0023901017,Pakistan Oilfields Limited,398.89,5.17,129852653,51796924755.17,129852653,51796924755.17,24603.0,0.14255843263061396,8.0,0.017468663243818492,271763.84126984124,4.597438666949962,1,-0.5725613330500376,2023-09-30,12.0315,411.93,-1.5637255965292525,9.7114,6.34,0.00437101902635284,10.651,40.14,0.030502950530532758,32.3939,458.40999999999997,-1.5288516269723669,12.1909,12.2535,424.37,418.13,2.8319456847663105,-8.370953550320507,9.7729,9.6122,6.34,3.06,0.0034364197909635408,0.04535052476221724,10.7913,10.4194,40.05,39.88,-0.07324677856585282,0.6424483474976412,32.7551,32.2851,470.76,461.07,2.762135325991421,-7.6831546780606494,14.15112104439416,-0.003335118402679625
2023-03-31,PPL,PK0081801018,Pakistan Petroleum Limited.,63.96,4.26,667775912,42710947331.52,667775912,42710947331.52,3139173.0,0.04084621643612696,12.0,0.03334674437240223,7496288.095238095,4.493595999169542,1,0.233595999169542,2023-09-30,12.0315,411.93,-1.5637255965292525,9.7114,6.34,0.00437101902635284,10.651,40.14,0.030502950530532758,32.3939,458.40999999999997,-1.5288516269723669,12.1909,12.2535,424.37,418.13,2.8319456847663105,-8.370953550320507,9.7729,9.6122,6.34,3.06,0.0034364197909635408,0.04535052476221724,10.7913,10.4194,40.05,39.88,-0.07324677856585282,0.6424483474976412,32.7551,32.2851,470.76,461.07,2.762135325991421,-7.6831546780606494,14.15112104439416,-0.003335118402679625
2023-03-31,PRL,PK0004701014,Pakistan Refinery Limited,12.14,0.27,223910879,2718278071.06,223910879,2718278071.06,1081579.0,0.09566787003610111,30.0,0.03340897196103265,2359349.4603174604,0.3023542134958208,1,0.032354213495820794,2023-09-30,12.0315,411.93,-1.5637255965292525,9.7114,6.34,0.00437101902635284,10.651,40.14,0.030502950530532758,32.3939,458.40999999999997,-1.5288516269723669,12.1909,12.2535,424.37,418.13,2.8319456847663105,-8.370953550320507,9.7729,9.6122,6.34,3.06,0.0034364197909635408,0.04535052476221724,10.7913,10.4194,40.05,39.88,-0.07324677856585282,0.6424483474976412,32.7551,32.2851,470.76,461.07,2.762135325991421,-7.6831546780606494,14.15112104439416,-0.003335118402679625
2023-03-31,PSO,PK0022501016,Pakistan State Oil Co Ltd.,117.89,2.49,211262985,24905793301.65,211262985,24905793301.65,772324.0,-0.2742104291079235,18.0,0.023446499889634636,1181576.4603174604,2.355444774809851,1,-0.1345552251901494,2023-09-30,12.0315,411.93,-1.5637255965292525,9.7114,6.34,0.00437101902635284,10.651,40.14,0.030502950530532758,32.3939,458.40999999999997,-1.5288516269723669,12.1909,12.2535,424.37,418.13,2.8319456847663105,-8.370953550320507,9.7729,9.6122,6.34,3.06,0.0034364197909635408,0.04535052476221724,10.7913,10.4194,40.05,39.88,-0.07324677856585282,0.6424483474976412,32.7551,32.2851,470.76,461.07,2.762135325991421,-7.6831546780606494,14.15112104439416,-0.003335118402679625
2023-03-31,SNGP,PK0008901016,Sui Northern Gas Pipelines Limited,39.09,1.11,285397499,11156188235.91,285397499,11156188235.91,637912.0,0.02410269845428359,21.0,0.030283044464208646,3258892.634920635,1.217941898787255,1,0.10794189878725491,2023-09-30,12.0315,411.93,-1.5637255965292525,9.7114,6.34,0.00437101902635284,10.651,40.14,0.030502950530532758,32.3939,458.40999999999997,-1.5288516269723669,12.1909,12.2535,424.37,418.13,2.8319456847663105,-8.370953550320507,9.7729,9.6122,6.34,3.06,0.0034364197909635408,0.04535052476221724,10.7913,10.4194,40.05,39.88,-0.07324677856585282,0.6424483474976412,32.7551,32.2851,470.76,461.07,2.762135325991421,-7.6831546780606494,14.15112104439416,-0.003335118402679625
2023-03-31,SYS,PK0109001013,Systems Limited,462.06,8.7,188667505,87175707360.3,188667505,87175707360.3,148918.0,0.22406485111793994,2.0,0.01751195357576929,488868.3333333333,6.230274633986317,1,-2.469725366013682,2023-09-30,12.0315,411.93,-1.5637255965292525,9.7114,6.34,0.00437101902635284,10.651,40.14,0.030502950530532758,32.3939,458.40999999999997,-1.5288516269723669,12.1909,12.2535,424.37,418.13,2.8319456847663105,-8.370953550320507,9.7729,9.6122,6.34,3.06,0.0034364197909635408,0.04535052476221724,10.7913,10.4194,40.05,39.88,-0.07324677856585282,0.6424483474976412,32.7551,32.2851,470.76,461.07,2.762135325991421,-7.6831546780606494,14.15112104439416,-0.003335118402679625
2023-03-31,TELE,PK0073201011,Telecard Ltd.,8.21,0.25,325491410,2672284476.1,325491410,2672284476.1,10241000.0,-0.2090558766859345,31.0,0.0432198053143583,3863920.634920635,0.0,0,-0.25,2023-09-30,12.0315,411.93,-1.5637255965292525,9.7114,6.34,0.00437101902635284,10.651,40.14,0.030502950530532758,32.3939,458.40999999999997,-1.5288516269723669,12.1909,12.2535,424.37,418.13,2.8319456847663105,-8.370953550320507,9.7729,9.6122,6.34,3.06,0.0034364197909635408,0.04535052476221724,10.7913,10.4194,40.05,39.88,-0.07324677856585282,0.6424483474976412,32.7551,32.2851,470.76,461.07,2.762135325991421,-7.6831546780606494,14.15112104439416,-0.003335118402679625
2023-03-31,TPLP,PK0110601017,TPL Properties Limited,14.2,0.32,225922627,3208101303.4,225922627,3208101303.4,2700526.0,-0.3186180422264876,29.0,0.01986798016612734,4668252.238095238,0.2697954331811638,1,-0.05020456681883623,2023-09-30,12.0315,411.93,-1.5637255965292525,9.7114,6.34,0.00437101902635284,10.651,40.14,0.030502950530532758,32.3939,458.40999999999997,-1.5288516269723669,12.1909,12.2535,424.37,418.13,2.8319456847663105,-8.370953550320507,9.7729,9.6122,6.34,3.06,0.0034364197909635408,0.04535052476221724,10.7913,10.4194,40.05,39.88,-0.07324677856585282,0.6424483474976412,32.7551,32.2851,470.76,461.07,2.762135325991421,-7.6831546780606494,14.15112104439416,-0.003335118402679625
2023-03-31,TREET,PK0022801010,Treet Corporation Ltd.,16.75,0.13,80424505,1347110458.75,80424505,1347110458.75,405500.0,-0.2617893345085941,33.0,0.025514817998483548,551333.3333333334,0.0,0,-0.13,2023-09-30,12.0315,411.93,-1.5637255965292525,9.7114,6.34,0.00437101902635284,10.651,40.14,0.030502950530532758,32.3939,458.40999999999997,-1.5288516269723669,12.1909,12.2535,424.37,418.13,2.8319456847663105,-8.370953550320507,9.7729,9.6122,6.34,3.06,0.0034364197909635408,0.04535052476221724,10.7913,10.4194,40.05,39.88,-0.07324677856585282,0.6424483474976412,32.7551,32.2851,470.76,461.07,2.762135325991421,-7.6831546780606494,14.15112104439416,-0.003335118402679625
2023-03-31,TRG,PK0079201015,TRG Pakistan Ltd.,106.04,4.04,381773466,40483258334.64,381773466,40483258334.64,800952.0,-0.1770914170417508,14.0,0.027622725534141,4580277.80952381,3.052463648137672,1,-0.9875363518623281,2023-09-30,12.0315,411.93,-1.5637255965292525,9.7114,6.34,0.00437101902635284,10.651,40.14,0.030502950530532758,32.3939,458.40999999999997,-1.5288516269723669,12.1909,12.2535,424.37,418.13,2.8319456847663105,-8.370953550320507,9.7729,9.6122,6.34,3.06,0.0034364197909635408,0.04535052476221724,10.7913,10.4194,40.05,39.88,-0.07324677856585282,0.6424483474976412,32.7551,32.2851,470.76,461.07,2.762135325991421,-7.6831546780606494,14.15112104439416,-0.003335118402679625
2023-03-31,UBL,PK0081901016,United Bank Limited,106.56,5.21,489671875,52179435000.0,489671875,52179435000.0,1465208.0,-0.07250413438941594,7.0,0.022643209937812454,991260.3968253968,6.387383556489688,1,1.177383556489688,2023-09-30,12.0315,411.93,-1.5637255965292525,9.7114,6.34,0.00437101902635284,10.651,40.14,0.030502950530532758,32.3939,458.40999999999997,-1.5288516269723669,12.1909,12.2535,424.37,418.13,2.8319456847663105,-8.370953550320507,9.7729,9.6122,6.34,3.06,0.0034364197909635408,0.04535052476221724,10.7913,10.4194,40.05,39.88,-0.07324677856585282,0.6424483474976412,32.7551,32.2851,470.76,461.07,2.762135325991421,-7.6831546780606494,14.15112104439416,-0.003335118402679625
2023-03-31,UNITY,PK0068801015,Unity Foods Limited.,13.29,0.63,477620000,6347569800.0,477620000,6347569800.0,1748354.0,-0.410904255319149,25.0,0.02171908453197163,2394583.6507936507,0.907934591219333,1,0.27793459121933295,2023-09-30,12.0315,411.93,-1.5637255965292525,9.7114,6.34,0.00437101902635284,10.651,40.14,0.030502950530532758,32.3939,458.40999999999997,-1.5288516269723669,12.1909,12.2535,424.37,418.13,2.8319456847663105,-8.370953550320507,9.7729,9.6122,6.34,3.06,0.0034364197909635408,0.04535052476221724,10.7913,10.4194,40.05,39.88,-0.07324677856585282,0.6424483474976412,32.7551,32.2851,470.76,461.07,2.762135325991421,-7.6831546780606494,14.15112104439416,-0.003335118402679625
2023-09-30,APL,PK0082901015,Attock Petroleum Limited,291.42,0.8233774954839358,31104000,9064327680.0,31104000,9064327680.0,,,29.0,,,0.8342994897601982,1,0.010921994276262392,2024-03-31,13.7907,469.23,0.027218504151107936,10.663,5.67,5.317403006621646e-05,11.2594,41.77,0.19165462855728066,35.7131,516.6700000000001,0.2189263067384548,13.4558,14.354,458.11,495.49,12.12425753892461,-9.818201007452785,11.1119,11.3567,1.25,6.73,0.015695535492126655,5.925965060527005e-05,11.4891,11.6045,41.45,44.29,0.47328425889276815,0.0,36.0568,37.3152,500.81,546.51,12.613237333309504,-9.81814174780218,14.467240312378374,0.000423725601909255
2023-09-30,ATRL,PK0024501014,Attock Refinery Limited,254.54,0.986058837476688,42646500,10855240110.0,42646500,10855240110.0,,0.4950954478707783,24.0,0.027991506021244113,,1.099984486350037,1,0.113925648873349,2024-03-31,13.7907,469.23,0.027218504151107936,10.663,5.67,5.317403006621646e-05,11.2594,41.77,0.19165462855728066,35.7131,516.6700000000001,0.2189263067384548,13.4558,14.354,458.11,495.49,12.12425753892461,-9.818201007452785,11.1119,11.3567,1.25,6.73,0.015695535492126655,5.925965060527005e-05,11.4891,11.6045,41.45,44.29,0.47328425889276815,0.0,36.0568,37.3152,500.81,546.51,12.613237333309504,-9.81814174780218,14.467240312378374,0.000423725601909255
2023-09-30,AVN,PK0107501014,Avanceon Limited.,46.97,0.4816559698273347,112889355,5302413004.35,112889355,5302413004.35,,-0.26632302405498276,32.0,0.02441801021090667,,0.4084748172845855,1,-0.0731811525427492,2024-03-31,13.7907,469.23,0.027218504151107936,10.663,5.67,5.317403006621646e-05,11.2594,41.77,0.19165462855728066,35.7131,516.6700000000001,0.2189263067384548,13.4558,14.354,458.11,495.49,12.12425753892461,-9.818201007452785,11.1119,11.3567,1.25,6.73,0.015695535492126655,5.925965060527005e-05,11.4891,11.6045,41.45,44.29,0.47328425889276815,0.0,36.0568,37.3152,500.81,546.51,12.613237333309504,-9.81814174780218,14.467240312378374,0.000423725601909255
2023-09-30,BAFL,PK0078701015,Bank Alfalah Limited,38.47,2.204564131163864,630866048,24269416866.56,630866048,24269416866.56,,0.23380372033354702,19.0,0.0387407022956115,2323434.6415094337,2.491511676905633,1,0.28694754574176873,2024-03-31,13.7907,469.23,0.027218504151107936,10.663,5.67,5.317403006621646e-05,11.2594,41.77,0.19165462855728066,35.7131,516.6700000000001,0.2189263067384548,13.4558,14.354,458.11,495.49,12.12425753892461,-9.818201007452785,11.1119,11.3567,1.25,6.73,0.015695535492126655,5.925965060527005e-05,11.4891,11.6045,41.45,44.29,0.47328425889276815,0.0,36.0568,37.3152,500.81,546.51,12.613237333309504,-9.81814174780218,14.467240312378374,0.000423725601909255
2023-09-30,BAHL,PK0051601018,Bank Al-Habib Ltd.,45.03,2.95501046295539,722426520,32530866195.6,722426520,32530866195.6,,0.05952941176470583,17.0,0.02794888880387617,,4.116748841708342,1,1.1617383787529523,2024-03-31,13.7907,469.23,0.027218504151107936,10.663,5.67,5.317403006621646e-05,11.2594,41.77,0.19165462855728066,35.7131,516.6700000000001,0.2189263067384548,13.4558,14.354,458.11,495.49,12.12425753892461,-9.818201007452785,11.1119,11.3567,1.25,6.73,0.015695535492126655,5.925965060527005e-05,11.4891,11.6045,41.45,44.29,0.47328425889276815,0.0,36.0568,37.3152,500.81,546.51,12.613237333309504,-9.81814174780218,14.467240312378374,0.000423725601909255
2023-09-30,CHCC,PK0029801013,Cherat Cement Company Limited,129.18,1.367954449767329,116577023,15059419831.14,116577023,15059419831.14,,-0.2091827364554637,20.0,0.03227679204759837,382764.1509433962,1.188670274826053,1,-0.17928417494127613,2024-03-31,13.7907,469.23,0.027218504151107936,10.663,5.67,5.317403006621646e-05,11.2594,41.77,0.19165462855728066,35.7131,516.6700000000001,0.2189263067384548,13.4558,14.354,458.11,495.49,12.12425753892461,-9.818201007452785,11.1119,11.3567,1.25,6.73,0.015695535492126655,5.925965060527005e-05,11.4891,11.6045,41.45,44.29,0.47328425889276815,0.0,36.0568,37.3152,500.81,546.51,12.613237333309504,-9.81814174780218,14.467240312378374,0.000423725601909255
2023-09-30,DGKC,PK0052401012,D. G. Khan Cement Co. Ltd.,43.42,0.8640033447957438,219059559,9511566051.78,219059559,9511566051.78,,-0.011159189250739998,28.0,0.022995258941452976,,0.9558002856909869,1,0.09179694089524304,2024-03-31,13.7907,469.23,0.027218504151107936,10.663,5.67,5.317403006621646e-05,11.2594,41.77,0.19165462855728066,35.7131,516.6700000000001,0.2189263067384548,13.4558,14.354,458.11,495.49,12.12425753892461,-9.818201007452785,11.1119,11.3567,1.25,6.73,0.015695535492126655,5.925965060527005e-05,11.4891,11.6045,41.45,44.29,0.47328425889276815,0.0,36.0568,37.3152,500.81,546.51,12.613237333309504,-9.81814174780218,14.467240312378374,0.000423725601909255
2023-09-30,EFERT,PK0099701010,Engro Fertilizers Limited,75.92,4.143914199708582,600884719,45619167866.48,600884719,45619167866.48,,-0.10492808299929257,13.0,0.011844988709923404,,5.909777815671026,1,1.7658636159624441,2024-03-31,13.7907,469.23,0.027218504151107936,10.663,5.67,5.317403006621646e-05,11.2594,41.77,0.19165462855728066,35.7131,516.6700000000001,0.2189263067384548,13.4558,14.354,458.11,495.49,12.12425753892461,-9.818201007452785,11.1119,11.3567,1.25,6.73,0.015695535492126655,5.925965060527005e-05,11.4891,11.6045,41.45,44.29,0.47328425889276815,0.0,36.0568,37.3152,500.81,546.51,12.613237333309504,-9.81814174780218,14.467240312378374,0.000423725601909255
2023-09-30,ENGRO,PK0012101017,Engro Corporation Limited.,240.14,5.852885064595757,268313234,64432740012.76,268313234,64432740012.76,,-0.13237950718982583,5.0,0.014934574847305955,,6.461983003074791,1,0.6090979384790343,2024-03-31,13.7907,469.23,0.027218504151107936,10.663,5.67,5.317403006621646e-05,11.2594,41.77,0.19165462855728066,35.7131,516.6700000000001,0.2189263067384548,13.4558,14.354,458.11,495.49,12.12425753892461,-9.818201007452785,11.1119,11.3567,1.25,6.73,0.015695535492126655,5.925965060527005e-05,11.4891,11.6045,41.45,44.29,0.47328425889276815,0.0,36.0568,37.3152,500.81,546.51,12.613237333309504,-9.81814174780218,14.467240312378374,0.000423725601909255
2023-09-30,EPCL,PK0092201018,Engro Polymer & Chemicals Ltd.,39.31,0.8113975648453029,227230833,8932444045.23,227230833,8932444045.23,,-0.1596836254809747,30.0,0.018496759609190914,,0.6738769330551218,1,-0.13752063179018115,2024-03-31,13.7907,469.23,0.027218504151107936,10.663,5.67,5.317403006621646e-05,11.2594,41.77,0.19165462855728066,35.7131,516.6700000000001,0.2189263067384548,13.4558,14.354,458.11,495.49,12.12425753892461,-9.818201007452785,11.1119,11.3567,1.25,6.73,0.015695535492126655,5.925965060527005e-05,11.4891,11.6045,41.45,44.29,0.47328425889276815,0.0,36.0568,37.3152,500.81,546.51,12.613237333309504,-9.81814174780218,14.467240312378374,0.000423725601909255
2023-09-30,FCCL,PK0074501013,Fauji Cement Company Limited,11.31,0.8819917911881792,858496527,9709595720.37,858496527,9709595720.37,,-0.500882612533098,26.0,0.06879907327968329,6673226.415094339,1.038561121503895,1,0.15656933031571585,2024-03-31,13.7907,469.23,0.027218504151107936,10.663,5.67,5.317403006621646e-05,11.2594,41.77,0.19165462855728066,35.7131,516.6700000000001,0.2189263067384548,13.4558,14.354,458.11,495.49,12.12425753892461,-9.818201007452785,11.1119,11.3567,1.25,6.73,0.015695535492126655,5.925965060527005e-05,11.4891,11.6045,41.45,44.29,0.47328425889276815,0.0,36.0568,37.3152,500.81,546.51,12.613237333309504,-9.81814174780218,14.467240312378374,0.000423725601909255
2023-09-30,FFC,PK0053401011,Fauji Fertilizer Company Limited,92.84,5.901055028032493,699731036,64963029382.24,699731036,64963029382.24,,-0.07132139641892565,4.0,0.008806368020434139,,5.921792687025148,1,0.020737658992654673,2024-03-31,13.7907,469.23,0.027218504151107936,10.663,5.67,5.317403006621646e-05,11.2594,41.77,0.19165462855728066,35.7131,516.6700000000001,0.2189263067384548,13.4558,14.354,458.11,495.49,12.12425753892461,-9.818201007452785,11.1119,11.3567,1.25,6.73,0.015695535492126655,5.925965060527005e-05,11.4891,11.6045,41.45,44.29,0.47328425889276815,0.0,36.0568,37.3152,500.81,546.51,12.613237333309504,-9.81814174780218,14.467240312378374,0.000423725601909255
2023-09-30,HBL,PK0085101019,Habib Bank Limited,90.44,5.422791555054384,660083629,59697963406.76,660083629,59697963406.76,,0.23417030567685582,8.0,0.023121056427440608,,4.106963122335457,1,-1.3158284327189271,2024-03-31,13.7907,469.23,0.027218504151107936,10.663,5.67,5.317403006621646e-05,11.2594,41.77,0.19165462855728066,35.7131,516.6700000000001,0.2189263067384548,13.4558,14.354,458.11,495.49,12.12425753892461,-9.818201007452785,11.1119,11.3567,1.25,6.73,0.015695535492126655,5.925965060527005e-05,11.4891,11.6045,41.45,44.29,0.47328425889276815,0.0,36.0568,37.3152,500.81,546.51,12.613237333309504,-9.81814174780218,14.467240312378374,0.000423725601909255
2023-09-30,HUBC,PK0065001015,The Hub Power Company Limited,88.33,7.80592830499765,972865790,85933235230.7,972865790,85933235230.7,,0.308011254257367,1.0,0.017950350139466425,,7.908552191756582,1,0.10262388675893241,2024-03-31,13.7907,469.23,0.027218504151107936,10.663,5.67,5.317403006621646e-05,11.2594,41.77,0.19165462855728066,35.7131,516.6700000000001,0.2189263067384548,13.4558,14.354,458.11,495.49,12.12425753892461,-9.818201007452785,11.1119,11.3567,1.25,6.73,0.015695535492126655,5.925965060527005e-05,11.4891,11.6045,41.45,44.29,0.47328425889276815,0.0,36.0568,37.3152,500.81,546.51,12.613237333309504,-9.81814174780218,14.467240312378374,0.000423725601909255
2023-09-30,KAPCO,PK0083101011,Kot Addu Power Company.,26.68,1.105668874767021,456221621,12171992848.28,456221621,12171992848.28,,0.10751349107513497,23.0,0.02469126705948762,,0.8417509730799015,1,-0.26391790168711937,2024-03-31,13.7907,469.23,0.027218504151107936,10.663,5.67,5.317403006621646e-05,11.2594,41.77,0.19165462855728066,35.7131,516.6700000000001,0.2189263067384548,13.4558,14.354,458.11,495.49,12.12425753892461,-9.818201007452785,11.1119,11.3567,1.25,6.73,0.015695535492126655,5.925965060527005e-05,11.4891,11.6045,41.45,44.29,0.47328425889276815,0.0,36.0568,37.3152,500.81,546.51,12.613237333309504,-9.81814174780218,14.467240312378374,0.000423725601909255
2023-09-30,LUCK,PK0071501016,Lucky Cement Limited.,564.34,5.622592652714843,109681250,61897516625.0,109681250,61897516625.0,,0.40229599443395303,7.0,0.01626531474813246,,4.5074366476377,1,-1.115156005077143,2024-03-31,13.7907,469.23,0.027218504151107936,10.663,5.67,5.317403006621646e-05,11.2594,41.77,0.19165462855728066,35.7131,516.6700000000001,0.2189263067384548,13.4558,14.354,458.11,495.49,12.12425753892461,-9.818201007452785,11.1119,11.3567,1.25,6.73,0.015695535492126655,5.925965060527005e-05,11.4891,11.6045,41.45,44.29,0.47328425889276815,0.0,36.0568,37.3152,500.81,546.51,12.613237333309504,-9.81814174780218,14.467240312378374,0.000423725601909255
2023-09-30,MARI,PK0066301018,Mari Petroleum Company Ltd.,1560.1,3.781027156203945,26680500,41624248050.0,26680500,41624248050.0,,0.03092579131698936,14.0,0.013702604533001834,,4.537361638181078,1,0.7563344819771336,2024-03-31,13.7907,469.23,0.027218504151107936,10.663,5.67,5.317403006621646e-05,11.2594,41.77,0.19165462855728066,35.7131,516.6700000000001,0.2189263067384548,13.4558,14.354,458.11,495.49,12.12425753892461,-9.818201007452785,11.1119,11.3567,1.25,6.73,0.015695535492126655,5.925965060527005e-05,11.4891,11.6045,41.45,44.29,0.47328425889276815,0.0,36.0568,37.3152,500.81,546.51,12.613237333309504,-9.81814174780218,14.467240312378374,0.000423725601909255
2023-09-30,MCB,PK0055601014,MCB Bank Limited,129.35,4.873469074173954,414771002,53650629108.7,414771002,53650629108.7,,0.12478260869565205,9.0,0.022150742239664158,,5.651334093139118,1,0.7778650189651639,2024-03-31,13.7907,469.23,0.027218504151107936,10.663,5.67,5.317403006621646e-05,11.2594,41.77,0.19165462855728066,35.7131,516.6700000000001,0.2189263067384548,13.4558,14.354,458.11,495.49,12.12425753892461,-9.818201007452785,11.1119,11.3567,1.25,6.73,0.015695535492126655,5.925965060527005e-05,11.4891,11.6045,41.45,44.29,0.47328425889276815,0.0,36.0568,37.3152,500.81,546.51,12.613237333309504,-9.81814174780218,14.467240312378374,0.000423725601909255
2023-09-30,MEBL,PK0077401013,Meezan Bank Limited,114.61,4.657874573618581,447406080,51277210828.8,447406080,51277210828.8,,0.20388655462184868,10.0,0.021695676841221888,,6.412532409806057,1,1.7546578361874765,2024-03-31,13.7907,469.23,0.027218504151107936,10.663,5.67,5.317403006621646e-05,11.2594,41.77,0.19165462855728066,35.7131,516.6700000000001,0.2189263067384548,13.4558,14.354,458.11,495.49,12.12425753892461,-9.818201007452785,11.1119,11.3567,1.25,6.73,0.015695535492126655,5.925965060527005e-05,11.4891,11.6045,41.45,44.29,0.47328425889276815,0.0,36.0568,37.3152,500.81,546.51,12.613237333309504,-9.81814174780218,14.467240312378374,0.000423725601909255
2023-09-30,MLCF,PK0066201010,Maple Leaf Cement Factory Ltd.,29.94,1.313613312520895,483005804,14461193771.76,483005804,14461193771.76,,0.1663420335021426,21.0,0.03260521772560565,5486484.1698113205,1.151990688238554,1,-0.1616226242823411,2024-03-31,13.7907,469.23,0.027218504151107936,10.663,5.67,5.317403006621646e-05,11.2594,41.77,0.19165462855728066,35.7131,516.6700000000001,0.2189263067384548,13.4558,14.354,458.11,495.49,12.12425753892461,-9.818201007452785,11.1119,11.3567,1.25,6.73,0.015695535492126655,5.925965060527005e-05,11.4891,11.6045,41.45,44.29,0.47328425889276815,0.0,36.0568,37.3152,500.81,546.51,12.613237333309504,-9.81814174780218,14.467240312378374,0.000423725601909255
2023-09-30,MTL,PK0009801017,Millat Tractors Limited,418.09,3.277859104668701,86309203,36085014682.27,86309203,36085014682.27,,-0.22541499925892994,15.0,0.01629503788307097,,3.385496841102702,1,0.10763773643400087,2024-03-31,13.7907,469.23,0.027218504151107936,10.663,5.67,5.317403006621646e-05,11.2594,41.77,0.19165462855728066,35.7131,516.6700000000001,0.2189263067384548,13.4558,14.354,458.11,495.49,12.12425753892461,-9.818201007452785,11.1119,11.3567,1.25,6.73,0.015695535492126655,5.925965060527005e-05,11.4891,11.6045,41.45,44.29,0.47328425889276815,0.0,36.0568,37.3152,500.81,546.51,12.613237333309504,-9.81814174780218,14.467240312378374,0.000423725601909255
2023-09-30,NETSOL,PK0084201018,NetSol Technologies Limited,82.94,0.212528881529537,26951077,2235322326.38,26951077,2235322326.38,,0.13259593062952324,36.0,0.022198471304533715,,0.0,0,-0.212528881529537,2024-03-31,13.7907,469.23,0.027218504151107936,10.663,5.67,5.317403006621646e-05,11.2594,41.77,0.19165462855728066,35.7131,516.6700000000001,0.2189263067384548,13.4558,14.354,458.11,495.49,12.12425753892461,-9.818201007452785,11.1119,11.3567,1.25,6.73,0.015695535492126655,5.925965060527005e-05,11.4891,11.6045,41.45,44.29,0.47328425889276815,0.0,36.0568,37.3152,500.81,546.51,12.613237333309504,-9.81814174780218,14.467240312378374,0.000423725601909255
2023-09-30,NRL,PK0008201011,National Refinary Ltd.,194.07,0.4839928004736361,26230266,5090507722.62,26230266,5090507722.62,,0.30907251264755486,31.0,0.02957240484317566,,0.4714738351556594,1,-0.012518965317976694,2024-03-31,13.7907,469.23,0.027218504151107936,10.663,5.67,5.317403006621646e-05,11.2594,41.77,0.19165462855728066,35.7131,516.6700000000001,0.2189263067384548,13.4558,14.354,458.11,495.49,12.12425753892461,-9.818201007452785,11.1119,11.3567,1.25,6.73,0.015695535492126655,5.925965060527005e-05,11.4891,11.6045,41.45,44.29,0.47328425889276815,0.0,36.0568,37.3152,500.81,546.51,12.613237333309504,-9.81814174780218,14.467240312378374,0.000423725601909255
2023-09-30,OGDC,PK0080201012,Oil & Gas Development Company Limited,96.46,5.652806570791406,645139260,62230133019.6,645139260,62230133019.6,,0.15714971209213036,6.0,0.025820977008155836,,5.26085413386521,1,-0.3919524369261964,2024-03-31,13.7907,469.23,0.027218504151107936,10.663,5.67,5.317403006621646e-05,11.2594,41.77,0.19165462855728066,35.7131,516.6700000000001,0.2189263067384548,13.4558,14.354,458.11,495.49,12.12425753892461,-9.818201007452785,11.1119,11.3567,1.25,6.73,0.015695535492126655,5.925965060527005e-05,11.4891,11.6045,41.45,44.29,0.47328425889276815,0.0,36.0568,37.3152,500.81,546.51,12.613237333309504,-9.81814174780218,14.467240312378374,0.000423725601909255
2023-09-30,PAEL,PK0034601010,Pak Elektron Limited,9.23,0.3756033336663042,428006078,3950496099.94,428006078,3950496099.94,,-0.18318584070796462,33.0,0.02619707115345171,,0.0,0,-0.3756033336663042,2024-03-31,13.7907,469.23,0.027218504151107936,10.663,5.67,5.317403006621646e-05,11.2594,41.77,0.19165462855728066,35.7131,516.6700000000001,0.2189263067384548,13.4558,14.354,458.11,495.49,12.12425753892461,-9.818201007452785,11.1119,11.3567,1.25,6.73,0.015695535492126655,5.925965060527005e-05,11.4891,11.6045,41.45,44.29,0.47328425889276815,0.0,36.0568,37.3152,500.81,546.51,12.613237333309504,-9.81814174780218,14.467240312378374,0.000423725601909255
2023-09-30,PIOC,PK0056201012,Pioneer Cement Limited,85.1,0.877957302317732,113574397,9665181184.7,113574397,9665181184.7,,0.20146830439079477,27.0,0.040430267219648416,1123897.0377358492,0.9169733720976276,1,0.03901606977989569,2024-03-31,13.7907,469.23,0.027218504151107936,10.663,5.67,5.317403006621646e-05,11.2594,41.77,0.19165462855728066,35.7131,516.6700000000001,0.2189263067384548,13.4558,14.354,458.11,495.49,12.12425753892461,-9.818201007452785,11.1119,11.3567,1.25,6.73,0.015695535492126655,5.925965060527005e-05,11.4891,11.6045,41.45,44.29,0.47328425889276815,0.0,36.0568,37.3152,500.81,546.51,12.613237333309504,-9.81814174780218,14.467240312378374,0.000423725601909255
2023-09-30,POL,PK0023901017,Pakistan Oilfields Limited,389.76,4.597438666949962,129853985,50611889193.6,129853985,50611889193.6,,-0.022888515630875683,11.0,0.018709749738854753,,3.761270640076432,1,-0.8361680268735303,2024-03-31,13.7907,469.23,0.027218504151107936,10.663,5.67,5.317403006621646e-05,11.2594,41.77,0.19165462855728066,35.7131,516.6700000000001,0.2189263067384548,13.4558,14.354,458.11,495.49,12.12425753892461,-9.818201007452785,11.1119,11.3567,1.25,6.73,0.015695535492126655,5.925965060527005e-05,11.4891,11.6045,41.45,44.29,0.47328425889276815,0.0,36.0568,37.3152,500.81,546.51,12.613237333309504,-9.81814174780218,14.467240312378374,0.000423725601909255
2023-09-30,PPL,PK0081801018,Pakistan Petroleum Limited.,74.07,4.493595999169542,667864384,49468714922.88,667864384,49468714922.88,,0.15806754221388353,12.0,0.026338176519903604,,4.753222356264295,1,0.2596263570947528,2024-03-31,13.7907,469.23,0.027218504151107936,10.663,5.67,5.317403006621646e-05,11.2594,41.77,0.19165462855728066,35.7131,516.6700000000001,0.2189263067384548,13.4558,14.354,458.11,495.49,12.12425753892461,-9.818201007452785,11.1119,11.3567,1.25,6.73,0.015695535492126655,5.925965060527005e-05,11.4891,11.6045,41.45,44.29,0.47328425889276815,0.0,36.0568,37.3152,500.81,546.51,12.613237333309504,-9.81814174780218,14.467240312378374,0.000423725601909255
2023-09-30,PRL,PK0004701014,Pakistan Refinery Limited,14.2,0.3023542134958208,223949388,3180081309.6,223949388,3180081309.6,,0.16968698517298186,34.0,0.026724697539569704,,0.4127214795712363,1,0.11036726607541547,2024-03-31,13.7907,469.23,0.027218504151107936,10.663,5.67,5.317403006621646e-05,11.2594,41.77,0.19165462855728066,35.7131,516.6700000000001,0.2189263067384548,13.4558,14.354,458.11,495.49,12.12425753892461,-9.818201007452785,11.1119,11.3567,1.25,6.73,0.015695535492126655,5.925965060527005e-05,11.4891,11.6045,41.45,44.29,0.47328425889276815,0.0,36.0568,37.3152,500.81,546.51,12.613237333309504,-9.81814174780218,14.467240312378374,0.000423725601909255
2023-09-30,PSO,PK0022501016,Pakistan State Oil Co Ltd.,122.74,2.355444774809851,211262985,25930418778.9,211262985,25930418778.9,,0.04114004580541186,18.0,0.022706019600244095,,2.443452387541472,1,0.08800761273162117,2024-03-31,13.7907,469.23,0.027218504151107936,10.663,5.67,5.317403006621646e-05,11.2594,41.77,0.19165462855728066,35.7131,516.6700000000001,0.2189263067384548,13.4558,14.354,458.11,495.49,12.12425753892461,-9.818201007452785,11.1119,11.3567,1.25,6.73,0.015695535492126655,5.925965060527005e-05,11.4891,11.6045,41.45,44.29,0.47328425889276815,0.0,36.0568,37.3152,500.81,546.51,12.613237333309504,-9.81814174780218,14.467240312378374,0.000423725601909255
2023-09-30,SNGP,PK0008901016,Sui Northern Gas Pipelines Limited,46.98,1.217941898787255,285397499,13407974503.02,285397499,13407974503.02,,0.20184190330007645,22.0,0.0221869212284135,,1.196078841271977,1,-0.02186305751527806,2024-03-31,13.7907,469.23,0.027218504151107936,10.663,5.67,5.317403006621646e-05,11.2594,41.77,0.19165462855728066,35.7131,516.6700000000001,0.2189263067384548,13.4558,14.354,458.11,495.49,12.12425753892461,-9.818201007452785,11.1119,11.3567,1.25,6.73,0.015695535492126655,5.925965060527005e-05,11.4891,11.6045,41.45,44.29,0.47328425889276815,0.0,36.0568,37.3152,500.81,546.51,12.613237333309504,-9.81814174780218,14.467240312378374,0.000423725601909255
2023-09-30,SYS,PK0109001013,Systems Limited,393.83,6.230274633986317,174154620,68587313994.6,174154620,68587313994.6,,-0.14766480543652338,3.0,0.019230064741616315,,4.514813612881216,1,-1.7154610211051011,2024-03-31,13.7907,469.23,0.027218504151107936,10.663,5.67,5.317403006621646e-05,11.2594,41.77,0.19165462855728066,35.7131,516.6700000000001,0.2189263067384548,13.4558,14.354,458.11,495.49,12.12425753892461,-9.818201007452785,11.1119,11.3567,1.25,6.73,0.015695535492126655,5.925965060527005e-05,11.4891,11.6045,41.45,44.29,0.47328425889276815,0.0,36.0568,37.3152,500.81,546.51,12.613237333309504,-9.81814174780218,14.467240312378374,0.000423725601909255
2023-09-30,TPLP,PK0110601017,TPL Properties Limited,12.45,0.2697954331811638,227922627,2837636706.15,227922627,2837636706.15,,-0.12323943661971837,35.0,0.026717323708954202,,0.1677473406512947,1,-0.10204809252986907,2024-03-31,13.7907,469.23,0.027218504151107936,10.663,5.67,5.317403006621646e-05,11.2594,41.77,0.19165462855728066,35.7131,516.6700000000001,0.2189263067384548,13.4558,14.354,458.11,495.49,12.12425753892461,-9.818201007452785,11.1119,11.3567,1.25,6.73,0.015695535492126655,5.925965060527005e-05,11.4891,11.6045,41.45,44.29,0.47328425889276815,0.0,36.0568,37.3152,500.81,546.51,12.613237333309504,-9.81814174780218,14.467240312378374,0.000423725601909255
2023-09-30,TRG,PK0079201015,TRG Pakistan Ltd.,88.02,3.052463648137672,381773466,33603700477.32,381773466,33603700477.32,,-0.1699358732553754,16.0,0.01956323611111484,,1.771190464545175,1,-1.2812731835924969,2024-03-31,13.7907,469.23,0.027218504151107936,10.663,5.67,5.317403006621646e-05,11.2594,41.77,0.19165462855728066,35.7131,516.6700000000001,0.2189263067384548,13.4558,14.354,458.11,495.49,12.12425753892461,-9.818201007452785,11.1119,11.3567,1.25,6.73,0.015695535492126655,5.925965060527005e-05,11.4891,11.6045,41.45,44.29,0.47328425889276815,0.0,36.0568,37.3152,500.81,546.51,12.613237333309504,-9.81814174780218,14.467240312378374,0.000423725601909255
2023-09-30,UBL,PK0081901016,United Bank Limited,143.6,6.387383556489688,489671875,70316881250.0,489671875,70316881250.0,,0.34759759759759756,2.0,0.021349810526166035,,5.983218399388625,1,-0.4041651571010627,2024-03-31,13.7907,469.23,0.027218504151107936,10.663,5.67,5.317403006621646e-05,11.2594,41.77,0.19165462855728066,35.7131,516.6700000000001,0.2189263067384548,13.4558,14.354,458.11,495.49,12.12425753892461,-9.818201007452785,11.1119,11.3567,1.25,6.73,0.015695535492126655,5.925965060527005e-05,11.4891,11.6045,41.45,44.29,0.47328425889276815,0.0,36.0568,37.3152,500.81,546.51,12.613237333309504,-9.81814174780218,14.467240312378374,0.000423725601909255
2023-09-30,UNITY,PK0068801015,Unity Foods Limited.,22.85,0.907934591219333,417917500,9549414875.0,417917500,9549414875.0,,0.7193378480060197,25.0,0.029412555290869953,,0.0,0,-0.907934591219333,2024-03-31,13.7907,469.23,0.027218504151107936,10.663,5.67,5.317403006621646e-05,11.2594,41.77,0.19165462855728066,35.7131,516.6700000000001,0.2189263067384548,13.4558,14.354,458.11,495.49,12.12425753892461,-9.818201007452785,11.1119,11.3567,1.25,6.73,0.015695535492126655,5.925965060527005e-05,11.4891,11.6045,41.45,44.29,0.47328425889276815,0.0,36.0568,37.3152,500.81,546.51,12.613237333309504,-9.81814174780218,14.467240312378374,0.000423725601909255
2024-03-31,APL,PK0082901015,Attock Petroleum Limited,394.89,0.8342994897601982,31104000,12282658560.0,31104000,12282658560.0,,0.3550545604282478,29.0,0.026955869376958215,,0.0,0,-0.8342994897601982,2024-09-30,19.6878,680.3,0.0,14.7888,8.75,0.0018337738897642453,16.3419,60.96,0.0,50.8185,750.01,0.0018337738897642453,19.0054,18.2482,672.07,629.56,-9.067303918431776,-1.3414460663175305,14.124,13.731,9.82,3.63,-0.10129215010229231,0.04954385460814592,15.5006,14.9301,58.47,55.51,-0.58596489170381,0.523710515316175,48.63,46.9093,740.3600000000001,688.6999999999999,-9.754560960237878,-0.7681916963932096,14.758601690329309,2.4449992530289533e-06
2024-03-31,ATRL,PK0024501014,Attock Refinery Limited,384.78,1.099984486350037,42646500,16409520270.0,42646500,16409520270.0,,0.511668107173725,24.0,0.026019930038169194,,0.7716115650051907,1,-0.3283729213448463,2024-09-30,19.6878,680.3,0.0,14.7888,8.75,0.0018337738897642453,16.3419,60.96,0.0,50.8185,750.01,0.0018337738897642453,19.0054,18.2482,672.07,629.56,-9.067303918431776,-1.3414460663175305,14.124,13.731,9.82,3.63,-0.10129215010229231,0.04954385460814592,15.5006,14.9301,58.47,55.51,-0.58596489170381,0.523710515316175,48.63,46.9093,740.3600000000001,688.6999999999999,-9.754560960237878,-0.7681916963932096,14.758601690329309,2.4449992530289533e-06
2024-03-31,AVN,PK0107501014,Avanceon Limited.,53.27,0.4084748172845855,112889355,6013615940.85,112889355,6013615940.85,,0.13412816691505225,35.0,0.02430339827922328,,0.0,0,-0.4084748172845855,2024-09-30,19.6878,680.3,0.0,14.7888,8.75,0.0018337738897642453,16.3419,60.96,0.0,50.8185,750.01,0.0018337738897642453,19.0054,18.2482,672.07,629.56,-9.067303918431776,-1.3414460663175305,14.124,13.731,9.82,3.63,-0.10129215010229231,0.04954385460814592,15.5006,14.9301,58.47,55.51,-0.58596489170381,0.523710515316175,48.63,46.9093,740.3600000000001,688.6999999999999,-9.754560960237878,-0.7681916963932096,14.758601690329309,2.4449992530289533e-06
2024-03-31,BAFL,PK0078701015,Bank Alfalah Limited,52.37,2.491511676905633,709724304,37168261800.48,709724304,37168261800.48,,0.3613205094879126,17.0,0.018876411065256973,,2.420643085904871,1,-0.07086859100076204,2024-09-30,19.6878,680.3,0.0,14.7888,8.75,0.0018337738897642453,16.3419,60.96,0.0,50.8185,750.01,0.0018337738897642453,19.0054,18.2482,672.07,629.56,-9.067303918431776,-1.3414460663175305,14.124,13.731,9.82,3.63,-0.10129215010229231,0.04954385460814592,15.5006,14.9301,58.47,55.51,-0.58596489170381,0.523710515316175,48.63,46.9093,740.3600000000001,688.6999999999999,-9.754560960237878,-0.7681916963932096,14.758601690329309,2.4449992530289533e-06
2024-03-31,BAHL,PK0051601018,Bank Al-Habib Ltd.,85.01,4.116748841708342,722426520,61413478465.2,722426520,61413478465.2,,0.8878525427492783,13.0,0.017511937411505227,,4.318230225673883,1,0.2014813839655405,2024-09-30,19.6878,680.3,0.0,14.7888,8.75,0.0018337738897642453,16.3419,60.96,0.0,50.8185,750.01,0.0018337738897642453,19.0054,18.2482,672.07,629.56,-9.067303918431776,-1.3414460663175305,14.124,13.731,9.82,3.63,-0.10129215010229231,0.04954385460814592,15.5006,14.9301,58.47,55.51,-0.58596489170381,0.523710515316175,48.63,46.9093,740.3600000000001,688.6999999999999,-9.754560960237878,-0.7681916963932096,14.758601690329309,2.4449992530289533e-06
2024-03-31,CHCC,PK0029801013,Cherat Cement Company Limited,152.11,1.188670274826053,116577023,17732530968.53,116577023,17732530968.53,,0.17750425762501942,22.0,0.01566583792494924,,1.172835205503274,1,-0.015835069322778894,2024-09-30,19.6878,680.3,0.0,14.7888,8.75,0.0018337738897642453,16.3419,60.96,0.0,50.8185,750.01,0.0018337738897642453,19.0054,18.2482,672.07,629.56,-9.067303918431776,-1.3414460663175305,14.124,13.731,9.82,3.63,-0.10129215010229231,0.04954385460814592,15.5006,14.9301,58.47,55.51,-0.58596489170381,0.523710515316175,48.63,46.9093,740.3600000000001,688.6999999999999,-9.754560960237878,-0.7681916963932096,14.758601690329309,2.4449992530289533e-06
2024-03-31,COLG,PK0028001011,Colgate-Palmolive (Pakistan) Limited,1352.57,2.201158387676211,24277327,32836784180.39,24277327,32836784180.39,,,19.0,,,1.743445251702602,1,-0.4577131359736091,2024-09-30,19.6878,680.3,0.0,14.7888,8.75,0.0018337738897642453,16.3419,60.96,0.0,50.8185,750.01,0.0018337738897642453,19.0054,18.2482,672.07,629.56,-9.067303918431776,-1.3414460663175305,14.124,13.731,9.82,3.63,-0.10129215010229231,0.04954385460814592,15.5006,14.9301,58.47,55.51,-0.58596489170381,0.523710515316175,48.63,46.9093,740.3600000000001,688.6999999999999,-9.754560960237878,-0.7681916963932096,14.758601690329309,2.4449992530289533e-06
2024-03-31,DGKC,PK0052401012,D. G. Khan Cement Co. Ltd.,65.09,0.9558002856909869,219059559,14258586695.31,219059559,14258586695.31,,0.4990787655458315,26.0,0.02206231312859851,,0.9054403083987812,1,-0.05035997729220565,2024-09-30,19.6878,680.3,0.0,14.7888,8.75,0.0018337738897642453,16.3419,60.96,0.0,50.8185,750.01,0.0018337738897642453,19.0054,18.2482,672.07,629.56,-9.067303918431776,-1.3414460663175305,14.124,13.731,9.82,3.63,-0.10129215010229231,0.04954385460814592,15.5006,14.9301,58.47,55.51,-0.58596489170381,0.523710515316175,48.63,46.9093,740.3600000000001,688.6999999999999,-9.754560960237878,-0.7681916963932096,14.758601690329309,2.4449992530289533e-06
2024-03-31,EFERT,PK0099701010,Engro Fertilizers Limited,146.72,5.909777815671026,600884719,88161805971.68,600884719,88161805971.68,,0.9325605900948366,6.0,0.017562890954587768,,6.42908145916385,1,0.5193036434928242,2024-09-30,19.6878,680.3,0.0,14.7888,8.75,0.0018337738897642453,16.3419,60.96,0.0,50.8185,750.01,0.0018337738897642453,19.0054,18.2482,672.07,629.56,-9.067303918431776,-1.3414460663175305,14.124,13.731,9.82,3.63,-0.10129215010229231,0.04954385460814592,15.5006,14.9301,58.47,55.51,-0.58596489170381,0.523710515316175,48.63,46.9093,740.3600000000001,688.6999999999999,-9.754560960237878,-0.7681916963932096,14.758601690329309,2.4449992530289533e-06
2024-03-31,ENGRO,PK0012101017,Engro Corporation Limited.,359.28,6.461983003074791,268313234,96399578711.52,268313234,96399578711.52,,0.496127259098859,2.0,0.017269008094946248,,4.582745730611839,1,-1.8792372724629525,2024-09-30,19.6878,680.3,0.0,14.7888,8.75,0.0018337738897642453,16.3419,60.96,0.0,50.8185,750.01,0.0018337738897642453,19.0054,18.2482,672.07,629.56,-9.067303918431776,-1.3414460663175305,14.124,13.731,9.82,3.63,-0.10129215010229231,0.04954385460814592,15.5006,14.9301,58.47,55.51,-0.58596489170381,0.523710515316175,48.63,46.9093,740.3600000000001,688.6999999999999,-9.754560960237878,-0.7681916963932096,14.758601690329309,2.4449992530289533e-06
2024-03-31,EPCL,PK0092201018,Engro Polymer & Chemicals Ltd.,43.66,0.6738769330551218,227230833,9920898168.78,227230833,9920898168.78,,0.110658865428644,31.0,0.017022729274986624,,0.0,0,-0.6738769330551218,2024-09-30,19.6878,680.3,0.0,14.7888,8.75,0.0018337738897642453,16.3419,60.96,0.0,50.8185,750.01,0.0018337738897642453,19.0054,18.2482,672.07,629.56,-9.067303918431776,-1.3414460663175305,14.124,13.731,9.82,3.63,-0.10129215010229231,0.04954385460814592,15.5006,14.9301,58.47,55.51,-0.58596489170381,0.523710515316175,48.63,46.9093,740.3600000000001,688.6999999999999,-9.754560960237878,-0.7681916963932096,14.758601690329309,2.4449992530289533e-06
2024-03-31,FCCL,PK0074501013,Fauji Cement Company Limited,17.81,1.038561121503895,858496527,15289823145.87,858496527,15289823145.87,,0.5747126436781607,25.0,0.02462735662925146,,1.220466571429429,1,0.18190544992553392,2024-09-30,19.6878,680.3,0.0,14.7888,8.75,0.0018337738897642453,16.3419,60.96,0.0,50.8185,750.01,0.0018337738897642453,19.0054,18.2482,672.07,629.56,-9.067303918431776,-1.3414460663175305,14.124,13.731,9.82,3.63,-0.10129215010229231,0.04954385460814592,15.5006,14.9301,58.47,55.51,-0.58596489170381,0.523710515316175,48.63,46.9093,740.3600000000001,688.6999999999999,-9.754560960237878,-0.7681916963932096,14.758601690329309,2.4449992530289533e-06
2024-03-31,FFC,PK0053401011,Fauji Fertilizer Company Limited,126.25,5.921792687025148,699731036,88341043295.0,699731036,88341043295.0,,0.3598664368806548,5.0,0.012766922924370329,,8.753340519994207,1,2.8315478329690595,2024-09-30,19.6878,680.3,0.0,14.7888,8.75,0.0018337738897642453,16.3419,60.96,0.0,50.8185,750.01,0.0018337738897642453,19.0054,18.2482,672.07,629.56,-9.067303918431776,-1.3414460663175305,14.124,13.731,9.82,3.63,-0.10129215010229231,0.04954385460814592,15.5006,14.9301,58.47,55.51,-0.58596489170381,0.523710515316175,48.63,46.9093,740.3600000000001,688.6999999999999,-9.754560960237878,-0.7681916963932096,14.758601690329309,2.4449992530289533e-06
2024-03-31,HBL,PK0085101019,Habib Bank Limited,104.42,4.106963122335457,586741003,61267495533.26,586741003,61267495533.26,,0.15457762052189294,14.0,0.012519336673069339,,4.191767637716,1,0.08480451538054279,2024-09-30,19.6878,680.3,0.0,14.7888,8.75,0.0018337738897642453,16.3419,60.96,0.0,50.8185,750.01,0.0018337738897642453,19.0054,18.2482,672.07,629.56,-9.067303918431776,-1.3414460663175305,14.124,13.731,9.82,3.63,-0.10129215010229231,0.04954385460814592,15.5006,14.9301,58.47,55.51,-0.58596489170381,0.523710515316175,48.63,46.9093,740.3600000000001,688.6999999999999,-9.754560960237878,-0.7681916963932096,14.758601690329309,2.4449992530289533e-06
2024-03-31,HUBC,PK0065001015,The Hub Power Company Limited,121.27,7.908552191756582,972865790,117979434353.3,972865790,117979434353.3,,0.3729197328201064,1.0,0.014180782081463974,,6.529038686991587,1,-1.3795135047649953,2024-09-30,19.6878,680.3,0.0,14.7888,8.75,0.0018337738897642453,16.3419,60.96,0.0,50.8185,750.01,0.0018337738897642453,19.0054,18.2482,672.07,629.56,-9.067303918431776,-1.3414460663175305,14.124,13.731,9.82,3.63,-0.10129215010229231,0.04954385460814592,15.5006,14.9301,58.47,55.51,-0.58596489170381,0.523710515316175,48.63,46.9093,740.3600000000001,688.6999999999999,-9.754560960237878,-0.7681916963932096,14.758601690329309,2.4449992530289533e-06
2024-03-31,KAPCO,PK0083101011,Kot Addu Power Company.,27.16,0.8417509730799015,456272467,12392360203.72,456272467,12392360203.72,,0.01799100449775115,28.0,0.026900217847473686,,0.0,0,-0.8417509730799015,2024-09-30,19.6878,680.3,0.0,14.7888,8.75,0.0018337738897642453,16.3419,60.96,0.0,50.8185,750.01,0.0018337738897642453,19.0054,18.2482,672.07,629.56,-9.067303918431776,-1.3414460663175305,14.124,13.731,9.82,3.63,-0.10129215010229231,0.04954385460814592,15.5006,14.9301,58.47,55.51,-0.58596489170381,0.523710515316175,48.63,46.9093,740.3600000000001,688.6999999999999,-9.754560960237878,-0.7681916963932096,14.758601690329309,2.4449992530289533e-06
2024-03-31,LUCK,PK0071501016,Lucky Cement Limited.,764.98,4.5074366476377,87900000,67241742000.0,87900000,67241742000.0,,0.3555303540418897,12.0,0.013421837588608394,,4.369895659278439,1,-0.13754098835926154,2024-09-30,19.6878,680.3,0.0,14.7888,8.75,0.0018337738897642453,16.3419,60.96,0.0,50.8185,750.01,0.0018337738897642453,19.0054,18.2482,672.07,629.56,-9.067303918431776,-1.3414460663175305,14.124,13.731,9.82,3.63,-0.10129215010229231,0.04954385460814592,15.5006,14.9301,58.47,55.51,-0.58596489170381,0.523710515316175,48.63,46.9093,740.3600000000001,688.6999999999999,-9.754560960237878,-0.7681916963932096,14.758601690329309,2.4449992530289533e-06
2024-03-31,MARI,PK0066301018,Mari Petroleum Company Ltd.,2536.99,4.537361638181078,26680500,67688161695.0,26680500,67688161695.0,,0.6261713992692777,10.0,0.02392187909477745,,5.746284698250801,1,1.208923060069723,2024-09-30,19.6878,680.3,0.0,14.7888,8.75,0.0018337738897642453,16.3419,60.96,0.0,50.8185,750.01,0.0018337738897642453,19.0054,18.2482,672.07,629.56,-9.067303918431776,-1.3414460663175305,14.124,13.731,9.82,3.63,-0.10129215010229231,0.04954385460814592,15.5006,14.9301,58.47,55.51,-0.58596489170381,0.523710515316175,48.63,46.9093,740.3600000000001,688.6999999999999,-9.754560960237878,-0.7681916963932096,14.758601690329309,2.4449992530289533e-06
2024-03-31,MCB,PK0055601014,MCB Bank Limited,203.26,5.651334093139118,414771002,84306353866.52,414771002,84306353866.52,,0.5713954387321221,7.0,0.012165085559295982,,5.607291392679433,1,-0.04404270045968506,2024-09-30,19.6878,680.3,0.0,14.7888,8.75,0.0018337738897642453,16.3419,60.96,0.0,50.8185,750.01,0.0018337738897642453,19.0054,18.2482,672.07,629.56,-9.067303918431776,-1.3414460663175305,14.124,13.731,9.82,3.63,-0.10129215010229231,0.04954385460814592,15.5006,14.9301,58.47,55.51,-0.58596489170381,0.523710515316175,48.63,46.9093,740.3600000000001,688.6999999999999,-9.754560960237878,-0.7681916963932096,14.758601690329309,2.4449992530289533e-06
2024-03-31,MEBL,PK0077401013,Meezan Bank Limited,213.62,6.412532409806057,447813299,95661876932.38,447813299,95661876932.38,,0.863886222842684,3.0,0.01610234421448599,,5.745498775984105,1,-0.6670336338219522,2024-09-30,19.6878,680.3,0.0,14.7888,8.75,0.0018337738897642453,16.3419,60.96,0.0,50.8185,750.01,0.0018337738897642453,19.0054,18.2482,672.07,629.56,-9.067303918431776,-1.3414460663175305,14.124,13.731,9.82,3.63,-0.10129215010229231,0.04954385460814592,15.5006,14.9301,58.47,55.51,-0.58596489170381,0.523710515316175,48.63,46.9093,740.3600000000001,688.6999999999999,-9.754560960237878,-0.7681916963932096,14.758601690329309,2.4449992530289533e-06
2024-03-31,MLCF,PK0066201010,Maple Leaf Cement Factory Ltd.,35.58,1.151990688238554,483005804,17185346506.32,483005804,17185346506.32,,0.188376753507014,23.0,0.016423577331202057,,0.8599706397999908,1,-0.2920200484385632,2024-09-30,19.6878,680.3,0.0,14.7888,8.75,0.0018337738897642453,16.3419,60.96,0.0,50.8185,750.01,0.0018337738897642453,19.0054,18.2482,672.07,629.56,-9.067303918431776,-1.3414460663175305,14.124,13.731,9.82,3.63,-0.10129215010229231,0.04954385460814592,15.5006,14.9301,58.47,55.51,-0.58596489170381,0.523710515316175,48.63,46.9093,740.3600000000001,688.6999999999999,-9.754560960237878,-0.7681916963932096,14.758601690329309,2.4449992530289533e-06
2024-03-31,MTL,PK0009801017,Millat Tractors Limited,585.16,3.385496841102702,86309203,50504693227.48,86309203,50504693227.48,,0.39960295630127485,16.0,0.018266849428325304,,2.687993264040364,1,-0.6975035770623381,2024-09-30,19.6878,680.3,0.0,14.7888,8.75,0.0018337738897642453,16.3419,60.96,0.0,50.8185,750.01,0.0018337738897642453,19.0054,18.2482,672.07,629.56,-9.067303918431776,-1.3414460663175305,14.124,13.731,9.82,3.63,-0.10129215010229231,0.04954385460814592,15.5006,14.9301,58.47,55.51,-0.58596489170381,0.523710515316175,48.63,46.9093,740.3600000000001,688.6999999999999,-9.754560960237878,-0.7681916963932096,14.758601690329309,2.4449992530289533e-06
2024-03-31,NRL,PK0008201011,National Refinary Ltd.,267.9,0.4714738351556594,26253923,7033425971.7,26253923,7033425971.7,,0.38042974184572564,33.0,0.06397307873740113,,0.3042701966982426,1,-0.16720363845741676,2024-09-30,19.6878,680.3,0.0,14.7888,8.75,0.0018337738897642453,16.3419,60.96,0.0,50.8185,750.01,0.0018337738897642453,19.0054,18.2482,672.07,629.56,-9.067303918431776,-1.3414460663175305,14.124,13.731,9.82,3.63,-0.10129215010229231,0.04954385460814592,15.5006,14.9301,58.47,55.51,-0.58596489170381,0.523710515316175,48.63,46.9093,740.3600000000001,688.6999999999999,-9.754560960237878,-0.7681916963932096,14.758601690329309,2.4449992530289533e-06
2024-03-31,OGDC,PK0080201012,Oil & Gas Development Company Limited,121.65,5.26085413386521,645139260,78481190979.0,645139260,78481190979.0,,0.2611445158614971,8.0,0.03704885708964489,,5.20359810111349,1,-0.05725603275171931,2024-09-30,19.6878,680.3,0.0,14.7888,8.75,0.0018337738897642453,16.3419,60.96,0.0,50.8185,750.01,0.0018337738897642453,19.0054,18.2482,672.07,629.56,-9.067303918431776,-1.3414460663175305,14.124,13.731,9.82,3.63,-0.10129215010229231,0.04954385460814592,15.5006,14.9301,58.47,55.51,-0.58596489170381,0.523710515316175,48.63,46.9093,740.3600000000001,688.6999999999999,-9.754560960237878,-0.7681916963932096,14.758601690329309,2.4449992530289533e-06
2024-03-31,PIOC,PK0056201012,Pioneer Cement Limited,132.07,0.9169733720976276,102216957,13499793510.99,102216957,13499793510.99,,0.5519388954171562,27.0,0.021863169359088122,,1.041577087095214,1,0.12460371499758627,2024-09-30,19.6878,680.3,0.0,14.7888,8.75,0.0018337738897642453,16.3419,60.96,0.0,50.8185,750.01,0.0018337738897642453,19.0054,18.2482,672.07,629.56,-9.067303918431776,-1.3414460663175305,14.124,13.731,9.82,3.63,-0.10129215010229231,0.04954385460814592,15.5006,14.9301,58.47,55.51,-0.58596489170381,0.523710515316175,48.63,46.9093,740.3600000000001,688.6999999999999,-9.754560960237878,-0.7681916963932096,14.758601690329309,2.4449992530289533e-06
2024-03-31,POL,PK0023901017,Pakistan Oilfields Limited,432.07,3.761270640076432,129864305,56110470261.35,129864305,56110470261.35,,0.10855398193760268,15.0,0.011235204433977531,,4.565048876410934,1,0.8037782363345021,2024-09-30,19.6878,680.3,0.0,14.7888,8.75,0.0018337738897642453,16.3419,60.96,0.0,50.8185,750.01,0.0018337738897642453,19.0054,18.2482,672.07,629.56,-9.067303918431776,-1.3414460663175305,14.124,13.731,9.82,3.63,-0.10129215010229231,0.04954385460814592,15.5006,14.9301,58.47,55.51,-0.58596489170381,0.523710515316175,48.63,46.9093,740.3600000000001,688.6999999999999,-9.754560960237878,-0.7681916963932096,14.758601690329309,2.4449992530289533e-06
2024-03-31,PPL,PK0081801018,Pakistan Petroleum Limited.,106.15,4.753222356264295,668001530,70908362409.5,668001530,70908362409.5,,0.4331038207101392,9.0,0.033198379468150345,,4.01332509433141,1,-0.7398972619328843,2024-09-30,19.6878,680.3,0.0,14.7888,8.75,0.0018337738897642453,16.3419,60.96,0.0,50.8185,750.01,0.0018337738897642453,19.0054,18.2482,672.07,629.56,-9.067303918431776,-1.3414460663175305,14.124,13.731,9.82,3.63,-0.10129215010229231,0.04954385460814592,15.5006,14.9301,58.47,55.51,-0.58596489170381,0.523710515316175,48.63,46.9093,740.3600000000001,688.6999999999999,-9.754560960237878,-0.7681916963932096,14.758601690329309,2.4449992530289533e-06
2024-03-31,PRL,PK0004701014,Pakistan Refinery Limited,27.11,0.4127214795712363,227110325,6156960910.75,227110325,6156960910.75,,0.9091549295774648,34.0,0.12094074214074065,,0.2997645166362856,1,-0.11295696293495067,2024-09-30,19.6878,680.3,0.0,14.7888,8.75,0.0018337738897642453,16.3419,60.96,0.0,50.8185,750.01,0.0018337738897642453,19.0054,18.2482,672.07,629.56,-9.067303918431776,-1.3414460663175305,14.124,13.731,9.82,3.63,-0.10129215010229231,0.04954385460814592,15.5006,14.9301,58.47,55.51,-0.58596489170381,0.523710515316175,48.63,46.9093,740.3600000000001,688.6999999999999,-9.754560960237878,-0.7681916963932096,14.758601690329309,2.4449992530289533e-06
2024-03-31,PSO,PK0022501016,Pakistan State Oil Co Ltd.,172.54,2.443452387541472,211262985,36451315431.9,211262985,36451315431.9,,0.40573570148280913,18.0,0.025875750242549546,,2.554935064433049,1,0.11148267689157709,2024-09-30,19.6878,680.3,0.0,14.7888,8.75,0.0018337738897642453,16.3419,60.96,0.0,50.8185,750.01,0.0018337738897642453,19.0054,18.2482,672.07,629.56,-9.067303918431776,-1.3414460663175305,14.124,13.731,9.82,3.63,-0.10129215010229231,0.04954385460814592,15.5006,14.9301,58.47,55.51,-0.58596489170381,0.523710515316175,48.63,46.9093,740.3600000000001,688.6999999999999,-9.754560960237878,-0.7681916963932096,14.758601690329309,2.4449992530289533e-06
2024-03-31,SEARL,PK0061701014,The Searle Company Ltd.,52.3,0.7172874959894739,204597770,10700463371.0,204597770,10700463371.0,,-0.5004298404814214,30.0,0.06444033762823925,447974.3076923077,0.8190584832556147,1,0.10177098726614076,2024-09-30,19.6878,680.3,0.0,14.7888,8.75,0.0018337738897642453,16.3419,60.96,0.0,50.8185,750.01,0.0018337738897642453,19.0054,18.2482,672.07,629.56,-9.067303918431776,-1.3414460663175305,14.124,13.731,9.82,3.63,-0.10129215010229231,0.04954385460814592,15.5006,14.9301,58.47,55.51,-0.58596489170381,0.523710515316175,48.63,46.9093,740.3600000000001,688.6999999999999,-9.754560960237878,-0.7681916963932096,14.758601690329309,2.4449992530289533e-06
2024-03-31,SHEL,PK0016701010,Shell Pakistan Limited,149.88,0.5375739216724573,53506166,8019504160.08,53506166,8019504160.08,,,32.0,,,0.4379377392025969,1,-0.09963618246986045,2024-09-30,19.6878,680.3,0.0,14.7888,8.75,0.0018337738897642453,16.3419,60.96,0.0,50.8185,750.01,0.0018337738897642453,19.0054,18.2482,672.07,629.56,-9.067303918431776,-1.3414460663175305,14.124,13.731,9.82,3.63,-0.10129215010229231,0.04954385460814592,15.5006,14.9301,58.47,55.51,-0.58596489170381,0.523710515316175,48.63,46.9093,740.3600000000001,688.6999999999999,-9.754560960237878,-0.7681916963932096,14.758601690329309,2.4449992530289533e-06
2024-03-31,SNGP,PK0008901016,Sui Northern Gas Pipelines Limited,62.52,1.196078841271977,285397499,17843051637.48,285397499,17843051637.48,,0.330779054916986,21.0,0.025692860606784346,,1.022992614926086,1,-0.173086226345891,2024-09-30,19.6878,680.3,0.0,14.7888,8.75,0.0018337738897642453,16.3419,60.96,0.0,50.8185,750.01,0.0018337738897642453,19.0054,18.2482,672.07,629.56,-9.067303918431776,-1.3414460663175305,14.124,13.731,9.82,3.63,-0.10129215010229231,0.04954385460814592,15.5006,14.9301,58.47,55.51,-0.58596489170381,0.523710515316175,48.63,46.9093,740.3600000000001,688.6999999999999,-9.754560960237878,-0.7681916963932096,14.758601690329309,2.4449992530289533e-06
2024-03-31,SYS,PK0109001013,Systems Limited,385.38,4.514813612881216,174767220,67351791243.6,174767220,67351791243.6,,-0.021455958154533605,11.0,0.015052693569082185,,3.989133825587738,1,-0.5256797872934782,2024-09-30,19.6878,680.3,0.0,14.7888,8.75,0.0018337738897642453,16.3419,60.96,0.0,50.8185,750.01,0.0018337738897642453,19.0054,18.2482,672.07,629.56,-9.067303918431776,-1.3414460663175305,14.124,13.731,9.82,3.63,-0.10129215010229231,0.04954385460814592,15.5006,14.9301,58.47,55.51,-0.58596489170381,0.523710515316175,48.63,46.9093,740.3600000000001,688.6999999999999,-9.754560960237878,-0.7681916963932096,14.758601690329309,2.4449992530289533e-06
2024-03-31,TPLP,PK0110601017,TPL Properties Limited,11.15,0.1677473406512947,224434750,2502447462.5,224434750,2502447462.5,,-0.10441767068273089,36.0,0.02679549007594653,,0.1155540161419942,1,-0.052193324509300504,2024-09-30,19.6878,680.3,0.0,14.7888,8.75,0.0018337738897642453,16.3419,60.96,0.0,50.8185,750.01,0.0018337738897642453,19.0054,18.2482,672.07,629.56,-9.067303918431776,-1.3414460663175305,14.124,13.731,9.82,3.63,-0.10129215010229231,0.04954385460814592,15.5006,14.9301,58.47,55.51,-0.58596489170381,0.523710515316175,48.63,46.9093,740.3600000000001,688.6999999999999,-9.754560960237878,-0.7681916963932096,14.758601690329309,2.4449992530289533e-06
2024-03-31,TRG,PK0079201015,TRG Pakistan Ltd.,69.21,1.771190464545175,381773466,26422541581.86,381773466,26422541581.86,,-0.2137014314928426,20.0,0.02865414327685778,,1.181155906375559,1,-0.590034558169616,2024-09-30,19.6878,680.3,0.0,14.7888,8.75,0.0018337738897642453,16.3419,60.96,0.0,50.8185,750.01,0.0018337738897642453,19.0054,18.2482,672.07,629.56,-9.067303918431776,-1.3414460663175305,14.124,13.731,9.82,3.63,-0.10129215010229231,0.04954385460814592,15.5006,14.9301,58.47,55.51,-0.58596489170381,0.523710515316175,48.63,46.9093,740.3600000000001,688.6999999999999,-9.754560960237878,-0.7681916963932096,14.758601690329309,2.4449992530289533e-06
2024-03-31,UBL,PK0081901016,United Bank Limited,182.28,5.983218399388625,489671875,89257389375.0,489671875,89257389375.0,,0.2693593314763232,4.0,0.013006734909949308,,8.024810592650294,1,2.0415921932616685,2024-09-30,19.6878,680.3,0.0,14.7888,8.75,0.0018337738897642453,16.3419,60.96,0.0,50.8185,750.01,0.0018337738897642453,19.0054,18.2482,672.07,629.56,-9.067303918431776,-1.3414460663175305,14.124,13.731,9.82,3.63,-0.10129215010229231,0.04954385460814592,15.5006,14.9301,58.47,55.51,-0.58596489170381,0.523710515316175,48.63,46.9093,740.3600000000001,688.6999999999999,-9.754560960237878,-0.7681916963932096,14.758601690329309,2.4449992530289533e-06
2024-09-30,ATRL,PK0024501014,Attock Refinery Limited,321.74,0.7716115650051907,42646500,13721084910.0,42646500,13721084910.0,,-0.16383387909974523,30.0,0.018899800049067557,,1.079911738468245,1,0.3083001734630544,2025-03-31,21.5119,853.95,1.988131489975558,16.3708,10.0,0.00030541252069404834,18.3933,70.0,0.0019028150789921483,56.275999999999996,933.95,1.9903397175752442,20.9038,20.7653,828.74,823.86,0.02775086703809393,7.785314691319172,15.7447,15.9489,10.0,10.0,-0.00940883285971239,0.004387091922110287,17.6178,17.8048,67.0,67.0,-0.15896017887926917,-0.14292307605715848,54.2663,54.519,905.74,900.86,-0.14061814470088763,7.646778707184124,16.59588456891037,0.0021310987928424906
2024-09-30,BAFL,PK0078701015,Bank Alfalah Limited,60.65,2.420643085904871,709724304,43044779037.6,709724304,43044779037.6,,0.1581057857552033,18.0,0.01740931689432221,,2.092456070286244,1,-0.32818701561862706,2025-03-31,21.5119,853.95,1.988131489975558,16.3708,10.0,0.00030541252069404834,18.3933,70.0,0.0019028150789921483,56.275999999999996,933.95,1.9903397175752442,20.9038,20.7653,828.74,823.86,0.02775086703809393,7.785314691319172,15.7447,15.9489,10.0,10.0,-0.00940883285971239,0.004387091922110287,17.6178,17.8048,67.0,67.0,-0.15896017887926917,-0.14292307605715848,54.2663,54.519,905.74,900.86,-0.14061814470088763,7.646778707184124,16.59588456891037,0.0021310987928424906
2024-09-30,BAHL,PK0051601018,Bank Al-Habib Ltd.,98.7,4.318230225673883,777997791,76788381971.7,777997791,76788381971.7,,0.16103987766145145,12.0,0.015872784890272214,,4.32965926321747,1,0.011429037543587484,2025-03-31,21.5119,853.95,1.988131489975558,16.3708,10.0,0.00030541252069404834,18.3933,70.0,0.0019028150789921483,56.275999999999996,933.95,1.9903397175752442,20.9038,20.7653,828.74,823.86,0.02775086703809393,7.785314691319172,15.7447,15.9489,10.0,10.0,-0.00940883285971239,0.004387091922110287,17.6178,17.8048,67.0,67.0,-0.15896017887926917,-0.14292307605715848,54.2663,54.519,905.74,900.86,-0.14061814470088763,7.646778707184124,16.59588456891037,0.0021310987928424906
2024-09-30,CHCC,PK0029801013,Cherat Cement Company Limited,172.54,1.172835205503274,116577023,20114199548.42,116577023,20114199548.42,,0.13431069620669245,23.0,0.015365523634280136,,0.0,0,-1.172835205503274,2025-03-31,21.5119,853.95,1.988131489975558,16.3708,10.0,0.00030541252069404834,18.3933,70.0,0.0019028150789921483,56.275999999999996,933.95,1.9903397175752442,20.9038,20.7653,828.74,823.86,0.02775086703809393,7.785314691319172,15.7447,15.9489,10.0,10.0,-0.00940883285971239,0.004387091922110287,17.6178,17.8048,67.0,67.0,-0.15896017887926917,-0.14292307605715848,54.2663,54.519,905.74,900.86,-0.14061814470088763,7.646778707184124,16.59588456891037,0.0021310987928424906
2024-09-30,COLG,PK0028001011,Colgate-Palmolive (Pakistan) Limited,1231.61,1.743445251702602,24277327,29900198706.47,24277327,29900198706.47,,-0.08942975224942151,19.0,0.017416167323083268,,0.0,0,-1.743445251702602,2025-03-31,21.5119,853.95,1.988131489975558,16.3708,10.0,0.00030541252069404834,18.3933,70.0,0.0019028150789921483,56.275999999999996,933.95,1.9903397175752442,20.9038,20.7653,828.74,823.86,0.02775086703809393,7.785314691319172,15.7447,15.9489,10.0,10.0,-0.00940883285971239,0.004387091922110287,17.6178,17.8048,67.0,67.0,-0.15896017887926917,-0.14292307605715848,54.2663,54.519,905.74,900.86,-0.14061814470088763,7.646778707184124,16.59588456891037,0.0021310987928424906
2024-09-30,DGKC,PK0052401012,D. G. Khan Cement Co. Ltd.,73.5,0.9054403083987812,219059559,16100877586.5,219059559,16100877586.5,,0.12920571516361945,27.0,0.01807033060766159,,1.043737653720491,1,0.13829734532170979,2025-03-31,21.5119,853.95,1.988131489975558,16.3708,10.0,0.00030541252069404834,18.3933,70.0,0.0019028150789921483,56.275999999999996,933.95,1.9903397175752442,20.9038,20.7653,828.74,823.86,0.02775086703809393,7.785314691319172,15.7447,15.9489,10.0,10.0,-0.00940883285971239,0.004387091922110287,17.6178,17.8048,67.0,67.0,-0.15896017887926917,-0.14292307605715848,54.2663,54.519,905.74,900.86,-0.14061814470088763,7.646778707184124,16.59588456891037,0.0021310987928424906
2024-09-30,EFERT,PK0099701010,Engro Fertilizers Limited,190.26,6.42908145916385,600884719,114324326636.94,600884719,114324326636.94,,0.2967557251908397,4.0,0.014590181908582136,,4.879431421249392,1,-1.549650037914458,2025-03-31,21.5119,853.95,1.988131489975558,16.3708,10.0,0.00030541252069404834,18.3933,70.0,0.0019028150789921483,56.275999999999996,933.95,1.9903397175752442,20.9038,20.7653,828.74,823.86,0.02775086703809393,7.785314691319172,15.7447,15.9489,10.0,10.0,-0.00940883285971239,0.004387091922110287,17.6178,17.8048,67.0,67.0,-0.15896017887926917,-0.14292307605715848,54.2663,54.519,905.74,900.86,-0.14061814470088763,7.646778707184124,16.59588456891037,0.0021310987928424906
2024-09-30,ENGRO,PK0012101017,Engro Corporation Limited.,303.72,4.582745730611839,268313234,81492095430.48,268313234,81492095430.48,,-0.15464261857047412,9.0,0.013419160174604403,,0.0,0,-4.582745730611839,2025-03-31,21.5119,853.95,1.988131489975558,16.3708,10.0,0.00030541252069404834,18.3933,70.0,0.0019028150789921483,56.275999999999996,933.95,1.9903397175752442,20.9038,20.7653,828.74,823.86,0.02775086703809393,7.785314691319172,15.7447,15.9489,10.0,10.0,-0.00940883285971239,0.004387091922110287,17.6178,17.8048,67.0,67.0,-0.15896017887926917,-0.14292307605715848,54.2663,54.519,905.74,900.86,-0.14061814470088763,7.646778707184124,16.59588456891037,0.0021310987928424906
2024-09-30,FCCL,PK0074501013,Fauji Cement Company Limited,25.28,1.220466571429429,858496527,21702792202.56,858496527,21702792202.56,,0.41942728804042684,21.0,0.04931487643284021,,1.558628676009033,1,0.33816210457960416,2025-03-31,21.5119,853.95,1.988131489975558,16.3708,10.0,0.00030541252069404834,18.3933,70.0,0.0019028150789921483,56.275999999999996,933.95,1.9903397175752442,20.9038,20.7653,828.74,823.86,0.02775086703809393,7.785314691319172,15.7447,15.9489,10.0,10.0,-0.00940883285971239,0.004387091922110287,17.6178,17.8048,67.0,67.0,-0.15896017887926917,-0.14292307605715848,54.2663,54.519,905.74,900.86,-0.14061814470088763,7.646778707184124,16.59588456891037,0.0021310987928424906
2024-09-30,FFBL,PK0074601011,Fauji Fertilizer Bin Qasim Limited,50.12,1.27379833992642,451938500,22651157620.0,451938500,22651157620.0,,,20.0,,,0.0,0,-1.27379833992642,2025-03-31,21.5119,853.95,1.988131489975558,16.3708,10.0,0.00030541252069404834,18.3933,70.0,0.0019028150789921483,56.275999999999996,933.95,1.9903397175752442,20.9038,20.7653,828.74,823.86,0.02775086703809393,7.785314691319172,15.7447,15.9489,10.0,10.0,-0.00940883285971239,0.004387091922110287,17.6178,17.8048,67.0,67.0,-0.15896017887926917,-0.14292307605715848,54.2663,54.519,905.74,900.86,-0.14061814470088763,7.646778707184124,16.59588456891037,0.0021310987928424906
2024-09-30,FFC,PK0053401011,Fauji Fertilizer Company Limited,222.45,8.753340519994207,699731036,155655168958.2,699731036,155655168958.2,,0.761980198019802,1.0,0.02440448296548541,,12.35099091855435,1,3.597650398560143,2025-03-31,21.5119,853.95,1.988131489975558,16.3708,10.0,0.00030541252069404834,18.3933,70.0,0.0019028150789921483,56.275999999999996,933.95,1.9903397175752442,20.9038,20.7653,828.74,823.86,0.02775086703809393,7.785314691319172,15.7447,15.9489,10.0,10.0,-0.00940883285971239,0.004387091922110287,17.6178,17.8048,67.0,67.0,-0.15896017887926917,-0.14292307605715848,54.2663,54.519,905.74,900.86,-0.14061814470088763,7.646778707184124,16.59588456891037,0.0021310987928424906
2024-09-30,HBL,PK0085101019,Habib Bank Limited,127.04,4.191767637716,586741003,74539577021.12,586741003,74539577021.12,,0.21662516759241535,13.0,0.02024799896213474,,3.506985102558984,1,-0.6847825351570154,2025-03-31,21.5119,853.95,1.988131489975558,16.3708,10.0,0.00030541252069404834,18.3933,70.0,0.0019028150789921483,56.275999999999996,933.95,1.9903397175752442,20.9038,20.7653,828.74,823.86,0.02775086703809393,7.785314691319172,15.7447,15.9489,10.0,10.0,-0.00940883285971239,0.004387091922110287,17.6178,17.8048,67.0,67.0,-0.15896017887926917,-0.14292307605715848,54.2663,54.519,905.74,900.86,-0.14061814470088763,7.646778707184124,16.59588456891037,0.0021310987928424906
2024-09-30,HUBC,PK0065001015,The Hub Power Company Limited,119.34,6.529038686991587,972865790,116101803378.6,972865790,116101803378.6,,-0.015914900634946716,3.0,0.019851231695929734,,5.568640424595556,1,-0.9603982623960308,2025-03-31,21.5119,853.95,1.988131489975558,16.3708,10.0,0.00030541252069404834,18.3933,70.0,0.0019028150789921483,56.275999999999996,933.95,1.9903397175752442,20.9038,20.7653,828.74,823.86,0.02775086703809393,7.785314691319172,15.7447,15.9489,10.0,10.0,-0.00940883285971239,0.004387091922110287,17.6178,17.8048,67.0,67.0,-0.15896017887926917,-0.14292307605715848,54.2663,54.519,905.74,900.86,-0.14061814470088763,7.646778707184124,16.59588456891037,0.0021310987928424906
2024-09-30,LUCK,PK0071501016,Lucky Cement Limited.,884.04,4.369895659278439,87900000,77707116000.0,87900000,77707116000.0,,0.15563805589688617,11.0,0.012502519150061248,,5.146206004421981,1,0.7763103451435427,2025-03-31,21.5119,853.95,1.988131489975558,16.3708,10.0,0.00030541252069404834,18.3933,70.0,0.0019028150789921483,56.275999999999996,933.95,1.9903397175752442,20.9038,20.7653,828.74,823.86,0.02775086703809393,7.785314691319172,15.7447,15.9489,10.0,10.0,-0.00940883285971239,0.004387091922110287,17.6178,17.8048,67.0,67.0,-0.15896017887926917,-0.14292307605715848,54.2663,54.519,905.74,900.86,-0.14061814470088763,7.646778707184124,16.59588456891037,0.0021310987928424906
2024-09-30,MARI,PK0066301018,Mari Petroleum Company Ltd.,425.54,5.746284698250801,240124500,102182579730.0,240124500,102182579730.0,,-0.8322657952928469,5.0,0.1150563710678417,,6.426680415843073,1,0.6803957175922717,2025-03-31,21.5119,853.95,1.988131489975558,16.3708,10.0,0.00030541252069404834,18.3933,70.0,0.0019028150789921483,56.275999999999996,933.95,1.9903397175752442,20.9038,20.7653,828.74,823.86,0.02775086703809393,7.785314691319172,15.7447,15.9489,10.0,10.0,-0.00940883285971239,0.004387091922110287,17.6178,17.8048,67.0,67.0,-0.15896017887926917,-0.14292307605715848,54.2663,54.519,905.74,900.86,-0.14061814470088763,7.646778707184124,16.59588456891037,0.0021310987928424906
2024-09-30,MCB,PK0055601014,MCB Bank Limited,240.4,5.607291392679433,414771002,99710948880.8,414771002,99710948880.8,,0.18272163731181745,7.0,0.016729949203588137,,4.553878696152194,1,-1.0534126965272392,2025-03-31,21.5119,853.95,1.988131489975558,16.3708,10.0,0.00030541252069404834,18.3933,70.0,0.0019028150789921483,56.275999999999996,933.95,1.9903397175752442,20.9038,20.7653,828.74,823.86,0.02775086703809393,7.785314691319172,15.7447,15.9489,10.0,10.0,-0.00940883285971239,0.004387091922110287,17.6178,17.8048,67.0,67.0,-0.15896017887926917,-0.14292307605715848,54.2663,54.519,905.74,900.86,-0.14061814470088763,7.646778707184124,16.59588456891037,0.0021310987928424906
2024-09-30,MEBL,PK0077401013,Meezan Bank Limited,228.15,5.745498775984105,447813299,102168604166.85,447813299,102168604166.85,,0.06801797584495839,6.0,0.012844123203632651,,4.342441441589552,1,-1.4030573343945534,2025-03-31,21.5119,853.95,1.988131489975558,16.3708,10.0,0.00030541252069404834,18.3933,70.0,0.0019028150789921483,56.275999999999996,933.95,1.9903397175752442,20.9038,20.7653,828.74,823.86,0.02775086703809393,7.785314691319172,15.7447,15.9489,10.0,10.0,-0.00940883285971239,0.004387091922110287,17.6178,17.8048,67.0,67.0,-0.15896017887926917,-0.14292307605715848,54.2663,54.519,905.74,900.86,-0.14061814470088763,7.646778707184124,16.59588456891037,0.0021310987928424906
2024-09-30,MLCF,PK0066201010,Maple Leaf Cement Factory Ltd.,32.44,0.8599706397999908,471403174,15292318964.56,471403174,15292318964.56,,-0.08825182686902755,28.0,0.017481282149540017,,1.100191543801128,1,0.24022090400113727,2025-03-31,21.5119,853.95,1.988131489975558,16.3708,10.0,0.00030541252069404834,18.3933,70.0,0.0019028150789921483,56.275999999999996,933.95,1.9903397175752442,20.9038,20.7653,828.74,823.86,0.02775086703809393,7.785314691319172,15.7447,15.9489,10.0,10.0,-0.00940883285971239,0.004387091922110287,17.6178,17.8048,67.0,67.0,-0.15896017887926917,-0.14292307605715848,54.2663,54.519,905.74,900.86,-0.14061814470088763,7.646778707184124,16.59588456891037,0.0021310987928424906
2024-09-30,MTL,PK0009801017,Millat Tractors Limited,553.81,2.687993264040364,86309203,47798899713.43,86309203,47798899713.43,,-0.05357509057351839,16.0,0.02154865449231258,,2.019573970188793,1,-0.6684192938515707,2025-03-31,21.5119,853.95,1.988131489975558,16.3708,10.0,0.00030541252069404834,18.3933,70.0,0.0019028150789921483,56.275999999999996,933.95,1.9903397175752442,20.9038,20.7653,828.74,823.86,0.02775086703809393,7.785314691319172,15.7447,15.9489,10.0,10.0,-0.00940883285971239,0.004387091922110287,17.6178,17.8048,67.0,67.0,-0.15896017887926917,-0.14292307605715848,54.2663,54.519,905.74,900.86,-0.14061814470088763,7.646778707184124,16.59588456891037,0.0021310987928424906
2024-09-30,NRL,PK0008201011,National Refinary Ltd.,205.96,0.3042701966982426,26270374,5410646229.04,26270374,5410646229.04,,-0.23120567375886514,33.0,0.025161887332304785,,0.2508060502566143,1,-0.053464146441628335,2025-03-31,21.5119,853.95,1.988131489975558,16.3708,10.0,0.00030541252069404834,18.3933,70.0,0.0019028150789921483,56.275999999999996,933.95,1.9903397175752442,20.9038,20.7653,828.74,823.86,0.02775086703809393,7.785314691319172,15.7447,15.9489,10.0,10.0,-0.00940883285971239,0.004387091922110287,17.6178,17.8048,67.0,67.0,-0.15896017887926917,-0.14292307605715848,54.2663,54.519,905.74,900.86,-0.14061814470088763,7.646778707184124,16.59588456891037,0.0021310987928424906
2024-09-30,OGDC,PK0080201012,Oil & Gas Development Company Limited,143.43,5.20359810111349,645139260,92532324061.8,645139260,92532324061.8,,0.1790382244143034,8.0,0.016579205977306943,,5.873519195892467,1,0.6699210947789762,2025-03-31,21.5119,853.95,1.988131489975558,16.3708,10.0,0.00030541252069404834,18.3933,70.0,0.0019028150789921483,56.275999999999996,933.95,1.9903397175752442,20.9038,20.7653,828.74,823.86,0.02775086703809393,7.785314691319172,15.7447,15.9489,10.0,10.0,-0.00940883285971239,0.004387091922110287,17.6178,17.8048,67.0,67.0,-0.15896017887926917,-0.14292307605715848,54.2663,54.519,905.74,900.86,-0.14061814470088763,7.646778707184124,16.59588456891037,0.0021310987928424906
2024-09-30,PAEL,PK0034601010,Pak Elektron Limited,25.06,0.603172148018832,428006078,10725832314.68,428006078,10725832314.68,,1.7150595882990247,31.0,0.22736779346683172,,0.803346176860186,1,0.20017402884135393,2025-03-31,21.5119,853.95,1.988131489975558,16.3708,10.0,0.00030541252069404834,18.3933,70.0,0.0019028150789921483,56.275999999999996,933.95,1.9903397175752442,20.9038,20.7653,828.74,823.86,0.02775086703809393,7.785314691319172,15.7447,15.9489,10.0,10.0,-0.00940883285971239,0.004387091922110287,17.6178,17.8048,67.0,67.0,-0.15896017887926917,-0.14292307605715848,54.2663,54.519,905.74,900.86,-0.14061814470088763,7.646778707184124,16.59588456891037,0.0021310987928424906
2024-09-30,PIOC,PK0056201012,Pioneer Cement Limited,181.2,1.041577087095214,102216957,18521712608.4,102216957,18521712608.4,,0.37199969713030967,25.0,0.04047164219041595,,0.8507261770826223,1,-0.19085091001259158,2025-03-31,21.5119,853.95,1.988131489975558,16.3708,10.0,0.00030541252069404834,18.3933,70.0,0.0019028150789921483,56.275999999999996,933.95,1.9903397175752442,20.9038,20.7653,828.74,823.86,0.02775086703809393,7.785314691319172,15.7447,15.9489,10.0,10.0,-0.00940883285971239,0.004387091922110287,17.6178,17.8048,67.0,67.0,-0.15896017887926917,-0.14292307605715848,54.2663,54.519,905.74,900.86,-0.14061814470088763,7.646778707184124,16.59588456891037,0.0021310987928424906
2024-09-30,POL,PK0023901017,Pakistan Oilfields Limited,624.93,4.565048876410934,129898394,81177403362.42,129898394,81177403362.42,,0.4463628578702523,10.0,0.01339842157881925,,2.880073576146853,1,-1.6849753002640808,2025-03-31,21.5119,853.95,1.988131489975558,16.3708,10.0,0.00030541252069404834,18.3933,70.0,0.0019028150789921483,56.275999999999996,933.95,1.9903397175752442,20.9038,20.7653,828.74,823.86,0.02775086703809393,7.785314691319172,15.7447,15.9489,10.0,10.0,-0.00940883285971239,0.004387091922110287,17.6178,17.8048,67.0,67.0,-0.15896017887926917,-0.14292307605715848,54.2663,54.519,905.74,900.86,-0.14061814470088763,7.646778707184124,16.59588456891037,0.0021310987928424906
2024-09-30,PPL,PK0081801018,Pakistan Petroleum Limited.,106.82,4.01332509433141,668100029,71366445097.78,668100029,71366445097.78,,0.006311822892133723,14.0,0.01311807926227435,,5.005580341811792,1,0.9922552474803821,2025-03-31,21.5119,853.95,1.988131489975558,16.3708,10.0,0.00030541252069404834,18.3933,70.0,0.0019028150789921483,56.275999999999996,933.95,1.9903397175752442,20.9038,20.7653,828.74,823.86,0.02775086703809393,7.785314691319172,15.7447,15.9489,10.0,10.0,-0.00940883285971239,0.004387091922110287,17.6178,17.8048,67.0,67.0,-0.15896017887926917,-0.14292307605715848,54.2663,54.519,905.74,900.86,-0.14061814470088763,7.646778707184124,16.59588456891037,0.0021310987928424906
2024-09-30,PRL,PK0004701014,Pakistan Refinery Limited,23.46,0.2997645166362856,227217585,5330524544.1,227217585,5330524544.1,,-0.13463666543710806,34.0,0.02384459592286305,,0.3130233387420239,1,0.01325882210573831,2025-03-31,21.5119,853.95,1.988131489975558,16.3708,10.0,0.00030541252069404834,18.3933,70.0,0.0019028150789921483,56.275999999999996,933.95,1.9903397175752442,20.9038,20.7653,828.74,823.86,0.02775086703809393,7.785314691319172,15.7447,15.9489,10.0,10.0,-0.00940883285971239,0.004387091922110287,17.6178,17.8048,67.0,67.0,-0.15896017887926917,-0.14292307605715848,54.2663,54.519,905.74,900.86,-0.14061814470088763,7.646778707184124,16.59588456891037,0.0021310987928424906
2024-09-30,PSO,PK0022501016,Pakistan State Oil Co Ltd.,161.29,2.554935064433049,281683980,45432809134.2,281683980,45432809134.2,,-0.06520227193694217,17.0,0.013617114246659213,,3.477366047651773,1,0.9224309832187241,2025-03-31,21.5119,853.95,1.988131489975558,16.3708,10.0,0.00030541252069404834,18.3933,70.0,0.0019028150789921483,56.275999999999996,933.95,1.9903397175752442,20.9038,20.7653,828.74,823.86,0.02775086703809393,7.785314691319172,15.7447,15.9489,10.0,10.0,-0.00940883285971239,0.004387091922110287,17.6178,17.8048,67.0,67.0,-0.15896017887926917,-0.14292307605715848,54.2663,54.519,905.74,900.86,-0.14061814470088763,7.646778707184124,16.59588456891037,0.0021310987928424906
2024-09-30,SAZEW,PK0075801016,Sazgar Engineering Works Limited,962.59,1.145214837993618,21156087,20364637785.33,21156087,20364637785.33,,,24.0,,,0.8910259219223984,1,-0.25418891607121963,2025-03-31,21.5119,853.95,1.988131489975558,16.3708,10.0,0.00030541252069404834,18.3933,70.0,0.0019028150789921483,56.275999999999996,933.95,1.9903397175752442,20.9038,20.7653,828.74,823.86,0.02775086703809393,7.785314691319172,15.7447,15.9489,10.0,10.0,-0.00940883285971239,0.004387091922110287,17.6178,17.8048,67.0,67.0,-0.15896017887926917,-0.14292307605715848,54.2663,54.519,905.74,900.86,-0.14061814470088763,7.646778707184124,16.59588456891037,0.0021310987928424906
2024-09-30,SEARL,PK0061701014,The Searle Company Ltd.,56.95,0.8190584832556147,255747212,14564803723.4,255747212,14564803723.4,,0.08891013384321234,29.0,0.01892825625299976,,0.988062781377094,1,0.16900429812147932,2025-03-31,21.5119,853.95,1.988131489975558,16.3708,10.0,0.00030541252069404834,18.3933,70.0,0.0019028150789921483,56.275999999999996,933.95,1.9903397175752442,20.9038,20.7653,828.74,823.86,0.02775086703809393,7.785314691319172,15.7447,15.9489,10.0,10.0,-0.00940883285971239,0.004387091922110287,17.6178,17.8048,67.0,67.0,-0.15896017887926917,-0.14292307605715848,54.2663,54.519,905.74,900.86,-0.14061814470088763,7.646778707184124,16.59588456891037,0.0021310987928424906
2024-09-30,SHEL,PK0016701010,Shell Pakistan Limited,140.37,0.4379377392025969,53506166,7510660521.42,53506166,7510660521.42,,-0.06345076060848676,32.0,0.017389847910870726,,0.0,0,-0.4379377392025969,2025-03-31,21.5119,853.95,1.988131489975558,16.3708,10.0,0.00030541252069404834,18.3933,70.0,0.0019028150789921483,56.275999999999996,933.95,1.9903397175752442,20.9038,20.7653,828.74,823.86,0.02775086703809393,7.785314691319172,15.7447,15.9489,10.0,10.0,-0.00940883285971239,0.004387091922110287,17.6178,17.8048,67.0,67.0,-0.15896017887926917,-0.14292307605715848,54.2663,54.519,905.74,900.86,-0.14061814470088763,7.646778707184124,16.59588456891037,0.0021310987928424906
2024-09-30,SNGP,PK0008901016,Sui Northern Gas Pipelines Limited,63.74,1.022992614926086,285397499,18191236586.26,285397499,18191236586.26,,0.01951375559820856,26.0,0.02027654806196803,,1.212848790223211,1,0.18985617529712506,2025-03-31,21.5119,853.95,1.988131489975558,16.3708,10.0,0.00030541252069404834,18.3933,70.0,0.0019028150789921483,56.275999999999996,933.95,1.9903397175752442,20.9038,20.7653,828.74,823.86,0.02775086703809393,7.785314691319172,15.7447,15.9489,10.0,10.0,-0.00940883285971239,0.004387091922110287,17.6178,17.8048,67.0,67.0,-0.15896017887926917,-0.14292307605715848,54.2663,54.519,905.74,900.86,-0.14061814470088763,7.646778707184124,16.59588456891037,0.0021310987928424906
2024-09-30,SYS,PK0109001013,Systems Limited,405.89,3.989133825587738,174767220,70936266925.8,174767220,70936266925.8,,0.053220198245887085,15.0,0.013344493383624572,,3.738416246963584,1,-0.2507175786241538,2025-03-31,21.5119,853.95,1.988131489975558,16.3708,10.0,0.00030541252069404834,18.3933,70.0,0.0019028150789921483,56.275999999999996,933.95,1.9903397175752442,20.9038,20.7653,828.74,823.86,0.02775086703809393,7.785314691319172,15.7447,15.9489,10.0,10.0,-0.00940883285971239,0.004387091922110287,17.6178,17.8048,67.0,67.0,-0.15896017887926917,-0.14292307605715848,54.2663,54.519,905.74,900.86,-0.14061814470088763,7.646778707184124,16.59588456891037,0.0021310987928424906
2024-09-30,TPLP,PK0110601017,TPL Properties Limited,8.83,0.1155540161419942,224434750,1981758842.5,224434750,1981758842.5,,-0.20807174887892377,35.0,0.030360733911533155,,0.0,0,-0.1155540161419942,2025-03-31,21.5119,853.95,1.988131489975558,16.3708,10.0,0.00030541252069404834,18.3933,70.0,0.0019028150789921483,56.275999999999996,933.95,1.9903397175752442,20.9038,20.7653,828.74,823.86,0.02775086703809393,7.785314691319172,15.7447,15.9489,10.0,10.0,-0.00940883285971239,0.004387091922110287,17.6178,17.8048,67.0,67.0,-0.15896017887926917,-0.14292307605715848,54.2663,54.519,905.74,900.86,-0.14061814470088763,7.646778707184124,16.59588456891037,0.0021310987928424906
2024-09-30,TRG,PK0079201015,TRG Pakistan Ltd.,53.06,1.181155906375559,381773466,20256900105.96,381773466,20256900105.96,,-0.23334778211241136,22.0,0.02348986713683837,,0.0,0,-1.181155906375559,2025-03-31,21.5119,853.95,1.988131489975558,16.3708,10.0,0.00030541252069404834,18.3933,70.0,0.0019028150789921483,56.275999999999996,933.95,1.9903397175752442,20.9038,20.7653,828.74,823.86,0.02775086703809393,7.785314691319172,15.7447,15.9489,10.0,10.0,-0.00940883285971239,0.004387091922110287,17.6178,17.8048,67.0,67.0,-0.15896017887926917,-0.14292307605715848,54.2663,54.519,905.74,900.86,-0.14061814470088763,7.646778707184124,16.59588456891037,0.0021310987928424906
2024-09-30,UBL,PK0081901016,United Bank Limited,291.42,8.024810592650294,489671875,142700177812.5,489671875,142700177812.5,,0.5987491770901909,2.0,0.015359294265286145,,7.870879859706269,1,-0.15393073294402448,2025-03-31,21.5119,853.95,1.988131489975558,16.3708,10.0,0.00030541252069404834,18.3933,70.0,0.0019028150789921483,56.275999999999996,933.95,1.9903397175752442,20.9038,20.7653,828.74,823.86,0.02775086703809393,7.785314691319172,15.7447,15.9489,10.0,10.0,-0.00940883285971239,0.004387091922110287,17.6178,17.8048,67.0,67.0,-0.15896017887926917,-0.14292307605715848,54.2663,54.519,905.74,900.86,-0.14061814470088763,7.646778707184124,16.59588456891037,0.0021310987928424906
2025-03-31,AIRLINK,PK0122801019,Air Link Communication Limited,173.68,0.8056689455147195,118580769,20595107959.92,118580769,20595107959.92,,,28.0,0.021296310254261035,,0.5549006790035048,1,-0.25076826651121464,2025-09-30,30.693,1224.49,0.1595582630222907,23.6341,23.0,0.00048657476749980333,29.4923,109.0,0.0,83.8194,1356.49,0.1600448377897905,29.5671,29.7369,1179.66,1149.26,5.563310106640756,-10.432077001906919,22.3514,22.3421,18.0,18.0,-0.007895584917825715,-0.2441580358479527,25.3713,25.1516,103.0,102.0,0.0,-2.040132368685704,77.2898,77.2306,1300.66,1269.26,5.5554145217229305,-12.716367406440575,16.183484968873554,0.00011798453198312594
2025-03-31,ATRL,PK0024501014,Attock Refinery Limited,647.31,1.079911738468245,42646500,27605505915.0,42646500,27605505915.0,,1.0119040218810218,23.0,0.025943449245836015,,0.8277504928869831,1,-0.25216124558126196,2025-09-30,30.693,1224.49,0.1595582630222907,23.6341,23.0,0.00048657476749980333,29.4923,109.0,0.0,83.8194,1356.49,0.1600448377897905,29.5671,29.7369,1179.66,1149.26,5.563310106640756,-10.432077001906919,22.3514,22.3421,18.0,18.0,-0.007895584917825715,-0.2441580358479527,25.3713,25.1516,103.0,102.0,0.0,-2.040132368685704,77.2898,77.2306,1300.66,1269.26,5.5554145217229305,-12.716367406440575,16.183484968873554,0.00011798453198312594
2025-03-31,BAFL,PK0078701015,Bank Alfalah Limited,75.62,2.092456070286244,709724304,53669351868.48,709724304,53669351868.48,,0.2468260511129432,17.0,0.020339505673448253,,0.0,0,-2.092456070286244,2025-09-30,30.693,1224.49,0.1595582630222907,23.6341,23.0,0.00048657476749980333,29.4923,109.0,0.0,83.8194,1356.49,0.1600448377897905,29.5671,29.7369,1179.66,1149.26,5.563310106640756,-10.432077001906919,22.3514,22.3421,18.0,18.0,-0.007895584917825715,-0.2441580358479527,25.3713,25.1516,103.0,102.0,0.0,-2.040132368685704,77.2898,77.2306,1300.66,1269.26,5.5554145217229305,-12.716367406440575,16.183484968873554,0.00011798453198312594
2025-03-31,BAHL,PK0051601018,Bank Al-Habib Ltd.,142.26,4.32965926321747,777997791,110677965747.66,777997791,110677965747.66,,0.441337386018237,12.0,0.01738899837924682,,4.428141411070677,1,0.09848214785320675,2025-09-30,30.693,1224.49,0.1595582630222907,23.6341,23.0,0.00048657476749980333,29.4923,109.0,0.0,83.8194,1356.49,0.1600448377897905,29.5671,29.7369,1179.66,1149.26,5.563310106640756,-10.432077001906919,22.3514,22.3421,18.0,18.0,-0.007895584917825715,-0.2441580358479527,25.3713,25.1516,103.0,102.0,0.0,-2.040132368685704,77.2898,77.2306,1300.66,1269.26,5.5554145217229305,-12.716367406440575,16.183484968873554,0.00011798453198312594
2025-03-31,DFML,PK0077301015,Dewan Farooque Motors Limited,44.6,0.0968220333289043,55494097,2475036726.2,55494097,2475036726.2,,,35.0,,,0.0593043617835117,1,-0.037517671545392595,2025-09-30,30.693,1224.49,0.1595582630222907,23.6341,23.0,0.00048657476749980333,29.4923,109.0,0.0,83.8194,1356.49,0.1600448377897905,29.5671,29.7369,1179.66,1149.26,5.563310106640756,-10.432077001906919,22.3514,22.3421,18.0,18.0,-0.007895584917825715,-0.2441580358479527,25.3713,25.1516,103.0,102.0,0.0,-2.040132368685704,77.2898,77.2306,1300.66,1269.26,5.5554145217229305,-12.716367406440575,16.183484968873554,0.00011798453198312594
2025-03-31,DGKC,PK0052401012,D. G. Khan Cement Co. Ltd.,135.33,1.043737653720491,197153603,26680797093.99,197153603,26680797093.99,,0.8412244897959185,24.0,0.025603493761191264,,1.623508265908988,1,0.5797706121884969,2025-09-30,30.693,1224.49,0.1595582630222907,23.6341,23.0,0.00048657476749980333,29.4923,109.0,0.0,83.8194,1356.49,0.1600448377897905,29.5671,29.7369,1179.66,1149.26,5.563310106640756,-10.432077001906919,22.3514,22.3421,18.0,18.0,-0.007895584917825715,-0.2441580358479527,25.3713,25.1516,103.0,102.0,0.0,-2.040132368685704,77.2898,77.2306,1300.66,1269.26,5.5554145217229305,-12.716367406440575,16.183484968873554,0.00011798453198312594
2025-03-31,EFERT,PK0099701010,Engro Fertilizers Limited,207.58,4.879431421249392,600884719,124731649970.02,600884719,124731649970.02,,0.09103332282140242,9.0,0.018597792238949744,,3.71956956565874,1,-1.159861855590652,2025-09-30,30.693,1224.49,0.1595582630222907,23.6341,23.0,0.00048657476749980333,29.4923,109.0,0.0,83.8194,1356.49,0.1600448377897905,29.5671,29.7369,1179.66,1149.26,5.563310106640756,-10.432077001906919,22.3514,22.3421,18.0,18.0,-0.007895584917825715,-0.2441580358479527,25.3713,25.1516,103.0,102.0,0.0,-2.040132368685704,77.2898,77.2306,1300.66,1269.26,5.5554145217229305,-12.716367406440575,16.183484968873554,0.00011798453198312594
2025-03-31,ENGROH,PK0017501013,Engro Holdings Limited,188.87,7.117962239992571,963385595,181954637327.65,963385595,181954637327.65,,,3.0,0.02935275529165297,,6.976075533627285,1,-0.14188670636528578,2025-09-30,30.693,1224.49,0.1595582630222907,23.6341,23.0,0.00048657476749980333,29.4923,109.0,0.0,83.8194,1356.49,0.1600448377897905,29.5671,29.7369,1179.66,1149.26,5.563310106640756,-10.432077001906919,22.3514,22.3421,18.0,18.0,-0.007895584917825715,-0.2441580358479527,25.3713,25.1516,103.0,102.0,0.0,-2.040132368685704,77.2898,77.2306,1300.66,1269.26,5.5554145217229305,-12.716367406440575,16.183484968873554,0.00011798453198312594
2025-03-31,FCCL,PK0074501013,Fauji Cement Company Limited,46.41,1.558628676009033,858496527,39842823818.07,858496527,39842823818.07,,0.8358386075949364,19.0,0.029808095840527057,,1.463521894649291,1,-0.09510678135974215,2025-09-30,30.693,1224.49,0.1595582630222907,23.6341,23.0,0.00048657476749980333,29.4923,109.0,0.0,83.8194,1356.49,0.1600448377897905,29.5671,29.7369,1179.66,1149.26,5.563310106640756,-10.432077001906919,22.3514,22.3421,18.0,18.0,-0.007895584917825715,-0.2441580358479527,25.3713,25.1516,103.0,102.0,0.0,-2.040132368685704,77.2898,77.2306,1300.66,1269.26,5.5554145217229305,-12.716367406440575,16.183484968873554,0.00011798453198312594
2025-03-31,FFC,PK0053401011,Fauji Fertilizer Company Limited,369.76,12.35099091855435,853865218,315725203007.68,853865218,315725203007.68,,0.662216228365925,1.0,0.013055566990228718,,11.03558146411631,1,-1.31540945443804,2025-09-30,30.693,1224.49,0.1595582630222907,23.6341,23.0,0.00048657476749980333,29.4923,109.0,0.0,83.8194,1356.49,0.1600448377897905,29.5671,29.7369,1179.66,1149.26,5.563310106640756,-10.432077001906919,22.3514,22.3421,18.0,18.0,-0.007895584917825715,-0.2441580358479527,25.3713,25.1516,103.0,102.0,0.0,-2.040132368685704,77.2898,77.2306,1300.66,1269.26,5.5554145217229305,-12.716367406440575,16.183484968873554,0.00011798453198312594
2025-03-31,GAL,PK0059701018,Ghandhara Automobiles Limited,485.71,0.4332349559526147,22801000,11074673710.0,22801000,11074673710.0,,,31.0,,,0.3762399831138503,1,-0.05699497283876437,2025-09-30,30.693,1224.49,0.1595582630222907,23.6341,23.0,0.00048657476749980333,29.4923,109.0,0.0,83.8194,1356.49,0.1600448377897905,29.5671,29.7369,1179.66,1149.26,5.563310106640756,-10.432077001906919,22.3514,22.3421,18.0,18.0,-0.007895584917825715,-0.2441580358479527,25.3713,25.1516,103.0,102.0,0.0,-2.040132368685704,77.2898,77.2306,1300.66,1269.26,5.5554145217229305,-12.716367406440575,16.183484968873554,0.00011798453198312594
2025-03-31,GHNI,PK0007101014,Ghandhara Industries Limited,764.27,0.4458688665377193,14913095,11397631115.65,14913095,11397631115.65,,2.2069066800939914,30.0,0.25117253092922637,514266.6666666667,0.3455917202253461,1,-0.10027714631237317,2025-09-30,30.693,1224.49,0.1595582630222907,23.6341,23.0,0.00048657476749980333,29.4923,109.0,0.0,83.8194,1356.49,0.1600448377897905,29.5671,29.7369,1179.66,1149.26,5.563310106640756,-10.432077001906919,22.3514,22.3421,18.0,18.0,-0.007895584917825715,-0.2441580358479527,25.3713,25.1516,103.0,102.0,0.0,-2.040132368685704,77.2898,77.2306,1300.66,1269.26,5.5554145217229305,-12.716367406440575,16.183484968873554,0.00011798453198312594
2025-03-31,HBL,PK0085101019,Habib Bank Limited,152.79,3.506985102558984,586741003,89648157848.37,586741003,89648157848.37,,0.20269206549118368,14.0,0.017269588856907034,,4.787421475383986,1,1.2804363728250014,2025-09-30,30.693,1224.49,0.1595582630222907,23.6341,23.0,0.00048657476749980333,29.4923,109.0,0.0,83.8194,1356.49,0.1600448377897905,29.5671,29.7369,1179.66,1149.26,5.563310106640756,-10.432077001906919,22.3514,22.3421,18.0,18.0,-0.007895584917825715,-0.2441580358479527,25.3713,25.1516,103.0,102.0,0.0,-2.040132368685704,77.2898,77.2306,1300.66,1269.26,5.5554145217229305,-12.716367406440575,16.183484968873554,0.00011798453198312594
2025-03-31,HUBC,PK0065001015,The Hub Power Company Limited,146.32,5.568640424595556,972865790,142349722392.8,972865790,142349722392.8,,0.22607675548852013,6.0,0.01644121913193241,,6.067720517293782,1,0.4990800926982253,2025-09-30,30.693,1224.49,0.1595582630222907,23.6341,23.0,0.00048657476749980333,29.4923,109.0,0.0,83.8194,1356.49,0.1600448377897905,29.5671,29.7369,1179.66,1149.26,5.563310106640756,-10.432077001906919,22.3514,22.3421,18.0,18.0,-0.007895584917825715,-0.2441580358479527,25.3713,25.1516,103.0,102.0,0.0,-2.040132368685704,77.2898,77.2306,1300.66,1269.26,5.5554145217229305,-12.716367406440575,16.183484968873554,0.00011798453198312594
2025-03-31,LUCK,PK0071501016,Lucky Cement Limited.,1496.6,5.146206004421981,87900000,131551140000.0,87900000,131551140000.0,,0.6929098230849282,7.0,0.023279221290583327,,5.840371479173171,1,0.6941654747511894,2025-09-30,30.693,1224.49,0.1595582630222907,23.6341,23.0,0.00048657476749980333,29.4923,109.0,0.0,83.8194,1356.49,0.1600448377897905,29.5671,29.7369,1179.66,1149.26,5.563310106640756,-10.432077001906919,22.3514,22.3421,18.0,18.0,-0.007895584917825715,-0.2441580358479527,25.3713,25.1516,103.0,102.0,0.0,-2.040132368685704,77.2898,77.2306,1300.66,1269.26,5.5554145217229305,-12.716367406440575,16.183484968873554,0.00011798453198312594
2025-03-31,MARI,PK0066301018,Mari Petroleum Company Ltd.,684.16,6.426680415843073,240124500,164283577920.0,240124500,164283577920.0,,0.6077454528363959,4.0,0.031779748239318506,,4.968818551404383,1,-1.4578618644386898,2025-09-30,30.693,1224.49,0.1595582630222907,23.6341,23.0,0.00048657476749980333,29.4923,109.0,0.0,83.8194,1356.49,0.1600448377897905,29.5671,29.7369,1179.66,1149.26,5.563310106640756,-10.432077001906919,22.3514,22.3421,18.0,18.0,-0.007895584917825715,-0.2441580358479527,25.3713,25.1516,103.0,102.0,0.0,-2.040132368685704,77.2898,77.2306,1300.66,1269.26,5.5554145217229305,-12.716367406440575,16.183484968873554,0.00011798453198312594
2025-03-31,MCB,PK0055601014,MCB Bank Limited,280.66,4.553878696152194,414771002,116409629421.32,414771002,116409629421.32,,0.16747088186356085,10.0,0.014348717691351022,,4.134540820923164,1,-0.4193378752290293,2025-09-30,30.693,1224.49,0.1595582630222907,23.6341,23.0,0.00048657476749980333,29.4923,109.0,0.0,83.8194,1356.49,0.1600448377897905,29.5671,29.7369,1179.66,1149.26,5.563310106640756,-10.432077001906919,22.3514,22.3421,18.0,18.0,-0.007895584917825715,-0.2441580358479527,25.3713,25.1516,103.0,102.0,0.0,-2.040132368685704,77.2898,77.2306,1300.66,1269.26,5.5554145217229305,-12.716367406440575,16.183484968873554,0.00011798453198312594
2025-03-31,MEBL,PK0077401013,Meezan Bank Limited,247.4,4.342441441589552,448685179,111004713284.6,448685179,111004713284.6,,0.08437431514354587,11.0,0.013673756378636444,,5.46239754535204,1,1.1199561037624886,2025-09-30,30.693,1224.49,0.1595582630222907,23.6341,23.0,0.00048657476749980333,29.4923,109.0,0.0,83.8194,1356.49,0.1600448377897905,29.5671,29.7369,1179.66,1149.26,5.563310106640756,-10.432077001906919,22.3514,22.3421,18.0,18.0,-0.007895584917825715,-0.2441580358479527,25.3713,25.1516,103.0,102.0,0.0,-2.040132368685704,77.2898,77.2306,1300.66,1269.26,5.5554145217229305,-12.716367406440575,16.183484968873554,0.00011798453198312594
2025-03-31,MLCF,PK0066201010,Maple Leaf Cement Factory Ltd.,59.66,1.100191543801128,471403174,28123913360.84,471403174,28123913360.84,,0.8390875462392109,22.0,0.028566442429863684,,1.442838403296474,1,0.342646859495346,2025-09-30,30.693,1224.49,0.1595582630222907,23.6341,23.0,0.00048657476749980333,29.4923,109.0,0.0,83.8194,1356.49,0.1600448377897905,29.5671,29.7369,1179.66,1149.26,5.563310106640756,-10.432077001906919,22.3514,22.3421,18.0,18.0,-0.007895584917825715,-0.2441580358479527,25.3713,25.1516,103.0,102.0,0.0,-2.040132368685704,77.2898,77.2306,1300.66,1269.26,5.5554145217229305,-12.716367406440575,16.183484968873554,0.00011798453198312594
2025-03-31,MTL,PK0009801017,Millat Tractors Limited,598.15,2.019573970188793,86309203,51625849774.45,86309203,51625849774.45,,0.080063559704592,18.0,0.026027994802374034,,1.558827766384494,1,-0.4607462038042991,2025-09-30,30.693,1224.49,0.1595582630222907,23.6341,23.0,0.00048657476749980333,29.4923,109.0,0.0,83.8194,1356.49,0.1600448377897905,29.5671,29.7369,1179.66,1149.26,5.563310106640756,-10.432077001906919,22.3514,22.3421,18.0,18.0,-0.007895584917825715,-0.2441580358479527,25.3713,25.1516,103.0,102.0,0.0,-2.040132368685704,77.2898,77.2306,1300.66,1269.26,5.5554145217229305,-12.716367406440575,16.183484968873554,0.00011798453198312594
2025-03-31,NBP,PK0078001010,National Bank Of Pakistan.,76.29,1.520226711825323,509387394,38861164288.26,509387394,38861164288.26,,1.2664884135472376,20.0,0.15202762183367172,1763675.9259259258,2.907465840179836,1,1.3872391283545131,2025-09-30,30.693,1224.49,0.1595582630222907,23.6341,23.0,0.00048657476749980333,29.4923,109.0,0.0,83.8194,1356.49,0.1600448377897905,29.5671,29.7369,1179.66,1149.26,5.563310106640756,-10.432077001906919,22.3514,22.3421,18.0,18.0,-0.007895584917825715,-0.2441580358479527,25.3713,25.1516,103.0,102.0,0.0,-2.040132368685704,77.2898,77.2306,1300.66,1269.26,5.5554145217229305,-12.716367406440575,16.183484968873554,0.00011798453198312594
2025-03-31,NETSOL,PK0084201018,NetSol Technologies Limited,137.52,0.1449888281454919,26951077,3706312109.04,26951077,3706312109.04,,0.6580660718591755,34.0,0.08716711230531302,,0.1228697780850841,1,-0.022119050060407805,2025-09-30,30.693,1224.49,0.1595582630222907,23.6341,23.0,0.00048657476749980333,29.4923,109.0,0.0,83.8194,1356.49,0.1600448377897905,29.5671,29.7369,1179.66,1149.26,5.563310106640756,-10.432077001906919,22.3514,22.3421,18.0,18.0,-0.007895584917825715,-0.2441580358479527,25.3713,25.1516,103.0,102.0,0.0,-2.040132368685704,77.2898,77.2306,1300.66,1269.26,5.5554145217229305,-12.716367406440575,16.183484968873554,0.00011798453198312594
2025-03-31,NRL,PK0008201011,National Refinary Ltd.,244.79,0.2508060502566143,26279333,6432917925.07,26279333,6432917925.07,,0.18853175373859,33.0,0.03274212266842223,,0.0,0,-0.2508060502566143,2025-09-30,30.693,1224.49,0.1595582630222907,23.6341,23.0,0.00048657476749980333,29.4923,109.0,0.0,83.8194,1356.49,0.1600448377897905,29.5671,29.7369,1179.66,1149.26,5.563310106640756,-10.432077001906919,22.3514,22.3421,18.0,18.0,-0.007895584917825715,-0.2441580358479527,25.3713,25.1516,103.0,102.0,0.0,-2.040132368685704,77.2898,77.2306,1300.66,1269.26,5.5554145217229305,-12.716367406440575,16.183484968873554,0.00011798453198312594
2025-03-31,OGDC,PK0080201012,Oil & Gas Development Company Limited,232.73,5.873519195892467,645139260,150143259979.8,645139260,150143259979.8,,0.6226033605242973,5.0,0.019988112178177926,,4.994231962850264,1,-0.879287233042203,2025-09-30,30.693,1224.49,0.1595582630222907,23.6341,23.0,0.00048657476749980333,29.4923,109.0,0.0,83.8194,1356.49,0.1600448377897905,29.5671,29.7369,1179.66,1149.26,5.563310106640756,-10.432077001906919,22.3514,22.3421,18.0,18.0,-0.007895584917825715,-0.2441580358479527,25.3713,25.1516,103.0,102.0,0.0,-2.040132368685704,77.2898,77.2306,1300.66,1269.26,5.5554145217229305,-12.716367406440575,16.183484968873554,0.00011798453198312594
2025-03-31,PAEL,PK0034601010,Pak Elektron Limited,47.98,0.803346176860186,428006078,20535731622.44,428006078,20535731622.44,,0.9146049481245011,29.0,0.029016958127129965,,0.8040346117898908,1,0.0006884349297048287,2025-09-30,30.693,1224.49,0.1595582630222907,23.6341,23.0,0.00048657476749980333,29.4923,109.0,0.0,83.8194,1356.49,0.1600448377897905,29.5671,29.7369,1179.66,1149.26,5.563310106640756,-10.432077001906919,22.3514,22.3421,18.0,18.0,-0.007895584917825715,-0.2441580358479527,25.3713,25.1516,103.0,102.0,0.0,-2.040132368685704,77.2898,77.2306,1300.66,1269.26,5.5554145217229305,-12.716367406440575,16.183484968873554,0.00011798453198312594
2025-03-31,PIOC,PK0056201012,Pioneer Cement Limited,213.47,0.8507261770826223,102216957,21820253810.79,102216957,21820253810.79,,0.17809050772626933,27.0,0.033381675433358904,,0.0,0,-0.8507261770826223,2025-09-30,30.693,1224.49,0.1595582630222907,23.6341,23.0,0.00048657476749980333,29.4923,109.0,0.0,83.8194,1356.49,0.1600448377897905,29.5671,29.7369,1179.66,1149.26,5.563310106640756,-10.432077001906919,22.3514,22.3421,18.0,18.0,-0.007895584917825715,-0.2441580358479527,25.3713,25.1516,103.0,102.0,0.0,-2.040132368685704,77.2898,77.2306,1300.66,1269.26,5.5554145217229305,-12.716367406440575,16.183484968873554,0.00011798453198312594
2025-03-31,POL,PK0023901017,Pakistan Oilfields Limited,566.65,2.880073576146853,129926021,73622579799.65,129926021,73622579799.65,,-0.09325844494583391,16.0,0.012380642818958891,,2.683669980866758,1,-0.1964035952800951,2025-09-30,30.693,1224.49,0.1595582630222907,23.6341,23.0,0.00048657476749980333,29.4923,109.0,0.0,83.8194,1356.49,0.1600448377897905,29.5671,29.7369,1179.66,1149.26,5.563310106640756,-10.432077001906919,22.3514,22.3421,18.0,18.0,-0.007895584917825715,-0.2441580358479527,25.3713,25.1516,103.0,102.0,0.0,-2.040132368685704,77.2898,77.2306,1300.66,1269.26,5.5554145217229305,-12.716367406440575,16.183484968873554,0.00011798453198312594
2025-03-31,PPL,PK0081801018,Pakistan Petroleum Limited.,191.48,5.005580341811792,668249229,127956362368.92,668249229,127956362368.92,,0.7925482119453287,8.0,0.022649995607312824,,3.879051037968339,1,-1.1265293038434532,2025-09-30,30.693,1224.49,0.1595582630222907,23.6341,23.0,0.00048657476749980333,29.4923,109.0,0.0,83.8194,1356.49,0.1600448377897905,29.5671,29.7369,1179.66,1149.26,5.563310106640756,-10.432077001906919,22.3514,22.3421,18.0,18.0,-0.007895584917825715,-0.2441580358479527,25.3713,25.1516,103.0,102.0,0.0,-2.040132368685704,77.2898,77.2306,1300.66,1269.26,5.5554145217229305,-12.716367406440575,16.183484968873554,0.00011798453198312594
2025-03-31,PRL,PK0004701014,Pakistan Refinery Limited,35.33,0.3130233387420239,227249577,8028727555.41,227249577,8028727555.41,,0.5059676044330774,32.0,0.037576382406273576,,0.2344862456653073,1,-0.07853709307671664,2025-09-30,30.693,1224.49,0.1595582630222907,23.6341,23.0,0.00048657476749980333,29.4923,109.0,0.0,83.8194,1356.49,0.1600448377897905,29.5671,29.7369,1179.66,1149.26,5.563310106640756,-10.432077001906919,22.3514,22.3421,18.0,18.0,-0.007895584917825715,-0.2441580358479527,25.3713,25.1516,103.0,102.0,0.0,-2.040132368685704,77.2898,77.2306,1300.66,1269.26,5.5554145217229305,-12.716367406440575,16.183484968873554,0.00011798453198312594
2025-03-31,PSO,PK0022501016,Pakistan State Oil Co Ltd.,420.76,3.477366047651773,211262985,88891013568.6,211262985,88891013568.6,,1.6087172174344349,15.0,0.027387943916951374,,3.096790091680112,1,-0.3805759559716613,2025-09-30,30.693,1224.49,0.1595582630222907,23.6341,23.0,0.00048657476749980333,29.4923,109.0,0.0,83.8194,1356.49,0.1600448377897905,29.5671,29.7369,1179.66,1149.26,5.563310106640756,-10.432077001906919,22.3514,22.3421,18.0,18.0,-0.007895584917825715,-0.2441580358479527,25.3713,25.1516,103.0,102.0,0.0,-2.040132368685704,77.2898,77.2306,1300.66,1269.26,5.5554145217229305,-12.716367406440575,16.183484968873554,0.00011798453198312594
2025-03-31,SAZEW,PK0075801016,Sazgar Engineering Works Limited,1076.62,0.8910259219223984,21156087,22777066385.94,21156087,22777066385.94,,0.11846165033918887,26.0,0.020321617261101915,,1.068346324755076,1,0.17732040283267758,2025-09-30,30.693,1224.49,0.1595582630222907,23.6341,23.0,0.00048657476749980333,29.4923,109.0,0.0,83.8194,1356.49,0.1600448377897905,29.5671,29.7369,1179.66,1149.26,5.563310106640756,-10.432077001906919,22.3514,22.3421,18.0,18.0,-0.007895584917825715,-0.2441580358479527,25.3713,25.1516,103.0,102.0,0.0,-2.040132368685704,77.2898,77.2306,1300.66,1269.26,5.5554145217229305,-12.716367406440575,16.183484968873554,0.00011798453198312594
2025-03-31,SEARL,PK0061701014,The Searle Company Ltd.,98.76,0.988062781377094,255747212,25257594657.12,255747212,25257594657.12,,0.7341527655838456,25.0,0.03135942217905461,,0.83569155770704,1,-0.15237122367005407,2025-09-30,30.693,1224.49,0.1595582630222907,23.6341,23.0,0.00048657476749980333,29.4923,109.0,0.0,83.8194,1356.49,0.1600448377897905,29.5671,29.7369,1179.66,1149.26,5.563310106640756,-10.432077001906919,22.3514,22.3421,18.0,18.0,-0.007895584917825715,-0.2441580358479527,25.3713,25.1516,103.0,102.0,0.0,-2.040132368685704,77.2898,77.2306,1300.66,1269.26,5.5554145217229305,-12.716367406440575,16.183484968873554,0.00011798453198312594
2025-03-31,SNGP,PK0008901016,Sui Northern Gas Pipelines Limited,109.0,1.212848790223211,285397499,31108327391.0,285397499,31108327391.0,,0.7100721681832445,21.0,0.030896478542379025,,1.10113085859138,1,-0.11171793163183108,2025-09-30,30.693,1224.49,0.1595582630222907,23.6341,23.0,0.00048657476749980333,29.4923,109.0,0.0,83.8194,1356.49,0.1600448377897905,29.5671,29.7369,1179.66,1149.26,5.563310106640756,-10.432077001906919,22.3514,22.3421,18.0,18.0,-0.007895584917825715,-0.2441580358479527,25.3713,25.1516,103.0,102.0,0.0,-2.040132368685704,77.2898,77.2306,1300.66,1269.26,5.5554145217229305,-12.716367406440575,16.183484968873554,0.00011798453198312594
2025-03-31,SYS,PK0109001013,Systems Limited,545.87,3.738416246963584,175067640,95564172646.8,175067640,95564172646.8,,0.3448717632856193,13.0,0.018844249060865577,,4.028440276522285,1,0.29002402955870066,2025-09-30,30.693,1224.49,0.1595582630222907,23.6341,23.0,0.00048657476749980333,29.4923,109.0,0.0,83.8194,1356.49,0.1600448377897905,29.5671,29.7369,1179.66,1149.26,5.563310106640756,-10.432077001906919,22.3514,22.3421,18.0,18.0,-0.007895584917825715,-0.2441580358479527,25.3713,25.1516,103.0,102.0,0.0,-2.040132368685704,77.2898,77.2306,1300.66,1269.26,5.5554145217229305,-12.716367406440575,16.183484968873554,0.00011798453198312594
2025-03-31,UBL,PK0081901016,United Bank Limited,410.89,7.870879859706269,489671875,201201276718.75,489671875,201201276718.75,,0.4099581360236084,2.0,0.01618050541336865,,9.448767360365244,1,1.5778875006589743,2025-09-30,30.693,1224.49,0.1595582630222907,23.6341,23.0,0.00048657476749980333,29.4923,109.0,0.0,83.8194,1356.49,0.1600448377897905,29.5671,29.7369,1179.66,1149.26,5.563310106640756,-10.432077001906919,22.3514,22.3421,18.0,18.0,-0.007895584917825715,-0.2441580358479527,25.3713,25.1516,103.0,102.0,0.0,-2.040132368685704,77.2898,77.2306,1300.66,1269.26,5.5554145217229305,-12.716367406440575,16.183484968873554,0.00011798453198312594
2025-09-30,AIRLINK,PK0122801019,Air Link Communication Limited,154.53,0.5549006790035048,118580769,18324286233.57,118580769,18324286233.57,,-0.11026024873330265,28.0,0.027639501314407205,,0.4800867207759004,1,-0.0748139582276044,2026-03-31,40.1877,1798.48,-17.542178570082342,29.469,43.0,-0.5503460885464335,34.4681,162.0,-1.6541997731515607,104.1248,2003.48,-19.746724431780336,36.1719,34.0187,1601.86,1454.63,0.04428342764867921,-9.84966939825199,26.0141,24.1584,45.0,34.0,0.0006919218128373927,-0.21157066100212063,31.2926,29.3996,143.08,130.09,0.0,-0.415047208601635,93.4786,87.5767,1789.9399999999998,1618.72,0.0449753494615166,-10.476287267855746,19.24114139955131,-0.0098562124063032
2025-09-30,ATRL,PK0024501014,Attock Refinery Limited,695.09,0.8277504928869831,42646500,29643155685.0,42646500,29643155685.0,,0.07381316525312465,26.0,0.013154826904545003,,1.049278419880494,1,0.22152792699351098,2026-03-31,40.1877,1798.48,-17.542178570082342,29.469,43.0,-0.5503460885464335,34.4681,162.0,-1.6541997731515607,104.1248,2003.48,-19.746724431780336,36.1719,34.0187,1601.86,1454.63,0.04428342764867921,-9.84966939825199,26.0141,24.1584,45.0,34.0,0.0006919218128373927,-0.21157066100212063,31.2926,29.3996,143.08,130.09,0.0,-0.415047208601635,93.4786,87.5767,1789.9399999999998,1618.72,0.0449753494615166,-10.476287267855746,19.24114139955131,-0.0098562124063032
2025-09-30,BAHL,PK0051601018,Bank Al-Habib Ltd.,203.83,4.428141411070677,777997791,158579289739.53,777997791,158579289739.53,,0.43279910023899926,10.0,0.022434028480431703,,3.607875976656556,1,-0.8202654344141211,2026-03-31,40.1877,1798.48,-17.542178570082342,29.469,43.0,-0.5503460885464335,34.4681,162.0,-1.6541997731515607,104.1248,2003.48,-19.746724431780336,36.1719,34.0187,1601.86,1454.63,0.04428342764867921,-9.84966939825199,26.0141,24.1584,45.0,34.0,0.0006919218128373927,-0.21157066100212063,31.2926,29.3996,143.08,130.09,0.0,-0.415047208601635,93.4786,87.5767,1789.9399999999998,1618.72,0.0449753494615166,-10.476287267855746,19.24114139955131,-0.0098562124063032
2025-09-30,BOP,PK0045001010,Bank Of Punjab.,27.15,1.047596416791751,1381812628,37516212850.2,1381812628,37516212850.2,,2.0369127516778525,24.0,0.1377498169300126,6532617.647058823,1.115855883792492,1,0.06825946700074081,2026-03-31,40.1877,1798.48,-17.542178570082342,29.469,43.0,-0.5503460885464335,34.4681,162.0,-1.6541997731515607,104.1248,2003.48,-19.746724431780336,36.1719,34.0187,1601.86,1454.63,0.04428342764867921,-9.84966939825199,26.0141,24.1584,45.0,34.0,0.0006919218128373927,-0.21157066100212063,31.2926,29.3996,143.08,130.09,0.0,-0.415047208601635,93.4786,87.5767,1789.9399999999998,1618.72,0.0449753494615166,-10.476287267855746,19.24114139955131,-0.0098562124063032
2025-09-30,DFML,PK0077301015,Dewan Farooque Motors Limited,35.29,0.0593043617835117,55494097,1958386683.13,55494097,1958386683.13,,-0.2087443946188341,34.0,0.024628922710347924,,0.0,0,-0.0593043617835117,2026-03-31,40.1877,1798.48,-17.542178570082342,29.469,43.0,-0.5503460885464335,34.4681,162.0,-1.6541997731515607,104.1248,2003.48,-19.746724431780336,36.1719,34.0187,1601.86,1454.63,0.04428342764867921,-9.84966939825199,26.0141,24.1584,45.0,34.0,0.0006919218128373927,-0.21157066100212063,31.2926,29.3996,143.08,130.09,0.0,-0.415047208601635,93.4786,87.5767,1789.9399999999998,1618.72,0.0449753494615166,-10.476287267855746,19.24114139955131,-0.0098562124063032
2025-09-30,DGKC,PK0052401012,D. G. Khan Cement Co. Ltd.,265.41,1.623508265908988,219059559,58140597554.19,219059559,58140597554.19,,0.9612059410330305,18.0,0.023769303302296964,,1.085076013923707,1,-0.5384322519852809,2026-03-31,40.1877,1798.48,-17.542178570082342,29.469,43.0,-0.5503460885464335,34.4681,162.0,-1.6541997731515607,104.1248,2003.48,-19.746724431780336,36.1719,34.0187,1601.86,1454.63,0.04428342764867921,-9.84966939825199,26.0141,24.1584,45.0,34.0,0.0006919218128373927,-0.21157066100212063,31.2926,29.3996,143.08,130.09,0.0,-0.415047208601635,93.4786,87.5767,1789.9399999999998,1618.72,0.0449753494615166,-10.476287267855746,19.24114139955131,-0.0098562124063032
2025-09-30,EFERT,PK0099701010,Engro Fertilizers Limited,221.68,3.71956956565874,600884719,133204124507.92,600884719,133204124507.92,,0.06792561903844296,14.0,0.017757575249222335,,3.731909324120613,1,0.01233975846187274,2026-03-31,40.1877,1798.48,-17.542178570082342,29.469,43.0,-0.5503460885464335,34.4681,162.0,-1.6541997731515607,104.1248,2003.48,-19.746724431780336,36.1719,34.0187,1601.86,1454.63,0.04428342764867921,-9.84966939825199,26.0141,24.1584,45.0,34.0,0.0006919218128373927,-0.21157066100212063,31.2926,29.3996,143.08,130.09,0.0,-0.415047208601635,93.4786,87.5767,1789.9399999999998,1618.72,0.0449753494615166,-10.476287267855746,19.24114139955131,-0.0098562124063032
2025-09-30,ENGROH,PK0017501013,Engro Holdings Limited,259.32,6.976075533627285,963385595,249825152495.4,963385595,249825152495.4,,0.37300788902419657,3.0,0.020565882636063373,,8.327600123595802,1,1.351524589968517,2026-03-31,40.1877,1798.48,-17.542178570082342,29.469,43.0,-0.5503460885464335,34.4681,162.0,-1.6541997731515607,104.1248,2003.48,-19.746724431780336,36.1719,34.0187,1601.86,1454.63,0.04428342764867921,-9.84966939825199,26.0141,24.1584,45.0,34.0,0.0006919218128373927,-0.21157066100212063,31.2926,29.3996,143.08,130.09,0.0,-0.415047208601635,93.4786,87.5767,1789.9399999999998,1618.72,0.0449753494615166,-10.476287267855746,19.24114139955131,-0.0098562124063032
2025-09-30,FCCL,PK0074501013,Fauji Cement Company Limited,61.05,1.463521894649291,858496527,52411212973.35,858496527,52411212973.35,,0.3154492566257272,20.0,0.021851282075410983,,1.099614851035699,1,-0.36390704361359205,2026-03-31,40.1877,1798.48,-17.542178570082342,29.469,43.0,-0.5503460885464335,34.4681,162.0,-1.6541997731515607,104.1248,2003.48,-19.746724431780336,36.1719,34.0187,1601.86,1454.63,0.04428342764867921,-9.84966939825199,26.0141,24.1584,45.0,34.0,0.0006919218128373927,-0.21157066100212063,31.2926,29.3996,143.08,130.09,0.0,-0.415047208601635,93.4786,87.5767,1789.9399999999998,1618.72,0.0449753494615166,-10.476287267855746,19.24114139955131,-0.0098562124063032
2025-09-30,FFC,PK0053401011,Fauji Fertilizer Company Limited,462.84,11.03558146411631,853865218,395202977499.12,853865218,395202977499.12,,0.25173085244482896,1.0,0.014651511691634022,,13.54153811501346,1,2.505956650897149,2026-03-31,40.1877,1798.48,-17.542178570082342,29.469,43.0,-0.5503460885464335,34.4681,162.0,-1.6541997731515607,104.1248,2003.48,-19.746724431780336,36.1719,34.0187,1601.86,1454.63,0.04428342764867921,-9.84966939825199,26.0141,24.1584,45.0,34.0,0.0006919218128373927,-0.21157066100212063,31.2926,29.3996,143.08,130.09,0.0,-0.415047208601635,93.4786,87.5767,1789.9399999999998,1618.72,0.0449753494615166,-10.476287267855746,19.24114139955131,-0.0098562124063032
2025-09-30,GAL,PK0059701018,Ghandhara Automobiles Limited,590.93,0.3762399831138503,22801000,13473794930.0,22801000,13473794930.0,,0.21663132321755785,29.0,0.02751334748175085,,0.2288450398633027,1,-0.1473949432505476,2026-03-31,40.1877,1798.48,-17.542178570082342,29.469,43.0,-0.5503460885464335,34.4681,162.0,-1.6541997731515607,104.1248,2003.48,-19.746724431780336,36.1719,34.0187,1601.86,1454.63,0.04428342764867921,-9.84966939825199,26.0141,24.1584,45.0,34.0,0.0006919218128373927,-0.21157066100212063,31.2926,29.3996,143.08,130.09,0.0,-0.415047208601635,93.4786,87.5767,1789.9399999999998,1618.72,0.0449753494615166,-10.476287267855746,19.24114139955131,-0.0098562124063032
2025-09-30,GHNI,PK0007101014,Ghandhara Industries Limited,829.89,0.3455917202253461,14913095,12376228409.55,14913095,12376228409.55,,0.08585970926505038,31.0,0.021601567757771892,,0.2988088802778046,1,-0.04678283994754151,2026-03-31,40.1877,1798.48,-17.542178570082342,29.469,43.0,-0.5503460885464335,34.4681,162.0,-1.6541997731515607,104.1248,2003.48,-19.746724431780336,36.1719,34.0187,1601.86,1454.63,0.04428342764867921,-9.84966939825199,26.0141,24.1584,45.0,34.0,0.0006919218128373927,-0.21157066100212063,31.2926,29.3996,143.08,130.09,0.0,-0.415047208601635,93.4786,87.5767,1789.9399999999998,1618.72,0.0449753494615166,-10.476287267855746,19.24114139955131,-0.0098562124063032
2025-09-30,HBL,PK0085101019,Habib Bank Limited,292.2,4.787421475383986,586741003,171445721076.6,586741003,171445721076.6,,0.9124288238759082,9.0,0.026525093817977262,,4.762268079027732,1,-0.02515339635625402,2026-03-31,40.1877,1798.48,-17.542178570082342,29.469,43.0,-0.5503460885464335,34.4681,162.0,-1.6541997731515607,104.1248,2003.48,-19.746724431780336,36.1719,34.0187,1601.86,1454.63,0.04428342764867921,-9.84966939825199,26.0141,24.1584,45.0,34.0,0.0006919218128373927,-0.21157066100212063,31.2926,29.3996,143.08,130.09,0.0,-0.415047208601635,93.4786,87.5767,1789.9399999999998,1618.72,0.0449753494615166,-10.476287267855746,19.24114139955131,-0.0098562124063032
2025-09-30,HUBC,PK0065001015,The Hub Power Company Limited,239.31,6.067720517293782,908008071,217295411471.01,908008071,217295411471.01,,0.6355248769819575,4.0,0.020552980191096654,,6.240694500180466,1,0.17297398288668475,2026-03-31,40.1877,1798.48,-17.542178570082342,29.469,43.0,-0.5503460885464335,34.4681,162.0,-1.6541997731515607,104.1248,2003.48,-19.746724431780336,36.1719,34.0187,1601.86,1454.63,0.04428342764867921,-9.84966939825199,26.0141,24.1584,45.0,34.0,0.0006919218128373927,-0.21157066100212063,31.2926,29.3996,143.08,130.09,0.0,-0.415047208601635,93.4786,87.5767,1789.9399999999998,1618.72,0.0449753494615166,-10.476287267855746,19.24114139955131,-0.0098562124063032
2025-09-30,LUCK,PK0071501016,Lucky Cement Limited.,475.89,5.840371479173171,439500000,209153655000.0,439500000,209153655000.0,,-0.6820192436188695,5.0,0.014932346722174656,,5.120831627339508,1,-0.7195398518336624,2026-03-31,40.1877,1798.48,-17.542178570082342,29.469,43.0,-0.5503460885464335,34.4681,162.0,-1.6541997731515607,104.1248,2003.48,-19.746724431780336,36.1719,34.0187,1601.86,1454.63,0.04428342764867921,-9.84966939825199,26.0141,24.1584,45.0,34.0,0.0006919218128373927,-0.21157066100212063,31.2926,29.3996,143.08,130.09,0.0,-0.415047208601635,93.4786,87.5767,1789.9399999999998,1618.72,0.0449753494615166,-10.476287267855746,19.24114139955131,-0.0098562124063032
2025-09-30,MARI,PK0066301018,Mari Petroleum Company Ltd.,741.04,4.968818551404383,240124500,177941859480.0,240124500,177941859480.0,,0.08313844714686613,8.0,0.015300216236196616,,4.923645525981462,1,-0.04517302542292079,2026-03-31,40.1877,1798.48,-17.542178570082342,29.469,43.0,-0.5503460885464335,34.4681,162.0,-1.6541997731515607,104.1248,2003.48,-19.746724431780336,36.1719,34.0187,1601.86,1454.63,0.04428342764867921,-9.84966939825199,26.0141,24.1584,45.0,34.0,0.0006919218128373927,-0.21157066100212063,31.2926,29.3996,143.08,130.09,0.0,-0.415047208601635,93.4786,87.5767,1789.9399999999998,1618.72,0.0449753494615166,-10.476287267855746,19.24114139955131,-0.0098562124063032
2025-09-30,MCB,PK0055601014,MCB Bank Limited,356.98,4.134540820923164,414771002,148064952293.96,414771002,148064952293.96,,0.27193044965438595,11.0,0.012912120697595213,,4.971781180069383,1,0.837240359146219,2026-03-31,40.1877,1798.48,-17.542178570082342,29.469,43.0,-0.5503460885464335,34.4681,162.0,-1.6541997731515607,104.1248,2003.48,-19.746724431780336,36.1719,34.0187,1601.86,1454.63,0.04428342764867921,-9.84966939825199,26.0141,24.1584,45.0,34.0,0.0006919218128373927,-0.21157066100212063,31.2926,29.3996,143.08,130.09,0.0,-0.415047208601635,93.4786,87.5767,1789.9399999999998,1618.72,0.0449753494615166,-10.476287267855746,19.24114139955131,-0.0098562124063032
2025-09-30,MEBL,PK0077401013,Meezan Bank Limited,435.98,5.46239754535204,448685179,195617764340.42,448685179,195617764340.42,,0.7622473726758288,6.0,0.01594963716189572,,6.649825572931338,1,1.1874280275792977,2026-03-31,40.1877,1798.48,-17.542178570082342,29.469,43.0,-0.5503460885464335,34.4681,162.0,-1.6541997731515607,104.1248,2003.48,-19.746724431780336,36.1719,34.0187,1601.86,1454.63,0.04428342764867921,-9.84966939825199,26.0141,24.1584,45.0,34.0,0.0006919218128373927,-0.21157066100212063,31.2926,29.3996,143.08,130.09,0.0,-0.415047208601635,93.4786,87.5767,1789.9399999999998,1618.72,0.0449753494615166,-10.476287267855746,19.24114139955131,-0.0098562124063032
2025-09-30,MLCF,PK0066201010,Maple Leaf Cement Factory Ltd.,109.61,1.442838403296474,471403174,51670501902.14,471403174,51670501902.14,,0.8372443848474691,21.0,0.018094029829599772,,1.131724751433359,1,-0.311113651863115,2026-03-31,40.1877,1798.48,-17.542178570082342,29.469,43.0,-0.5503460885464335,34.4681,162.0,-1.6541997731515607,104.1248,2003.48,-19.746724431780336,36.1719,34.0187,1601.86,1454.63,0.04428342764867921,-9.84966939825199,26.0141,24.1584,45.0,34.0,0.0006919218128373927,-0.21157066100212063,31.2926,29.3996,143.08,130.09,0.0,-0.415047208601635,93.4786,87.5767,1789.9399999999998,1618.72,0.0449753494615166,-10.476287267855746,19.24114139955131,-0.0098562124063032
2025-09-30,MTL,PK0009801017,Millat Tractors Limited,573.35,1.558827766384494,89782176,51476610609.6,89782176,51476610609.6,,-0.04146117194683596,19.0,0.012538840875288393,,0.0,0,-1.558827766384494,2026-03-31,40.1877,1798.48,-17.542178570082342,29.469,43.0,-0.5503460885464335,34.4681,162.0,-1.6541997731515607,104.1248,2003.48,-19.746724431780336,36.1719,34.0187,1601.86,1454.63,0.04428342764867921,-9.84966939825199,26.0141,24.1584,45.0,34.0,0.0006919218128373927,-0.21157066100212063,31.2926,29.3996,143.08,130.09,0.0,-0.415047208601635,93.4786,87.5767,1789.9399999999998,1618.72,0.0449753494615166,-10.476287267855746,19.24114139955131,-0.0098562124063032
2025-09-30,NBP,PK0078001010,National Bank Of Pakistan.,204.3,2.907465840179836,509649076,104121306226.8,509649076,104121306226.8,,1.677939441604404,16.0,0.023580076641225085,,2.806459792032129,1,-0.10100604814770708,2026-03-31,40.1877,1798.48,-17.542178570082342,29.469,43.0,-0.5503460885464335,34.4681,162.0,-1.6541997731515607,104.1248,2003.48,-19.746724431780336,36.1719,34.0187,1601.86,1454.63,0.04428342764867921,-9.84966939825199,26.0141,24.1584,45.0,34.0,0.0006919218128373927,-0.21157066100212063,31.2926,29.3996,143.08,130.09,0.0,-0.415047208601635,93.4786,87.5767,1789.9399999999998,1618.72,0.0449753494615166,-10.476287267855746,19.24114139955131,-0.0098562124063032
2025-09-30,NETSOL,PK0084201018,NetSol Technologies Limited,150.55,0.1228697780850841,26951077,4057484642.35,26951077,4057484642.35,,0.09474985456660856,33.0,0.028291973694401486,,0.0,0,-0.1228697780850841,2026-03-31,40.1877,1798.48,-17.542178570082342,29.469,43.0,-0.5503460885464335,34.4681,162.0,-1.6541997731515607,104.1248,2003.48,-19.746724431780336,36.1719,34.0187,1601.86,1454.63,0.04428342764867921,-9.84966939825199,26.0141,24.1584,45.0,34.0,0.0006919218128373927,-0.21157066100212063,31.2926,29.3996,143.08,130.09,0.0,-0.415047208601635,93.4786,87.5767,1789.9399999999998,1618.72,0.0449753494615166,-10.476287267855746,19.24114139955131,-0.0098562124063032
2025-09-30,OGDC,PK0080201012,Oil & Gas Development Company Limited,277.23,4.994231962850264,645139260,178851957049.8,645139260,178851957049.8,,0.19120869677308483,7.0,0.017139250324181815,,5.700713331503336,1,0.7064813686530726,2026-03-31,40.1877,1798.48,-17.542178570082342,29.469,43.0,-0.5503460885464335,34.4681,162.0,-1.6541997731515607,104.1248,2003.48,-19.746724431780336,36.1719,34.0187,1601.86,1454.63,0.04428342764867921,-9.84966939825199,26.0141,24.1584,45.0,34.0,0.0006919218128373927,-0.21157066100212063,31.2926,29.3996,143.08,130.09,0.0,-0.415047208601635,93.4786,87.5767,1789.9399999999998,1618.72,0.0449753494615166,-10.476287267855746,19.24114139955131,-0.0098562124063032
2025-09-30,PAEL,PK0034601010,Pak Elektron Limited,56.68,0.8040346117898908,508007226,28793849569.68,508007226,28793849569.68,,0.18132555231346403,27.0,0.024266298038344417,,0.5506703833082298,1,-0.25336422848166096,2026-03-31,40.1877,1798.48,-17.542178570082342,29.469,43.0,-0.5503460885464335,34.4681,162.0,-1.6541997731515607,104.1248,2003.48,-19.746724431780336,36.1719,34.0187,1601.86,1454.63,0.04428342764867921,-9.84966939825199,26.0141,24.1584,45.0,34.0,0.0006919218128373927,-0.21157066100212063,31.2926,29.3996,143.08,130.09,0.0,-0.415047208601635,93.4786,87.5767,1789.9399999999998,1618.72,0.0449753494615166,-10.476287267855746,19.24114139955131,-0.0098562124063032
2025-09-30,POL,PK0023901017,Pakistan Oilfields Limited,739.63,2.683669980866758,129939017,96106795143.71,129939017,96106795143.71,,0.30526780199417636,17.0,0.00949122667145611,,2.632355561613457,1,-0.05131441925330105,2026-03-31,40.1877,1798.48,-17.542178570082342,29.469,43.0,-0.5503460885464335,34.4681,162.0,-1.6541997731515607,104.1248,2003.48,-19.746724431780336,36.1719,34.0187,1601.86,1454.63,0.04428342764867921,-9.84966939825199,26.0141,24.1584,45.0,34.0,0.0006919218128373927,-0.21157066100212063,31.2926,29.3996,143.08,130.09,0.0,-0.415047208601635,93.4786,87.5767,1789.9399999999998,1618.72,0.0449753494615166,-10.476287267855746,19.24114139955131,-0.0098562124063032
2025-09-30,PPL,PK0081801018,Pakistan Petroleum Limited.,207.58,3.879051037968339,669213931,138915427796.98,669213931,138915427796.98,,0.08408188844787978,13.0,0.017646717904299957,,4.331315879237108,1,0.45226484126876887,2026-03-31,40.1877,1798.48,-17.542178570082342,29.469,43.0,-0.5503460885464335,34.4681,162.0,-1.6541997731515607,104.1248,2003.48,-19.746724431780336,36.1719,34.0187,1601.86,1454.63,0.04428342764867921,-9.84966939825199,26.0141,24.1584,45.0,34.0,0.0006919218128373927,-0.21157066100212063,31.2926,29.3996,143.08,130.09,0.0,-0.415047208601635,93.4786,87.5767,1789.9399999999998,1618.72,0.0449753494615166,-10.476287267855746,19.24114139955131,-0.0098562124063032
2025-09-30,PRL,PK0004701014,Pakistan Refinery Limited,36.95,0.2344862456653073,227262572,8397352035.4,227262572,8397352035.4,,0.04585338239456571,32.0,0.0343459294321283,,0.2033080044808387,1,-0.031178241184468602,2026-03-31,40.1877,1798.48,-17.542178570082342,29.469,43.0,-0.5503460885464335,34.4681,162.0,-1.6541997731515607,104.1248,2003.48,-19.746724431780336,36.1719,34.0187,1601.86,1454.63,0.04428342764867921,-9.84966939825199,26.0141,24.1584,45.0,34.0,0.0006919218128373927,-0.21157066100212063,31.2926,29.3996,143.08,130.09,0.0,-0.415047208601635,93.4786,87.5767,1789.9399999999998,1618.72,0.0449753494615166,-10.476287267855746,19.24114139955131,-0.0098562124063032
2025-09-30,PSO,PK0022501016,Pakistan State Oil Co Ltd.,472.45,3.096790091680112,234736650,110901330292.5,234736650,110901330292.5,,0.12284913014545107,15.0,0.01722981064838552,,2.519133246956974,1,-0.5776568447231378,2026-03-31,40.1877,1798.48,-17.542178570082342,29.469,43.0,-0.5503460885464335,34.4681,162.0,-1.6541997731515607,104.1248,2003.48,-19.746724431780336,36.1719,34.0187,1601.86,1454.63,0.04428342764867921,-9.84966939825199,26.0141,24.1584,45.0,34.0,0.0006919218128373927,-0.21157066100212063,31.2926,29.3996,143.08,130.09,0.0,-0.415047208601635,93.4786,87.5767,1789.9399999999998,1618.72,0.0449753494615166,-10.476287267855746,19.24114139955131,-0.0098562124063032
2025-09-30,SAZEW,PK0075801016,Sazgar Engineering Works Limited,1808.43,1.068346324755076,21156087,38259302413.41,21156087,38259302413.41,,0.6797291523471607,23.0,0.02139965173065786,,1.124260031626858,1,0.0559137068717821,2026-03-31,40.1877,1798.48,-17.542178570082342,29.469,43.0,-0.5503460885464335,34.4681,162.0,-1.6541997731515607,104.1248,2003.48,-19.746724431780336,36.1719,34.0187,1601.86,1454.63,0.04428342764867921,-9.84966939825199,26.0141,24.1584,45.0,34.0,0.0006919218128373927,-0.21157066100212063,31.2926,29.3996,143.08,130.09,0.0,-0.415047208601635,93.4786,87.5767,1789.9399999999998,1618.72,0.0449753494615166,-10.476287267855746,19.24114139955131,-0.0098562124063032
2025-09-30,SEARL,PK0061701014,The Searle Company Ltd.,117.02,0.83569155770704,255747212,29927538748.24,255747212,29927538748.24,,0.18489266909680024,25.0,0.028537297912498674,,0.7782012551415917,1,-0.05749030256544829,2026-03-31,40.1877,1798.48,-17.542178570082342,29.469,43.0,-0.5503460885464335,34.4681,162.0,-1.6541997731515607,104.1248,2003.48,-19.746724431780336,36.1719,34.0187,1601.86,1454.63,0.04428342764867921,-9.84966939825199,26.0141,24.1584,45.0,34.0,0.0006919218128373927,-0.21157066100212063,31.2926,29.3996,143.08,130.09,0.0,-0.415047208601635,93.4786,87.5767,1789.9399999999998,1618.72,0.0449753494615166,-10.476287267855746,19.24114139955131,-0.0098562124063032
2025-09-30,SNGP,PK0008901016,Sui Northern Gas Pipelines Limited,138.17,1.10113085859138,285397499,39433372436.83,285397499,39433372436.83,,0.2676146788990825,22.0,0.03677885041407787,,0.8256892787106763,1,-0.2754415798807036,2026-03-31,40.1877,1798.48,-17.542178570082342,29.469,43.0,-0.5503460885464335,34.4681,162.0,-1.6541997731515607,104.1248,2003.48,-19.746724431780336,36.1719,34.0187,1601.86,1454.63,0.04428342764867921,-9.84966939825199,26.0141,24.1584,45.0,34.0,0.0006919218128373927,-0.21157066100212063,31.2926,29.3996,143.08,130.09,0.0,-0.415047208601635,93.4786,87.5767,1789.9399999999998,1618.72,0.0449753494615166,-10.476287267855746,19.24114139955131,-0.0098562124063032
2025-09-30,SSGC,PK0002801014,Sui Southern Gas Company Limited,43.0,0.3702083101822543,308320708,13257790444.0,308320708,13257790444.0,,,30.0,,,0.216422182891312,1,-0.15378612729094232,2026-03-31,40.1877,1798.48,-17.542178570082342,29.469,43.0,-0.5503460885464335,34.4681,162.0,-1.6541997731515607,104.1248,2003.48,-19.746724431780336,36.1719,34.0187,1601.86,1454.63,0.04428342764867921,-9.84966939825199,26.0141,24.1584,45.0,34.0,0.0006919218128373927,-0.21157066100212063,31.2926,29.3996,143.08,130.09,0.0,-0.415047208601635,93.4786,87.5767,1789.9399999999998,1618.72,0.0449753494615166,-10.476287267855746,19.24114139955131,-0.0098562124063032
2025-09-30,SYS,PK0109001013,Systems Limited,151.25,4.028440276522285,953820238,144265310997.5,953820238,144265310997.5,,-0.7229193764083024,12.0,0.020561790891805112,,4.005768867714641,1,-0.022671408807643623,2026-03-31,40.1877,1798.48,-17.542178570082342,29.469,43.0,-0.5503460885464335,34.4681,162.0,-1.6541997731515607,104.1248,2003.48,-19.746724431780336,36.1719,34.0187,1601.86,1454.63,0.04428342764867921,-9.84966939825199,26.0141,24.1584,45.0,34.0,0.0006919218128373927,-0.21157066100212063,31.2926,29.3996,143.08,130.09,0.0,-0.415047208601635,93.4786,87.5767,1789.9399999999998,1618.72,0.0449753494615166,-10.476287267855746,19.24114139955131,-0.0098562124063032
2025-09-30,UBL,PK0081901016,United Bank Limited,386.06,9.448767360365244,876486713,338376460420.78,876486713,338376460420.78,,-0.06042979872958698,2.0,0.015857752162115723,,9.499522063195204,1,0.05075470282996086,2026-03-31,40.1877,1798.48,-17.542178570082342,29.469,43.0,-0.5503460885464335,34.4681,162.0,-1.6541997731515607,104.1248,2003.48,-19.746724431780336,36.1719,34.0187,1601.86,1454.63,0.04428342764867921,-9.84966939825199,26.0141,24.1584,45.0,34.0,0.0006919218128373927,-0.21157066100212063,31.2926,29.3996,143.08,130.09,0.0,-0.415047208601635,93.4786,87.5767,1789.9399999999998,1618.72,0.0449753494615166,-10.476287267855746,19.24114139955131,-0.0098562124063032
